prompt	answer
багтраагаа	багтраа <voc>
дэнсээс	дэнс <abl>
тархалтыг	тархалт <acc>
дуулийг	дууль <acc>
гуалингаар	гуалин <ins>
хурдны	хурд <gen>
шийдвэрлэгчээс	шийдвэрлэгч <abl>
сархадтай	сархад <com>
харьцуулалттай	харьцуулалт <com>
хөтчийг	хөтөч <acc>
нэхэмжлэгчээр	нэхэмжлэгч <ins>
сүсгээс	сүсэг <abl>
хүдрээ	хүдэр <voc>
өмгөөллөөс	өмгөөлөл <abl>
өргөрөгтэй	өргөрөг <com>
маскаас	маск <abl>
бослогоо	бослого <voc>
шуурганаас	шуурга <abl>
хуваагдлын	хуваагдал <gen>
мэдээний	мэдээ <gen>
тэнүүлээс	тэнүүл <abl>
үнэмшлээ	үнэмшил <voc>
шимтгэлээ	шимтгэл <voc>
ховсоос	ховс <abl>
тохиролцоог	тохиролцоо <acc>
элэгдлийг	элэгдэл <acc>
хэвлэгчийн	хэвлэгч <gen>
илээчээ	илээч <voc>
махчны	махчин <gen>
алиалагчаа	алиалагч <voc>
тунадаснаас	тунадас <abl>
зүйрлэлийн	зүйрлэл <gen>
нууцаар	нууц <ins>
клиникээс	клиник <abl>
голоо	гол <voc>
элчээ	элч <voc>
харуулын	харуул <gen>
ертөнцөөр	ертөнц <ins>
дуншилтын	дуншилт <gen>
аянгаар	аянга <ins>
чавгаар	чавга <ins>
үзүүлбэрийг	үзүүлбэр <acc>
язгуураас	язгуур <abl>
эмчийг	эмч <acc>
алдагдалд	алдагдал <dat>
улиралд	улирал <dat>
мужаанаа	мужаан <voc>
багшийн	багш <gen>
карантиныг	карантин <acc>
мэдрэмжээ	мэдрэмж <voc>
дуншилтаас	дуншилт <abl>
бэлээ	бэл <voc>
нохойтой	нохой <com>
зурхайгаар	зурхай <ins>
бэлгэдлээс	бэлгэдэл <abl>
ханиадаар	ханиад <ins>
боксыг	бокс <acc>
сандлын	сандал <gen>
хэрчдэсний	хэрчдэс <gen>
хэмжээгээр	хэмжээ <ins>
ойлголтоо	ойлголт <voc>
гарагт	гараг <dat>
мануухайг	мануухай <acc>
өвөө	өв <voc>
тоншуулаас	тоншуул <abl>
сүнсэнд	сүнс <dat>
тооцооны	тооцоо <gen>
илд	ил <dat>
тайрдсаа	тайрдас <voc>
үзлэгтэй	үзлэг <com>
хязгаарлалаа	хязгаарлал <voc>
авьяастанд	авьяастан <dat>
актад	акт <dat>
эрдэнэсийн	эрдэнэс <gen>
сүүнд	сүү <dat>
мэтгэлцээнийг	мэтгэлцээн <acc>
ёзоорын	ёзоор <gen>
хуулиар	хууль <ins>
сууриар	суурь <ins>
нягтаршилтай	нягтаршил <com>
хорвоод	хорвоо <dat>
дуудлагаар	дуудлага <ins>
сейфээс	сейф <abl>
нидрүүлэгтэй	нидрүүлэг <com>
түвшнээр	түвшин <ins>
гялтгануураа	гялтгануур <voc>
тээвэрт	тээвэр <dat>
нэвтрүүлэгчийн	нэвтрүүлэгч <gen>
заналхийлэлд	заналхийлэл <dat>
зоодойн	зоодой <gen>
жатгаар	жатга <ins>
эдэлгээг	эдэлгээ <acc>
хянагчаас	хянагч <abl>
глюкозоо	глюкоз <voc>
мөөгөнд	мөөг <dat>
борлуулалтад	борлуулалт <dat>
ичээний	ичээ <gen>
нээлттэй	нээлт <com>
микробиологио	микробиологи <voc>
соронзоо	соронз <voc>
ихсийг	ихэс <acc>
редактораа	редактор <voc>
горхио	горхи <voc>
оношинд	онош <dat>
шүүмжлэлд	шүүмжлэл <dat>
киноноос	кино <abl>
нүүрстөрөгчтэй	нүүрстөрөгч <com>
сануулгыг	сануулга <acc>
оролдлоготой	оролдлого <com>
булдруутай	булдруу <com>
сүрийг	сүр <acc>
молекултай	молекул <com>
саатлыг	саатал <acc>
зардлаа	зардал <voc>
тогтворыг	тогтвор <acc>
квадратаар	квадрат <ins>
ажиллагаагаар	ажиллагаа <ins>
оноотой	оноо <com>
үнээр	үнэ <ins>
ухагдахууныг	ухагдахуун <acc>
залгаврын	залгавар <gen>
огторгуйтай	огторгуй <com>
ногттой	ногт <com>
далайчнаас	далайчин <abl>
эрлийг	эрэл <acc>
усталтай	устал <com>
цэрдийг	цэрд <acc>
шумуулд	шумуул <dat>
намраар	намар <ins>
агшилтыг	агшилт <acc>
цулбуурын	цулбуур <gen>
хэмжээний	хэмжээ <gen>
явцаар	явц <ins>
зүлгүүртэй	зүлгүүр <com>
ангаахайнаас	ангаахай <abl>
зард	зар <dat>
жуулчныг	жуулчин <acc>
үзүүлбэрээр	үзүүлбэр <ins>
хүдрийг	хүдэр <acc>
цусаа	цус <voc>
яндангаас	яндан <abl>
мөгөөрсийг	мөгөөрс <acc>
ёроолоо	ёроол <voc>
өвлийн	өвөл <gen>
ижилслийн	ижилсэл <gen>
горимд	горим <dat>
гуугаар	гуу <ins>
хоцрогдлоор	хоцрогдол <ins>
жадны	жад <gen>
гамшгаа	гамшиг <voc>
луйврын	луйвар <gen>
ширгээс	ширэг <abl>
интернэтийг	интернет <acc>
заналхийллээс	заналхийлэл <abl>
хараалтай	хараал <com>
айлчлалыг	айлчлал <acc>
номлолтой	номлол <com>
бөмбөгөнд	бөмбөг <dat>
багшийг	багш <acc>
бөөлжсөөр	бөөлжис <ins>
хулуунаас	хулуу <abl>
нидрүүлгээс	нидрүүлэг <abl>
гялтгануураас	гялтгануур <abl>
хуурайг	хуурай <acc>
тороор	тор <ins>
туслагчаа	туслагч <voc>
хадаасыг	хадаас <acc>
уулчнаар	уулчин <ins>
дүнзээ	дүнз <voc>
шрифттэй	шрифт <com>
баатрыг	баатар <acc>
төсөөллөөр	төсөөлөл <ins>
ашиглалтаа	ашиглалт <voc>
алтаа	алт <voc>
цамхгийг	цамхаг <acc>
тооноос	тоо <abl>
гэргийд	гэргий <dat>
жатгатай	жатга <com>
тонуулаас	тонуул <abl>
няцаалтад	няцаалт <dat>
үндэсний	үндэс <gen>
эзлэгчээр	эзлэгч <ins>
тусгалыг	тусгал <acc>
дахилттай	дахилт <com>
цахлайгаар	цахлай <ins>
бэсрэгээ	бэсрэг <voc>
жаданд	жад <dat>
чангалуураас	чангалуур <abl>
зохиогчоор	зохиогч <ins>
талийгчаас	талийгч <abl>
ололтыг	ололт <acc>
ноогдолтой	ноогдол <com>
богцны	богц <gen>
төмрийг	төмөр <acc>
хандивын	хандив <gen>
хавсралтад	хавсралт <dat>
найдлагын	найдлага <gen>
банзлыг	банзал <acc>
тамхинаас	тамхи <abl>
тулгуурт	тулгуур <dat>
таглаагаа	таглаа <voc>
арьсанд	арьс <dat>
хөргүүрээр	хөргүүр <ins>
сурагчаас	сурагч <abl>
сэтгэлээс	сэтгэл <abl>
өөрчлөлөөс	өөрчлөл <abl>
мэргэтэй	мэргэ <com>
жилд	жил <dat>
тогтворжилтоор	тогтворжилт <ins>
загасчлалаас	загасчлал <abl>
цоргыг	цорго <acc>
оюутнаас	оюутан <abl>
шүүсийг	шүүс <acc>
зэвсгээс	зэвсэг <abl>
гялтгануурт	гялтгануур <dat>
уншигчийн	уншигч <gen>
томьёоноос	томьёо <abl>
торгуулиа	торгууль <voc>
шонг	шон <acc>
физиологийг	физиологи <acc>
бууриа	буурь <voc>
шийрт	шийр <dat>
хуурайн	хуурай <gen>
дүнг	дүн <acc>
дэнсний	дэнс <gen>
хийлд	хийл <dat>
хальсны	хальс <gen>
өмсгөлийн	өмсгөл <gen>
түгшүүрээ	түгшүүр <voc>
хариуцлагаас	хариуцлага <abl>
магтаалтай	магтаал <com>
тайрдасны	тайрдас <gen>
хөдөлгөөнөө	хөдөлгөөн <voc>
тоолуураа	тоолуур <voc>
тэргүүлэгчийн	тэргүүлэгчид <gen>
хэлэлцэгчээ	хэлэлцэгч <voc>
ханыг	хана <acc>
бүлүүрт	бүлүүр <dat>
хэллэгээ	хэллэг <voc>
эслэгийн	эслэг <gen>
насаар	нас <ins>
гичийтэй	гичий <com>
тоосонд	тоос <dat>
тэсвэрийг	тэсвэр <acc>
теннистэй	теннис <com>
гавалтай	гавал <com>
тактикаас	тактик <abl>
гасланд	гаслан <dat>
шугуйг	шугуй <acc>
эдэд	эд <dat>
бүрэлбаатай	бүрэлбаа <com>
хэрэглэгчийн	хэрэглэгч <gen>
цохиурын	цохиур <gen>
тахлаа	тахал <voc>
хавцалтай	хавцал <com>
талбайг	талбай <acc>
эвлэрүүлэгчийг	эвлэрүүлэгч <acc>
жигнэмгийг	жигнэмэг <acc>
янзыг	янз <acc>
сорилтыг	сорилт <acc>
амьдралаар	амьдрал <ins>
зочинд	зочин <dat>
ташуурт	ташуур <dat>
үйсээс	үйс <abl>
шинэчлэлд	шинэчлэл <dat>
доройтлоо	доройтол <voc>
хадгаламжийг	хадгаламж <acc>
конусаас	конус <abl>
шумуултай	шумуул <com>
үхэлтэй	үхэл <com>
магадлалд	магадлал <dat>
гаригийн	гариг <gen>
хойгийг	хойг <acc>
талийгаачийг	талийгаач <acc>
эрлээр	эрэл <ins>
маажинд	маажин <dat>
дээвэрт	дээвэр <dat>
нийлэмжээс	нийлэмж <abl>
ардчиллаас	ардчилал <abl>
театрын	театр <gen>
шимтгэлээр	шимтгэл <ins>
эгчийг	эгч <acc>
зөвлөгөөний	зөвлөгөө <gen>
бөөлжисний	бөөлжис <gen>
сонгуулиас	сонгууль <abl>
шүүлтүүрийг	шүүлтүүр <acc>
өвгөнийг	өвгөн <acc>
чичиргээнд	чичиргээ <dat>
мэдэгдлээ	мэдэгдэл <voc>
амьжиргааны	амьжиргаа <gen>
олборлолттой	олборлолт <com>
ухуулгаас	ухуулга <abl>
дүнгээ	дүн <voc>
нэмэлтээ	нэмэлт <voc>
шандсаар	шандас <ins>
луужинд	луужин <dat>
үеэлийн	үеэл <gen>
дүүжингээс	дүүжин <abl>
хавцлаа	хавцал <voc>
амлалтын	амлалт <gen>
тулалдаанаас	тулалдаан <abl>
боловсруулалтаа	боловсруулалт <voc>
хугарлаа	хугарал <voc>
хоногт	хоног <dat>
чавгатай	чавга <com>
солионд	солио <dat>
аэробикийн	аэробик <gen>
найруулагчаа	найруулагч <voc>
зөрлөгтэй	зөрлөг <com>
хатгамлаа	хатгамал <voc>
урлалаар	урлал <ins>
үүсвэрийн	үүсвэр <gen>
зүүдээр	зүүд <ins>
бүртгэлд	бүртгэл <dat>
ачааг	ачаа <acc>
хэвээ	хэвийн <voc>
тусгалаас	тусгал <abl>
хүчирхийллийн	хүчирхийлэл <gen>
төмсгийн	төмсөг <gen>
харууслаа	харуусал <voc>
шийдвэрлэгчийн	шийдвэрлэгч <gen>
наадгайгаар	наадгай <ins>
хүндээр	хүнд <ins>
үргээгчээ	үргээгч <voc>
мөргөлөөс	мөргөл <abl>
анализыг	анализ <acc>
радиустай	радиус <com>
андгайтай	андгай <com>
шавхайн	шавхай <gen>
сувгаар	суваг <ins>
моодны	моод <gen>
дампууралд	дампуурал <dat>
хольцоос	хольц <abl>
тонуулаар	тонуул <ins>
үргээгчээр	үргээгч <ins>
уулчнаас	уулчин <abl>
цочролыг	цочрол <acc>
донсолгооноос	донсолгоо <abl>
уйтгартай	уйтгар <com>
үрлийг	үрэл <acc>
ядаргаатай	ядаргаа <com>
цочролын	цочрол <gen>
илбэтэй	илбэ <com>
салалтад	салалт <dat>
богцтой	богц <com>
шургуулгаа	шургуулга <voc>
хариуцлагаар	хариуцлага <ins>
цоглогийг	цоглог <acc>
байшингаас	байшин <abl>
урсгалтай	урсгал <com>
багсыг	багс <acc>
удирдамжаа	удирдамж <voc>
үйлдэлтэй	үйлдэл <com>
инээдэмтэй	инээдэм <com>
төвлөрлөө	төвлөрөл <voc>
тулалдааныг	тулалдаан <acc>
нисгэгчид	нисгэгч <dat>
зөнг	зөн <acc>
хувьслаар	хувьсал <ins>
цагдаагийн	цагдаа <gen>
оройд	орой <dat>
өмчид	өмч <dat>
цаасаар	цаас <ins>
чангалуураа	чангалуур <voc>
эргэлзлээр	эргэлзэл <ins>
довцогтой	довцог <com>
тариурыг	тариур <acc>
ажилтны	ажилтан <gen>
дэлгэцээр	дэлгэц <ins>
эгнээгээ	эгнээ <voc>
цөхрөлд	цөхрөл <dat>
паалангаа	паалан <voc>
шархлааг	шархлаа <acc>
хариуцагчид	хариуцагч <dat>
элчид	элч <dat>
хоногоо	хоног <voc>
батганд	батга <dat>
урыг	ур <acc>
утаснаас	утас <abl>
анхааралд	анхаарал <dat>
ноёны	ноён <gen>
ёзоорыг	ёзоор <acc>
хиамаа	хиам <voc>
адмиралаар	адмирал <ins>
зээрэнцгээ	зээрэнцэг <voc>
отрядоо	отряд <voc>
чөтгөрөөс	чөтгөр <abl>
цайны	цай <gen>
исэлтээс	исэлт <abl>
үйлчилгээгээр	үйлчилгээ <ins>
гарлаар	гарал <ins>
баярт	баяр <dat>
дээвэртэй	дээвэр <com>
буудлагаас	буудлага <abl>
хааны	хаан <gen>
титмийн	титэм <gen>
цагцгайгаар	цагцгай <ins>
ачлалаа	ачлал <voc>
урагтай	ургийнхан <com>
луугаар	луу <ins>
хөгөөс	хөг <abl>
хүчийг	хүчээр <acc>
агшилтаар	агшилт <ins>
донсолгоотой	донсолгоо <com>
хардалтын	хардалт <gen>
сампингаа	сампин <voc>
орлогод	орлого <dat>
хязгаараас	хязгаар <abl>
архичинд	архичин <dat>
хутгаар	хутга <ins>
символизмоор	символизм <ins>
удиртгалд	удиртгал <dat>
төлбөрийг	төлбөр <acc>
үсчнээр	үсчин <ins>
тасалгааны	тасалгаа <gen>
хөгжмөөс	хөгжим <abl>
хүүрзгэнийг	хүүрзгэнэ <acc>
дэвшлээ	дэвшил <voc>
чоноо	чоно <voc>
хуралтай	хурал <com>
шараас	шар <abl>
үдэшлэгийг	үдэшлэг <acc>
алдартантай	алдартан <com>
голд	гол <dat>
шоргоолжоор	шоргоолж <ins>
үйлдвэрлэгчийн	үйлдвэрлэгч <gen>
зураачийг	зураач <acc>
автомашинтай	автомашин <com>
цамцанд	цамц <dat>
чигийг	чиг <acc>
археологиос	археологи <abl>
зөгнөлөөс	зөгнөл <abl>
эрхшээлийг	эрхшээл <acc>
ойн	ой <gen>
гохны	гох <gen>
няцаалтыг	няцаалт <acc>
номлолоо	номлол <voc>
луувангаар	лууван <ins>
болзлоор	болзол <ins>
хоршлоор	хоршил <ins>
дүрвэгчтэй	дүрвэгч <com>
хувцаснаас	хувцас <abl>
горимын	горим <gen>
хүсэлтэй	хүсэл <com>
солонгыг	солонго <acc>
чимгийг	чимэг <acc>
цуугаар	цуу <ins>
дарамтыг	дарамт <acc>
аргатай	арга <com>
аврагчаас	аврагч <abl>
зүрхээр	зүрх <ins>
цагдаагаар	цагдаа <ins>
дараагаар	дараа <ins>
бугуйд	бугуй <dat>
бүтцээ	бүтэц <voc>
айзмаар	айзам <ins>
нүүдэлд	нүүдэл <dat>
программаас	программ <abl>
өргөргөөс	өргөрөг <abl>
хуулбартай	хуулбар <com>
хилэгнэлээс	хилэгнэл <abl>
бэлтгэлээс	бэлтгэл <abl>
нэгтгэлээ	нэгтгэл <voc>
довоор	дов <ins>
хайчны	хайч <gen>
цайг	цай <acc>
шпагеттинд	шпагетти <dat>
тасгаас	тасаг <abl>
гаргаас	гараг <abl>
янзаа	янз <voc>
бэлгэвчээ	бэлгэвч <voc>
услагчаа	услагч <voc>
нугасанд	нугас <dat>
маргаантай	маргаан <com>
тусгаарлалтыг	тусгаарлалт <acc>
чагттай	чагт <com>
эгнээний	эгнээ <gen>
санхүүтэй	санхүү <com>
ёсолгоонд	ёсолгоо <dat>
цахирмаагаар	цахирмаа <ins>
хатуулгаас	хатуулга <abl>
амууны	амуу <gen>
гуагаар	гуа <ins>
хязгаараар	хязгаар <ins>
онолтой	онол <com>
зээтүүгээр	зээтүү <ins>
завсарлагаа	завсарлага <voc>
дэлгэрэлтээ	дэлгэрэлт <voc>
гэмшилд	гэмшил <dat>
уншлагыг	уншлага <acc>
зугааг	зугаа <acc>
гишүүнээр	гишүүн <ins>
ардчилалтай	ардчилал <com>
боржингоос	боржин <abl>
нотолгоотой	нотолгоо <com>
ормоор	ором <ins>
бачимдлаас	бачимдал <abl>
атаархлаар	атаархал <ins>
шүүгээгээ	шүүгээ <voc>
тойргийг	тойрог <acc>
азотоос	азот <abl>
глюкозын	глюкоз <gen>
шоштой	шош <com>
төсөлтэй	төсөл <com>
эрэмбэтэй	эрэмбэ <com>
үгээ	үг <voc>
зуучлагчид	зуучлагч <dat>
зээтүүтэй	зээтүү <com>
төлөөстэй	төлөөс <com>
цэргийг	цэрэг <acc>
ялгадасны	ялгадас <gen>
боловсруулалтад	боловсруулалт <dat>
бүлгээс	бүлэг <abl>
амтны	амт <gen>
дутагдлаар	дутагдал <ins>
санаанд	санаа <dat>
харьцуулалтаар	харьцуулалт <ins>
уралдаанаа	уралдаан <voc>
бохирдлын	бохирдол <gen>
хатаагуураар	хатаагуур <ins>
элементийн	элемент <gen>
худалдаачнаа	худалдаачин <voc>
амрагаас	амраг <abl>
гуалинд	гуалин <dat>
эхээ	эх <voc>
ухаарлын	ухаарал <gen>
замын	зам <gen>
жагсаалыг	жагсаал <acc>
майонезтай	майонез <com>
бөглөрөлд	бөглөрөл <dat>
язгуурын	язгуур <gen>
хясаанд	хясаа <dat>
үсээ	үс <voc>
духаар	дух <ins>
дутагдлаас	дутагдал <abl>
физиологитой	физиологи <com>
дэнгээс	дэн <abl>
иштэй	иш <com>
далдлалтаар	далдлалт <ins>
үзмээр	үзэм <ins>
автомашинаа	автомашин <voc>
загатнаанаас	загатнаа <abl>
цавуунаас	цавуу <abl>
амьжиргаанд	амьжиргаа <dat>
шүглийн	шүгэл <gen>
мяндсанд	мяндас <dat>
эндэлд	эндэл <dat>
өвөөс	өв <abl>
зөрлөгөөр	зөрлөг <ins>
заналхийллийг	заналхийлэл <acc>
цээртэй	цээр <com>
завхралын	завхрал <gen>
гологдлыг	гологдол <acc>
соёлоос	соёл <abl>
ферментээ	фермент <voc>
алуурчнаа	алуурчин <voc>
ахмадаар	ахмад <ins>
бэхжилтээс	бэхжилт <abl>
сууцаар	сууц <ins>
гэрээнээс	гэрээ <abl>
тээврээс	тээвэр <abl>
цэцгээ	цэцэг <voc>
хараалаа	хараал <voc>
мөчлөгөөс	мөчлөг <abl>
бадмааргаа	бадмаараг <voc>
эрдсээс	эрдэс <abl>
индукцээс	индукц <abl>
таваа	тав <voc>
залгамжлагчаа	залгамжлагч <voc>
архичнаас	архичин <abl>
хэвлэгчид	хэвлэгч <dat>
тэвчээрийн	тэвчээр <gen>
эмэгчнийг	эмэгчин <acc>
нийтлэлээ	нийтлэл <voc>
гялгарын	гялгар <gen>
цуваанаас	цуваа <abl>
консултай	консул <com>
лакаа	лак <voc>
амины	амь <gen>
илбэд	илбэ <dat>
ухуулгатай	ухуулга <com>
тэмдгээс	тэмдэг <abl>
арьснаас	арьс <abl>
өгүүлэгдэхүүний	өгүүлэгдэхүүн <gen>
банзтай	банз <com>
ажиглагчаа	ажиглагч <voc>
ясны	яс <gen>
автобусны	автобус <gen>
үргэлжлэлийн	үргэлжлэл <gen>
эргүүгийн	эргүү <gen>
зураачийн	зураач <gen>
цоожоор	цоож <ins>
сэтгүүлээ	сэтгүүл <voc>
даамжралаар	даамжрал <ins>
уялдааны	уялдаа <gen>
угжнаас	угж <abl>
эзнээр	эзэн <ins>
илбийн	илбэ <gen>
үерийн	үер <gen>
бодистой	бодис <com>
хангамжаас	хангамж <abl>
зохиомжтой	зохиомж <com>
зүтгэлээ	зүтгэл <voc>
товчлолоо	товчлол <voc>
өвчинтэй	өвчин <com>
дүнзээс	дүнз <abl>
довцогт	довцог <dat>
загварыг	загвар <acc>
ажиглагчийг	ажиглагч <acc>
чагтнаас	чагт <abl>
хэрэглэгчийг	хэрэглэгч <acc>
сэтгэлийн	сэтгэл <gen>
урхиа	урхи <voc>
найруулгаар	найруулга <ins>
сорвинд	сорви <dat>
хэцэд	хэц <dat>
цэнгүүнтэй	цэнгүүн <com>
ажиллагааг	ажиллагаа <acc>
онолоор	онол <ins>
хашлаганд	хашлага <dat>
харьцааг	харьцаа <acc>
бичилтээр	бичилт <ins>
амьжиргаанаас	амьжиргаа <abl>
огтлоосыг	огтлоос <acc>
гууны	гуу <gen>
конусын	конус <gen>
нимбэгээр	нимбэг <ins>
агуйн	агуй <gen>
хариултаас	хариулт <abl>
үргээгчээс	үргээгч <abl>
ресторанаа	ресторан <voc>
сорилтод	сорилт <dat>
захидалтай	захидал <com>
хөдөлмөрөө	хөдөлмөр <voc>
тараалтын	тараалт <gen>
заншилд	заншил <dat>
доголдлоо	доголдол <voc>
хамтатгалын	хамтатгал <gen>
адмиралтай	адмирал <com>
ногтыг	ногт <acc>
бадмааргийг	бадмаараг <acc>
фронтын	фронт <gen>
савхитай	савхи <com>
хүслэнг	хүслэн <acc>
шүүгээг	шүүгээ <acc>
шаазангаас	шаазан <abl>
зөгийг	зөгий <acc>
бичээсээр	бичээс <ins>
тунхагтай	тунхаг <com>
эвэрлэгийн	эвэрлэг <gen>
хавтанг	хавтан <acc>
давхаргатай	давхарга <com>
сургамжаа	сургамж <voc>
хөдөлмөрчнөөс	хөдөлмөрчин <abl>
зүслэгээс	зүслэг <abl>
археологиор	археологи <ins>
зуслангаа	зуслан <voc>
томууг	томуу <acc>
хуримтлалаа	хуримтлал <voc>
залбиралд	залбирал <dat>
гомдлоос	гомдол <abl>
урвагчаас	урвагч <abl>
цээрийн	цээр <gen>
болзолд	болзол <dat>
тэргүүлэгчээр	тэргүүлэгчид <ins>
гинжтэй	гинж <com>
хөхөвчид	хөхөвч <dat>
гэрээ	гэр <voc>
шургуулгад	шургуулга <dat>
үржвэрээс	үржвэр <abl>
барианаас	бариа <abl>
зөвлөлийн	зөвлөл <gen>
үсгээс	үсэг <abl>
зодооноор	зодоон <ins>
будгаас	будаг <abl>
бульдозертой	бульдозер <com>
шарилыг	шарил <acc>
хурандааг	хурандаа <acc>
дурсамжтай	дурсамж <com>
шивэгчнээр	шивэгчин <ins>
тэгт	тэг <dat>
хуваагдагчийн	хуваагдагч <gen>
тоглолтоо	тоглолт <voc>
банкаа	банк <voc>
таслалтад	таслалт <dat>
нүүрстөрөгчийн	нүүрстөрөгч <gen>
цогцолбороор	цогцолбор <ins>
зөвшөөрөлд	зөвшөөрөл <dat>
гэмшлийн	гэмшил <gen>
улсаас	улс <abl>
гадилаа	гадил <voc>
жишгийн	жишиг <gen>
суманд	суман <dat>
ялгаруулалтын	ялгаруулалт <gen>
нөхөөснөөс	нөхөөс <abl>
мужааныг	мужаан <acc>
сүлбэлдээнээ	сүлбэлдээн <voc>
ээрүүлээс	ээрүүл <abl>
тасагт	тасаг <dat>
үнийг	үнэ <acc>
манангаас	манан <abl>
гадилыг	гадил <acc>
толгойд	толгой <dat>
ховоогоо	ховоо <voc>
түрээслэгчээр	түрээслэгч <ins>
хамгаалалтай	хамгаалал <com>
алдаанаас	алдаа <abl>
сүрээ	сүр <voc>
үнээ	үнэ <voc>
цэврүүнээс	цэврүү <abl>
олборлолтоос	олборлолт <abl>
тангоны	танго <gen>
багажийг	багаж <acc>
ядаргаанд	ядаргаа <dat>
үндэслэлтэй	үндэслэл <com>
сүргийн	сүрэг <gen>
тулаанаа	тулаан <voc>
зоригт	зориг <dat>
тамхичинтай	тамхичин <com>
үзлэгийг	үзлэг <acc>
компьютерын	компьютер <gen>
хөлслөгчийг	хөлслөгч <acc>
тайтгарлаар	тайтгарал <ins>
наймаанд	наймаа <dat>
эвэрлэгтэй	эвэрлэг <com>
суутгалд	суутгал <dat>
санамжид	санамж <dat>
паспортын	паспорт <gen>
цайзыг	цайз <acc>
бэлчээртэй	бэлчээр <com>
эринд	эрин <dat>
хэрэглээтэй	хэрэглээ <com>
хүндээ	хүнд <voc>
гагнуурчнаар	гагнуурчин <ins>
хавцлын	хавцал <gen>
нийлбэртэй	нийлбэр <com>
хэмжээтэй	хэмжээ <com>
мэтгэлцэгчээр	мэтгэлцэгч <ins>
медалийг	медаль <acc>
имд	им <dat>
нүүдлээ	нүүдэл <voc>
ширээсээр	ширээс <ins>
гоёлоор	гоёл <ins>
уршигтай	уршиг <com>
хочийг	хоч <acc>
бүртгэлээ	бүртгэл <voc>
дохионоос	дохио <abl>
мөнгөнөөс	мөнгө <abl>
адгуусаа	адгуус <voc>
ирмэгтэй	ирмэг <com>
дугтуйтай	дугтуй <com>
удирдлагатай	удирдлага <com>
хараагаар	хараа <ins>
нахианы	нахиа <gen>
бульдозерыг	бульдозер <acc>
дэлгүүрт	дэлгүүр <dat>
нэмэгдэлд	нэмэгдэл <dat>
засвараа	засвар <voc>
гүнгээ	гүн <voc>
эцэстэй	эцэс <com>
кофегоо	кофе <voc>
үеэр	үе <ins>
хураангуйгаар	хураангуй <ins>
амлалтад	амлалт <dat>
дүрмээр	дүрэм <ins>
хийсвэрлэлээр	хийсвэрлэл <ins>
алдартнаар	алдартан <ins>
могойд	могой <dat>
тулааны	тулаан <gen>
түлхүүртэй	түлхүүр <com>
барцдын	барцад <gen>
татварыг	татвар <acc>
томуунд	томуу <dat>
шороотой	шороо <com>
онолоо	онол <voc>
илээчийн	илээч <gen>
онцлогоо	онцлог <voc>
капсулаас	капсул <abl>
хэлэхүйтэй	хэлэхүй <com>
төлгөнд	төлөг <dat>
тосгоноо	тосгон <voc>
шинжлэгчийг	шинжлэгч <acc>
талбайтай	талбай <com>
өргөтгөлтэй	өргөтгөл <com>
байршлын	байршил <gen>
сонгуулийг	сонгууль <acc>
зурагчнаас	зурагчин <abl>
кабелиа	кабель <voc>
зөвлөгөөгөө	зөвлөгөө <voc>
соёлоор	соёл <ins>
цоожинд	цоож <dat>
тэгээ	тэг <voc>
зэмлэлээ	зэмлэл <voc>
түрэмгийллийг	түрэмгийлэл <acc>
шүүлтүүрээ	шүүлтүүр <voc>
хамраа	хамар <voc>
цацрагт	цацраг <dat>
цахирмаатай	цахирмаа <com>
курсийн	курс <gen>
хийсвэрлэлд	хийсвэрлэл <dat>
бүлгийн	бүлэг <gen>
тамирчинтай	тамирчин <com>
даруулаас	даруул <abl>
чихрийн	чихэр <gen>
солирын	солир <gen>
этүүрт	этүүр <dat>
үечлэлээр	үечлэл <ins>
билетэд	билет <dat>
холгодосноос	холгодос <abl>
горьдлогын	горьдлого <gen>
зарчимд	зарчим <dat>
хязгаарлалтаа	хязгаарлалт <voc>
бөгжөө	бөгж <voc>
буудлагатай	буудлага <com>
гунигтай	гуниг <com>
бэлтгэлээр	бэлтгэл <ins>
хальсыг	хальс <acc>
мэхлэгчээ	мэхлэгч <voc>
цэрнээс	цэр <abl>
тэргүүлэгчтэй	тэргүүлэгч <com>
ашиглалттай	ашиглалт <com>
үзүүрээс	үзүүр <abl>
графикт	график <dat>
цавууг	цавуу <acc>
инээдмийг	инээдэм <acc>
шартай	шар <com>
хавчлагыг	хавчлага <acc>
гэмтлээс	гэмтэл <abl>
сорвитой	сорви <com>
онолоос	онол <abl>
шошоор	шош <ins>
хилэгнэлийн	хилэгнэл <gen>
гэрээгээр	гэрээ <ins>
няцаалтаас	няцаалт <abl>
үнэлгээг	үнэлгээ <acc>
капсулын	капсул <gen>
сүүдрээс	сүүдэр <abl>
асуудлаа	асуудал <voc>
хохиролтой	хохирол <com>
гарцыг	гарц <acc>
чагнаалаас	чагнаал <abl>
сүрийн	сүр <gen>
отрядтой	отряд <com>
багтаамжтай	багтаамж <com>
сүмтэй	сүм <com>
консулд	консул <dat>
үйлчлэгчийн	үйлчлэгч <gen>
бодлоор	бодол <ins>
энэрэлтэй	энэрэл <com>
иллэгийн	иллэг <gen>
нийгмээр	нийгэм <ins>
хуйвалдаанаа	хуйвалдаан <voc>
аминаас	амь <abl>
наадгайн	наадгай <gen>
мөнхийг	мөнх <acc>
түлээчинд	түлээчин <dat>
ухралтын	ухралт <gen>
бэлгэдлийг	бэлгэдэл <acc>
довцгоос	довцог <abl>
соронзыг	соронз <acc>
чимэглэлээс	чимэглэл <abl>
тасалгаанаас	тасалгаа <abl>
тайлангаас	тайлан <abl>
ханцуйд	ханцуй <dat>
таслалтай	таслал <com>
чамархайн	чамархай <gen>
хөтлөгчид	хөтлөгч <dat>
сэвээр	сэв <ins>
задралд	задрал <dat>
угтвараа	угтвар <voc>
оюутны	оюутан <gen>
дамжаанаас	дамжаа <abl>
явцыг	явц <acc>
линзэд	линз <dat>
шуугианыг	шуугиан <acc>
гулсуураа	гулсуур <voc>
мөхөөлдөстэй	мөхөөлдөс <com>
дарлалтай	дарлал <com>
зөөгчөө	зөөгч <voc>
гүжирдлэгт	гүжирдлэг <dat>
тохуугаа	тохуу <voc>
залгаастай	залгаас <com>
дагагчаас	дагагч <abl>
эвэрлэгээ	эвэрлэг <voc>
буртгийг	буртаг <acc>
савлуурын	савлуур <gen>
графикаас	график <abl>
хамелеоноор	хамелеон <ins>
батгатай	батга <com>
нууцаас	нууц <abl>
гавалд	гавал <dat>
тармуураа	тармуур <voc>
тавцангийн	тавцан <gen>
роботыг	робот <acc>
бутаар	бут <ins>
төсвөө	төсөв <voc>
банктай	банк <com>
арштай	арш <com>
уйтгарт	уйтгар <dat>
дарамтаа	дарамт <voc>
илбэчинтэй	илбэчин <com>
нийтлэлтэй	нийтлэл <com>
улангираар	улангир <ins>
нийгэмлэгээр	нийгэмлэг <ins>
бэлхүүсээс	бэлхүүс <abl>
шоглоомоос	шоглоом <abl>
хөтлөгчтэй	хөтлөгч <com>
намарт	намар <dat>
болортой	болор <com>
фашизмаа	фашизм <voc>
загасчлалаа	загасчлал <voc>
нуманд	нум <dat>
тайлбарлагчаа	тайлбарлагч <voc>
хөнгөлөлтөөр	хөнгөлөлт <ins>
дайчнаас	дайчин <abl>
сонирхлоос	сонирхол <abl>
скаутын	скаут <gen>
бахархалтай	бахархал <com>
таргаас	тарга <abl>
сударт	судар <dat>
гуйлгаар	гуйлга <ins>
самтай	сам <com>
солонгоор	солонго <ins>
хэрмийг	хэрэм <acc>
гуунаас	гуу <abl>
уриалгын	уриалга <gen>
буланг	булан <acc>
мэндчилгээгээр	мэндчилгээ <ins>
мануухайтай	мануухай <com>
элэгдлийн	элэгдэл <gen>
оврын	овор <gen>
хэрмээр	хэрэм <ins>
байнгын	байнгын <gen>
бэрхшээлийн	бэрхшээл <gen>
зурлагын	зурлага <gen>
бэрхийг	бэрх <acc>
шорооны	шороо <gen>
сүрээс	сүр <abl>
үтрээнээс	үтрээ <abl>
тархалтад	тархалт <dat>
цөөрмийн	цөөрөм <gen>
шүүмжлэлээр	шүүмжлэл <ins>
сониноор	сонин <ins>
тагнуултай	тагнуул <com>
хуулийг	хууль <acc>
боловсролыг	боловсрол <acc>
лаазанд	лааз <dat>
хүрмээс	хүрэм <abl>
үсэгтэй	үсэг <com>
холгодсонд	холгодос <dat>
гүйлтэд	гүйлт <dat>
хуримтлалыг	хуримтлал <acc>
хавтсыг	хавтас <acc>
зугтлагаа	зугтлага <voc>
шөрмөсөө	шөрмөс <voc>
үтрээнд	үтрээ <dat>
туршуулд	туршуул <dat>
тооцоогоор	тооцоо <ins>
төлөвөөс	төлөв <abl>
гахайгаар	гахай <ins>
сургалтад	сургалт <dat>
цөхрөлийг	цөхрөл <acc>
оношоо	онош <voc>
бутралаа	бутрал <voc>
давталттай	давталт <com>
ширээгээр	ширээ <ins>
дамжаанд	дамжаа <dat>
савангаар	саван <ins>
багажид	багаж <dat>
тэнхлэгт	тэнхлэг <dat>
баримжаатай	баримжаа <com>
шуугианаа	шуугиан <voc>
хийсвэрлэлээ	хийсвэрлэл <voc>
зулайгаа	зулай <voc>
гачигдлаар	гачигдал <ins>
дунд	дун <dat>
зөвлөлөөр	зөвлөл <ins>
уршгийг	уршиг <acc>
нэрээр	нэр <ins>
хорголжоор	хорголж <ins>
тангогоо	танго <voc>
амийг	амь <acc>
дуранд	дураараа <dat>
тасалгаагаар	тасалгаа <ins>
бүрээсээс	бүрээс <abl>
тогтоолыг	тогтоол <acc>
сахалтай	сахал <com>
бонусаар	бонус <ins>
өдрөөс	өдөр <abl>
судалгаанаас	судалгаа <abl>
дарангуйллыг	дарангуйлал <acc>
уртрагаас	уртраг <abl>
ферментээс	фермент <abl>
мяндаснаас	мяндас <abl>
зөвлөгчийн	зөвлөгч <gen>
шинжлэгчээс	шинжлэгч <abl>
хувцасны	хувцас <gen>
ааваа	аавынх <voc>
сонирхогчийн	сонирхогч <gen>
хөдлөлийн	хөдлөл <gen>
уранаас	уран <abl>
шатанд	шат <dat>
бэрийн	бэр <gen>
орлоготой	орлого <com>
онгоцны	онгоц <gen>
заналхийлэлтэй	заналхийлэл <com>
амьдралтай	амьдрал <com>
урамшуулалтай	урамшуулал <com>
зүүлтээс	зүүлт <abl>
засварчныг	засварчин <acc>
товхимлоос	товхимол <abl>
үйлдвэрлэлээ	үйлдвэрлэл <voc>
урилгаа	урилга <voc>
дээврийн	дээвэр <gen>
үертэй	үер <com>
хөргөгчийг	хөргөгч <acc>
тууралтад	тууралт <dat>
чихтэй	чих <com>
ярилцлагаа	ярилцлага <voc>
тагтаар	тагт <ins>
аршийн	арш <gen>
ороолтоо	ороолт <voc>
гэрчээр	гэрч <ins>
эрдэмтний	эрдэмтэн <gen>
илүүдлээ	илүүдэл <voc>
сэнсээр	сэнс <ins>
унжлагын	унжлага <gen>
жолоотой	жолоо <com>
хулмаснаас	хулмас <abl>
дэнлүүтэй	дэнлүү <com>
түрээслэгчийн	түрээслэгч <gen>
шээсээр	шээс <ins>
ялгавраа	ялгавар <voc>
төлөвийг	төлөв <acc>
гологдолд	гологдол <dat>
мөрөөдөлтэй	мөрөөдөл <com>
бэхтэй	бэх <com>
үгийг	үг <acc>
зугтлагаар	зугтлага <ins>
захиалагчийн	захиалагч <gen>
уулчныг	уулчин <acc>
халаасаар	халаас <ins>
буурцгаа	буурцаг <voc>
давхраанд	давхраа <dat>
хөгжлийн	хөгжил <gen>
ясанд	яс <dat>
гүйцэтгэлтэй	гүйцэтгэл <com>
загварын	загвар <gen>
төвийг	төв <acc>
лавлахаар	лавлах <ins>
дүрмээс	дүрэм <abl>
гачигдалд	гачигдал <dat>
найруулгаас	найруулга <abl>
үйлдвэрлэгчид	үйлдвэрлэгч <dat>
намрыг	намар <acc>
зугаалгыг	зугаалга <acc>
буурцгаар	буурцаг <ins>
эдийг	эд <acc>
цэцэгжүүлэлтэд	цэцэгжүүлэлт <dat>
гахиурт	гахиур <dat>
чиглэлд	чиглэл <dat>
гүүрэнд	гүүр <dat>
шаналлын	шаналал <gen>
хавраар	хавар <ins>
сэвийн	сэв <gen>
байцаагчид	байцаагч <dat>
дискээр	диск <ins>
шүршигчийг	шүршигч <acc>
даяантай	даяан <com>
аяганы	аяга <gen>
бичилттэй	бичилт <com>
тайтгарлаа	тайтгарал <voc>
гарзанд	гарз <dat>
тотинд	тоть <dat>
хуримаас	хурим <abl>
гашуудлын	гашуудал <gen>
шүүсээ	шүүс <voc>
хуваарилалтад	хуваарилалт <dat>
хөлгөөр	хөлөг <ins>
сахиусны	сахиус <gen>
ачаагаа	ачаа <voc>
мөчлөгтэй	мөчлөг <com>
гагнуураа	гагнуур <voc>
амтыг	амт <acc>
туулайг	туулай <acc>
махчнаас	махчин <abl>
харьцуулалтын	харьцуулалт <gen>
зүгээр	зүг <ins>
элементэд	элемент <dat>
эцэст	эцэс <dat>
холестеринтой	холестерин <com>
шархыг	шарх <acc>
чуулгаас	чуулга <abl>
дамжуулалтаас	дамжуулалт <abl>
савхинд	савхи <dat>
булдруунд	булдруу <dat>
зоодойтой	зоодой <com>
үгээр	үг <ins>
модернизмтой	модернизм <com>
тунхаглалаа	тунхаглал <voc>
хилэгнэлээр	хилэгнэл <ins>
хошуучлагчаа	хошуучлагч <voc>
салаанд	салаа <dat>
үдэшлэгээс	үдэшлэг <abl>
хандлагын	хандлага <gen>
загасчлалыг	загасчлал <acc>
бялуугаар	бялуу <ins>
зарлалтай	зарлал <com>
хязгаарлалыг	хязгаарлал <acc>
өвчний	өвчин <gen>
туяаны	туяа <gen>
багтраагаар	багтраа <ins>
өрөөнөөс	өрөө <abl>
тайрдсыг	тайрдас <acc>
сүүдрийг	сүүдэр <acc>
оёдолчны	оёдолчин <gen>
хуримтлалтай	хуримтлал <com>
чичиргээнээс	чичиргээ <abl>
зохицуулалтаар	зохицуулалт <ins>
загвараа	загвар <voc>
алуурчинтай	алуурчин <com>
хоцрогчтой	хоцрогч <com>
луйварчнаас	луйварчин <abl>
зэмлэлээр	зэмлэл <ins>
дүрмээ	дүрмийн <voc>
зээтүүг	зээтүү <acc>
хүрээг	хүрээ <acc>
доргиогоо	доргио <voc>
тээврээр	тээвэр <ins>
гулсуурын	гулсуур <gen>
сүйгээр	сүй <ins>
ойлтоос	ойлт <abl>
туйлыг	туйл <acc>
оромжийг	оромж <acc>
эвлэрэлд	эвлэрэл <dat>
статистикийг	статистик <acc>
бахархлаа	бахархал <voc>
хайгуултай	хайгуул <com>
өөрчлөлөөр	өөрчлөл <ins>
тогтолцооны	тогтолцоо <gen>
хатаагчтай	хатаагч <com>
янхнаас	янхан <abl>
вальсын	вальс <gen>
ухагдахуунд	ухагдахуун <dat>
хяналтыг	хяналт <acc>
бүйлсээр	бүйлс <ins>
язгуураа	язгуур <voc>
харшлаас	харшил <abl>
хэвлийтэй	хэвлий <com>
гавьяанаас	гавьяа <abl>
туяаг	туяа <acc>
баримтын	баримт <gen>
бялдуучлалтай	бялдуучлал <com>
бэртэлтийн	бэртэлт <gen>
өөдөснөөс	өөдөс <abl>
хуйлаасны	хуйлаас <gen>
томыг	том <acc>
өрөөр	өр <ins>
үйсэнд	үйс <dat>
алдагдалтай	алдагдал <com>
хошуучлагчийг	хошуучлагч <acc>
овроос	овор <abl>
өндөгтэй	өндөг <com>
харвалтыг	харвалт <acc>
боргиогоор	боргио <ins>
нүүрстөрөгчийг	нүүрстөрөгч <acc>
бамбайд	бамбай <dat>
гадраа	гадар <voc>
шавартай	шавар <com>
биелэлтээс	биелэлт <abl>
зовлонгоор	зовлон <ins>
инженерээс	инженер <abl>
харвинг	харвин <acc>
илднээс	илд <abl>
банзнаас	банз <abl>
хангалтаас	хангалт <abl>
нийгэмлэгтэй	нийгэмлэг <com>
занганаас	занга <abl>
алдартныг	алдартан <acc>
тосыг	тос <acc>
мэрийлтийн	мэрийлт <gen>
сойзыг	сойз <acc>
шийдвэрлэгчийг	шийдвэрлэгч <acc>
эмээлээс	эмээл <abl>
цөхрөлийн	цөхрөл <gen>
шүүсээс	шүүс <abl>
харьцаанд	харьцаа <dat>
хардлагаар	хардлага <ins>
онгодоор	онгод <ins>
үүргээс	үүрэг <abl>
хүдэртэй	хүдэр <com>
барментэй	бармен <com>
өвөөгийн	өвөө <gen>
тунхагт	тунхаг <dat>
бялдуучлалаас	бялдуучлал <abl>
шидэлтийн	шидэлт <gen>
өрнөөс	өр <abl>
мэргэжилтэнтэй	мэргэжилтэн <com>
чагтны	чагт <gen>
халбагаар	халбага <ins>
мөхлөөс	мөхөл <abl>
хямдралын	хямдрал <gen>
хариуцлагын	хариуцлага <gen>
тайлангаа	тайлан <voc>
судалгаагаар	судалгаа <ins>
аргад	арга <dat>
багцаагаа	багцаа <voc>
гажгийн	гажиг <gen>
суралцагчаа	суралцагч <voc>
логикоор	логик <ins>
хавцлыг	хавцал <acc>
бөмбөрцгөөр	бөмбөрцөг <ins>
зулайнаас	зулай <abl>
бүрээсний	бүрээс <gen>
мөрдөлтөөр	мөрдөлт <ins>
үгээс	үг <abl>
дискийн	диск <gen>
зуучлагчийн	зуучлагч <gen>
эргэлзээнээс	эргэлзээ <abl>
цоргоор	цорго <ins>
аваргаар	аварга <ins>
цацрагаа	цацраг <voc>
зэвүүцлийн	зэвүүцэл <gen>
санхүүгээ	санхүү <voc>
заргад	зарга <dat>
цуурайг	цуурай <acc>
цөөрмөө	цөөрөм <voc>
хориглолтоос	хориглолт <abl>
сагагаа	сагаг <voc>
автобусаа	автобус <voc>
ангиллаас	ангилал <abl>
төрөлтэй	төрөл <com>
хүдрээр	хүдэр <ins>
сувагт	суваг <dat>
зангианд	зангиа <dat>
бадминтоноор	бадминтон <ins>
урамшууллаар	урамшуулал <ins>
өрөөгөөр	өрөө <ins>
соронзын	соронз <gen>
залгаасанд	залгаас <dat>
тогтворжуулалтад	тогтворжуулалт <dat>
бууринд	буурь <dat>
үзэсгэлэнгийн	үзэсгэлэн <gen>
зурагчны	зурагчин <gen>
зохиолоос	зохиол <abl>
хотжилттой	хотжилт <com>
услагчаар	услагч <ins>
мөрдөлтөө	мөрдөлт <voc>
суралцагчтай	суралцагч <com>
услагчаас	услагч <abl>
шүдтэй	шүд <com>
шуудуунаас	шуудуу <abl>
байгууллагаа	байгууллага <voc>
байгууллагад	байгууллага <dat>
цочролоос	цочрол <abl>
ургацаас	ургац <abl>
хэмнэлтээс	хэмнэлт <abl>
ёроолтой	ёроол <com>
нөхцөлөө	нөхцөл <voc>
биелэлтээр	биелэлт <ins>
сүмээс	сүм <abl>
зураглалыг	зураглал <acc>
зөвшөөрөлтэй	зөвшөөрөл <com>
дуулганд	дуулга <dat>
үүргэвчийг	үүргэвч <acc>
диаграммаас	диаграмм <abl>
баримтлалаа	баримтлал <voc>
харууслаар	харуусал <ins>
шударгыг	шударга <acc>
мушгиатай	мушгиа <com>
амуунд	амуу <dat>
эшлэлээр	эшлэл <ins>
шуургыг	шуурга <acc>
дамжуулагчид	дамжуулагч <dat>
оптимизмтой	оптимизм <com>
хязгаарлалтын	хязгаарлалт <gen>
арьсаар	арьс <ins>
язгууртнаас	язгууртан <abl>
сүүдрэвчийг	сүүдрэвч <acc>
цувралын	цуврал <gen>
илүүдэлд	илүүдэл <dat>
хэвийн	хэв <gen>
хариунаас	хариу <abl>
хангалтад	хангалт <dat>
тэтгэмжийн	тэтгэмж <gen>
мануухайнаас	мануухай <abl>
санааны	санаа <gen>
туслалцааг	туслалцаа <acc>
нахиаг	нахиа <acc>
өндгөөр	өндөг <ins>
худалдагчаа	худалдагч <voc>
шумуулаа	шумуул <voc>
орцыг	орц <acc>
хүчний	хүчээр <gen>
хүйтнийг	хүйтэн <acc>
зээлдүүлэгчээр	зээлдүүлэгч <ins>
мөлжлөгийн	мөлжлөг <gen>
гөрөөний	гөрөө <gen>
гадастай	гадас <com>
сойзоор	сойз <ins>
аваарыг	аваар <acc>
архинаас	архи <abl>
мэргээр	мэргэ <ins>
дөнжийн	дөнжөө <gen>
сэтгүүлийг	сэтгүүл <acc>
цахирмаанаас	цахирмаа <abl>
буртгаа	буртаг <voc>
утгатай	утга <com>
төлөгчөө	төлөгч <voc>
ноёнтой	ноён <com>
өрсөлдөгчөөс	өрсөлдөгч <abl>
тавцангаа	тавцан <voc>
цуургатай	цуурга <com>
тэргүүлэгчээ	тэргүүлэгчид <voc>
алхаанд	алхаа <dat>
саатлаар	саатал <ins>
өөдөсний	өөдөс <gen>
асуулгаа	асуулга <voc>
уяаны	уяа <gen>
ёсолгоогоор	ёсолгоо <ins>
зангилаанд	зангилаа <dat>
улсаа	улс <voc>
гудсаа	гудас <voc>
сонирхолтой	сонирхол <com>
дамнуургыг	дамнуурга <acc>
эслэгийг	эслэг <acc>
алганд	алга <dat>
шаналлаас	шаналал <abl>
фракцаар	фракц <ins>
хуульчийг	хуульч <acc>
хуульчтай	хуульч <com>
тамхичныг	тамхичин <acc>
чангарлыг	чангарал <acc>
цаазаар	цааз <ins>
тусламжийг	тусламж <acc>
үрлэгтэй	үрлэг <com>
шаналгааны	шаналгаа <gen>
туслагчийн	туслагч <gen>
судлыг	судал <acc>
барилдлагатай	барилдлага <com>
системийг	систем <acc>
эзлэгчээс	эзлэгч <abl>
алдартнаа	алдартан <voc>
шинжээ	шинж <voc>
багшаас	багш <abl>
тараалтаар	тараалт <ins>
тавцангаар	тавцан <ins>
паалангаар	паалан <ins>
дэрээр	дэр <ins>
даяаны	даяан <gen>
шандастай	шандас <com>
зурхайн	зурхай <gen>
чадвартай	чадвар <com>
мэргэжлээс	мэргэжил <abl>
оператораа	оператор <voc>
зээлийн	зээл <gen>
агуйгаар	агуй <ins>
эвслийг	эвсэл <acc>
үнэмшлээс	үнэмшил <abl>
төмстэй	төмс <com>
өрсөлдөгчийг	өрсөлдөгч <acc>
донгийн	дон <gen>
зуршилд	зуршил <dat>
томилгоонд	томилгоо <dat>
багтраанаас	багтраа <abl>
тагтаагаар	тагтаа <ins>
дэвшилтэй	дэвшил <com>
луйвраа	луйвар <voc>
хацраас	хацар <abl>
уриаг	уриа <acc>
довтолгоотой	довтолгоо <com>
хөлгөөс	хөлөг <abl>
янжуураас	янжуур <abl>
яамыг	яам <acc>
ваарчнаа	ваарчин <voc>
чулуутай	чулуу <com>
сувагтай	суваг <com>
өндгөнд	өндөг <dat>
индексийг	индекс <acc>
зэрэглээгээ	зэрэглээ <voc>
үйлдвэртэй	үйлдвэр <com>
шүлэгчээ	шүлэгч <voc>
үйлдвэрээ	үйлдвэр <voc>
дампуурлын	дампуурал <gen>
унжлагатай	унжлага <com>
худалдагчийг	худалдагч <acc>
бөөрний	бөөр <gen>
ажилд	ажил <dat>
бодролын	бодрол <gen>
боолоос	боол <abl>
дайнаас	дайн <abl>
завхайрлын	завхайрал <gen>
гүзээлзгэнээ	гүзээлзгэнэ <voc>
символизмд	символизм <dat>
наалдацтай	наалдац <com>
ойлголтод	ойлголт <dat>
барьцааг	барьцаа <acc>
агааржуулагчтай	агааржуулагч <com>
барменээс	бармен <abl>
өсөлттэй	өсөлт <com>
бясалгалаа	бясалгал <voc>
кабелиас	кабель <abl>
өлсгөлөнгөөр	өлсгөлөн <ins>
бадгаас	бадаг <abl>
шилбээр	шилбэ <ins>
мэтгэлцээнтэй	мэтгэлцээн <com>
хушгаа	хушга <voc>
тохойг	тохой <acc>
шүлсэвчид	шүлсэвч <dat>
бэрхшээлтэй	бэрхшээл <com>
адаар	ад <ins>
махыг	мах <acc>
нягтаршлаар	нягтаршил <ins>
унаганы	унага <gen>
оптимизмоо	оптимизм <voc>
туяагаа	туяа <voc>
идеализмыг	идеализм <acc>
дэлгэцийг	дэлгэц <acc>
үүсгэлээ	үүсгэл <voc>
ойлголтоос	ойлголт <abl>
бугуйтай	бугуй <com>
дайчныг	дайчин <acc>
сульдаагаа	сульдаа <voc>
хүчлийн	хүчил <gen>
үргэлжлэлээс	үргэлжлэл <abl>
тохирооноос	тохироо <abl>
уяагаар	уяа <ins>
болроор	болор <ins>
хөшүүргээр	хөшүүрэг <ins>
бүлэглэлээр	бүлэглэл <ins>
сорвиноос	сорви <abl>
цэнгэлээ	цэнгэл <voc>
бэлэгт	бэлэг <dat>
адарт	адар <dat>
хөдөлгөгчийг	хөдөлгөгч <acc>
найрууламжаар	найрууламж <ins>
гологдлын	гологдол <gen>
уялдааг	уялдаа <acc>
залгаасаа	залгаас <voc>
сагагт	сагаг <dat>
багцаа	багц <voc>
хэрэгжилтэд	хэрэгжилт <dat>
шүүмжид	шүүмж <dat>
түвшинтэй	түвшин <com>
моделиор	модель <ins>
мужаантай	мужаан <com>
завхралаар	завхрал <ins>
хэмжээнд	хэмжээ <dat>
зуучлагчаа	зуучлагч <voc>
намгийн	намаг <gen>
жаягийн	жаяг <gen>
тэмдэглэгээгээр	тэмдэглэгээ <ins>
зохицлоо	зохицол <voc>
эзэмшлийг	эзэмшил <acc>
оныг	он <acc>
доргиогоор	доргио <ins>
хувиа	хувь <voc>
гадилаар	гадил <ins>
удамшлыг	удамшил <acc>
хөөрлийг	хөөрөл <acc>
ахмадыг	ахмад <acc>
аялгуунаас	аялгуу <abl>
зүслэгт	зүслэг <dat>
зардалд	зардал <dat>
мөргөлийн	мөргөл <gen>
сувдаа	сувд <voc>
зүгтэй	зүг <com>
капитализмтай	капитализм <com>
урхийг	урхи <acc>
сууцад	сууц <dat>
аяар	ая <ins>
ухуулгаа	ухуулга <voc>
бясалгалын	бясалгал <gen>
бизнесээс	бизнес <abl>
фокусыг	фокус <acc>
хөвөнд	хөвөн <dat>
номыг	ном <acc>
зоодойд	зоодой <dat>
гүнгийн	гүн <gen>
хойгийн	хойг <gen>
хүрээгээр	хүрээ <ins>
явцтай	явц <com>
элэгдлээр	элэгдэл <ins>
хэрсүүтэй	хэрсүү <com>
операторын	оператор <gen>
өргөтгөлөөс	өргөтгөл <abl>
төгсгөлөөс	төгсгөл <abl>
хэвээс	хэв <abl>
довтолгоонд	довтолгоо <dat>
нөмрөгийн	нөмрөг <gen>
тохиргооны	тохиргоо <gen>
ураа	ур <voc>
ёслолыг	ёслол <acc>
голын	гол <gen>
шээсээ	шээс <voc>
сувгийн	суваг <gen>
ахлагчийг	ахлагч <acc>
архины	архи <gen>
горьдлогыг	горьдлого <acc>
нөхөрлөлийн	нөхөрлөл <gen>
хоромтой	хором <com>
байлдагчийг	байлдагч <acc>
симфонитой	симфони <com>
ааваа	аав <voc>
тугалгаа	тугалга <voc>
самыг	сам <acc>
түүхээ	түүх <voc>
бэлхүүсэвчнээс	бэлхүүсэвч <abl>
байгалиар	байгаль <ins>
эзэмшигчтэй	эзэмшигч <com>
чихрээ	чихэр <voc>
шүхрээс	шүхэр <abl>
академийн	академи <gen>
зүрхэнд	зүрх <dat>
тэргийг	тэрэг <acc>
цогцолбороо	цогцолбор <voc>
тотитой	тоть <com>
эвэрт	эвэр <dat>
туйлд	туйл <dat>
үндэслэлээ	үндэслэл <voc>
зуршлаар	зуршил <ins>
сайжруулалттай	сайжруулалт <com>
баашаар	бааш <ins>
микробиологиор	микробиологи <ins>
айлчлалаас	айлчлал <abl>
ажлыг	ажил <acc>
ангаахайгаа	ангаахай <voc>
ариутгалаас	ариутгал <abl>
цөмөөс	цөм <abl>
эрдэнэстэй	эрдэнэс <com>
шороогоор	шороо <ins>
өндгөвчид	өндгөвч <dat>
зуушаа	зууш <voc>
залгаанаас	залгаа <abl>
хайчнаас	хайч <abl>
хяналтад	хяналт <dat>
оролцоонд	оролцоо <dat>
хэмнэлтэд	хэмнэлт <dat>
үрээр	үр <ins>
махтай	мах <com>
зүрхтэй	зүрх <com>
хэрсүүний	хэрсүү <gen>
чичирхийлэлд	чичирхийлэл <dat>
бэлчээрийн	бэлчээр <gen>
бэхжилтийн	бэхжилт <gen>
лаагаар	лаа <ins>
санаачлагчаас	санаачлагч <abl>
өргөтгөлийг	өргөтгөл <acc>
медалиар	медаль <ins>
гоёлоос	гоёл <abl>
хохирлыг	хохирол <acc>
томьёог	томьёо <acc>
архийг	архи <acc>
адраас	адар <abl>
өлсгөлөнг	өлсгөлөн <acc>
хошингоос	хошин <abl>
тунхаглалд	тунхаглал <dat>
замтай	зам <com>
шүвтрээр	шүвтэр <ins>
стандартаас	стандарт <abl>
тоог	тоо <acc>
чөмөгнөөс	чөмөг <abl>
дуудлагаа	дуудлага <voc>
оворт	овор <dat>
амжилттай	амжилт <com>
сэжигтний	сэжигтэн <gen>
найраас	найр <abl>
тэргээ	тэрэг <voc>
гадуурхалтай	гадуурхал <com>
дэлгүүрээ	дэлгүүр <voc>
гөрөөгөө	гөрөө <voc>
бачимдлыг	бачимдал <acc>
дугуйтай	дугуй <com>
төлөвлөгөөний	төлөвлөгөө <gen>
дайчилгааг	дайчилгаа <acc>
ноёрхолтой	ноёрхол <com>
чансаагаа	чансаа <voc>
шугамд	шугам <dat>
нөхвөрөөс	нөхвөр <abl>
үйлдлээр	үйлдэл <ins>
чичирхийллээ	чичирхийлэл <voc>
нийлүүлэлтээр	нийлүүлэлт <ins>
хамгаалагчаар	хамгаалагч <ins>
найруулагчид	найруулагч <dat>
шүүмжлэлээс	шүүмжлэл <abl>
мэхний	мэх <gen>
гагнуурт	гагнуур <dat>
чансааг	чансаа <acc>
боолтой	боол <com>
найруулгаа	найруулга <voc>
загвараар	загвар <ins>
битүүлгээс	битүүлэг <abl>
баримжаанд	баримжаа <dat>
хадаасанд	хадаас <dat>
хашлагаар	хашлага <ins>
үйлдвэрлэгчийг	үйлдвэрлэгч <acc>
дүрвэгчийн	дүрвэгчид <gen>
баашинд	бааш <dat>
мөөгийг	мөөг <acc>
ганхалттай	ганхалт <com>
гацааны	гацаа <gen>
шүүхэд	шүүх <dat>
ганцаардлаас	ганцаардал <abl>
зодооныг	зодоон <acc>
сууриас	суурь <abl>
тэмүүллээ	тэмүүлэл <voc>
мөрдөгчтэй	мөрдөгч <com>
онгоцоор	онгоц <ins>
өсгөлтийн	өсгөлт <gen>
ухралтаар	ухралт <ins>
наймаанаас	наймаа <abl>
хардалттай	хардалт <com>
чөмгийг	чөмөг <acc>
баазтай	бааз <com>
дагаврын	дагавар <gen>
зогсцод	зогсоц <dat>
зангилаанаас	зангилаа <abl>
кофейны	кофейн <gen>
ятгалгаа	ятгалга <voc>
залгааснаас	залгаас <abl>
цуглаанаар	цуглаан <ins>
ирцтэй	ирц <com>
төглөөр	төгөл <ins>
гэлэнмаагаар	гэлэнмаа <ins>
үнэлэмжээ	үнэлэмж <voc>
жолоочоос	жолооч <abl>
вирусээ	вирус <voc>
турниктэй	турник <com>
сэтгэгдлээс	сэтгэгдэл <abl>
үзлэгийн	үзлэг <gen>
уургийн	уураг <gen>
мөхөөлдсөө	мөхөөлдөс <voc>
зүйрлэлээ	зүйрлэл <voc>
дугуйгаа	дугуй <voc>
илгээгчээр	илгээгч <ins>
бижрүүнээс	бижрүү <abl>
өмхийээр	өмхий <ins>
дайсны	дайсан <gen>
квадраттай	квадрат <com>
ойлтод	ойлт <dat>
зөрлөгөөс	зөрлөг <abl>
долларт	доллар <dat>
бариагаа	бариа <voc>
салтаагаа	салтаа <voc>
тариачинтай	тариачин <com>
хөтчөө	хөтөч <voc>
боксоос	бокс <abl>
тэтгэмжээс	тэтгэмж <abl>
татвараас	татвар <abl>
цавуугаа	цавуу <voc>
хавцалд	хавцал <dat>
нийцэлтэй	нийцэл <com>
цэцэрлэгээ	цэцэрлэг <voc>
ухагдахууны	ухагдахуун <gen>
даяанчид	даяанч <dat>
сэжүүрээ	сэжүүр <voc>
газарт	газар <dat>
ертөнцөөс	ертөнц <abl>
сувдыг	сувд <acc>
хүүгийн	хүү <gen>
академиар	академи <ins>
шүтээнд	шүтээн <dat>
онолын	онол <gen>
бялдуучлалыг	бялдуучлал <acc>
углаашаа	углааш <voc>
уянгаар	уянга <ins>
зулайн	зулай <gen>
хариуцагчаа	хариуцагч <voc>
бохийг	бохь <acc>
үүлтэй	үүл <com>
бохирдолтой	бохирдол <com>
цалинд	цалин <dat>
сонирхогчийг	сонирхогчийн <acc>
ачлалд	ачлал <dat>
байтай	бай <com>
скаутад	скаут <dat>
чихээ	чих <voc>
сургаалаа	сургаал <voc>
гортигийг	гортиг <acc>
аяллаар	аялал <ins>
голоор	гол <ins>
бодолтоор	бодолт <ins>
ажилчныг	ажилчин <acc>
гацуурт	гацуур <dat>
аялгуунд	аялгуу <dat>
моделио	модель <voc>
бүргэдээр	бүргэд <ins>
тусламжаа	тусламж <voc>
маханд	мах <dat>
наймаачинд	наймаачин <dat>
дахилтын	дахилт <gen>
далайтай	далай <com>
сүйгээ	сүй <voc>
цементээр	цемент <ins>
коллежтой	коллеж <com>
түйвээнээр	түйвээн <ins>
бүргэдийг	бүргэд <acc>
төлөгнөөс	төлөг <abl>
майонезаа	майонез <voc>
найрууламжид	найрууламж <dat>
маркетингаас	маркетинг <abl>
төлөвлөгөөгөөр	төлөвлөгөө <ins>
халамжтай	халамж <com>
уулзалтаас	уулзалт <abl>
ресторантай	ресторан <com>
шинэчлэлийн	шинэчлэл <gen>
илтгэгчийг	илтгэгч <acc>
хунтай	хун <com>
хэмжээстэй	хэмжээс <com>
залилантай	залилан <com>
боолтоос	боолт <abl>
шаталтаас	шаталт <abl>
хучилтаас	хучилт <abl>
хувьслыг	хувьсал <acc>
ханцуйгаа	ханцуй <voc>
галзуурлаас	галзуурал <abl>
биежилтээр	биежилт <ins>
цардсыг	цардас <acc>
цохилтоос	цохилт <abl>
язгуурт	язгуур <dat>
зайгаар	зай <ins>
аягаа	аяга <voc>
глюкозоор	глюкоз <ins>
шаазанг	шаазан <acc>
сүйрлээс	сүйрэл <abl>
таргалалттай	таргалалт <com>
цэргээс	цэрэг <abl>
маргаанаар	маргаан <ins>
салалтын	салалт <gen>
тохуутай	тохуу <com>
хуваагдалтай	хуваагдал <com>
зөвлөлд	зөвлөл <dat>
аюулыг	аюул <acc>
харьцуулалтаас	харьцуулалт <abl>
хяналттай	хяналт <com>
төсвийн	төсөв <gen>
олтригийн	олтриг <gen>
шумбагчаар	шумбагч <ins>
шаналлыг	шаналал <acc>
гараар	гар <ins>
нислэгээр	нислэг <ins>
шүүрээс	шүүр <abl>
эвлэрэлтэй	эвлэрэл <com>
хүндлэлээ	хүндлэл <voc>
цуглаанаас	цуглаан <abl>
операторт	оператор <dat>
бэхжилтээ	бэхжилт <voc>
талийгаачаас	талийгаач <abl>
улыг	ул <acc>
шувуунд	шувуу <dat>
нүхээр	нүх <ins>
янхнаар	янхан <ins>
будаанд	будаа <dat>
бамбайг	бамбай <acc>
дугтуйнаас	дугтуй <abl>
масштабтай	масштаб <com>
манлайлагчийн	манлайлагч <gen>
сануулгын	сануулга <gen>
зэрэгт	зэрэг <dat>
ташуураар	ташуур <ins>
аралд	арал <dat>
мэтгэлцэгчтэй	мэтгэлцэгч <com>
үртэснээс	үртэс <abl>
байгууламжаар	байгууламж <ins>
хөдлөлөө	хөдлөл <voc>
коллежийг	коллеж <acc>
дайснаар	дайсан <ins>
зургаа	зураг <voc>
консулаар	консул <ins>
товхимлыг	товхимол <acc>
шархлааны	шархлаа <gen>
нохойд	нохой <dat>
явцаа	явц <voc>
алхааны	алхаа <gen>
урвалтай	урвал <com>
бадгаар	бадаг <ins>
дохиураас	дохиур <abl>
ургаар	ургийнхан <ins>
амталгааны	амталгаа <gen>
хамтатгалаар	хамтатгал <ins>
оргуулын	оргуул <gen>
бэрхшээлээс	бэрхшээл <abl>
тугалганд	тугалга <dat>
өөхийг	өөх <acc>
егөөдөлтэй	егөөдөл <com>
сонсогчоо	сонсогч <voc>
ялгаруулалтаас	ялгаруулалт <abl>
дүрвэгчээс	дүрвэгч <abl>
авьяастны	авьяастан <gen>
хичээлийн	хичээл <gen>
үртэстэй	үртэс <com>
тарианд	тариа <dat>
цэргээ	цэрэг <voc>
суурийг	суурь <acc>
гинжний	гинж <gen>
боловсролоо	боловсрол <voc>
илээчээс	илээч <abl>
зарцыг	зарц <acc>
цэцэрлэгээр	цэцэрлэг <ins>
худгийн	худаг <gen>
тамирчинд	тамирчин <dat>
экосистемээ	экосистем <voc>
нисгэгчийг	нисгэгч <acc>
бизнесийг	бизнес <acc>
гажгаа	гажиг <voc>
үзүүлэнд	үзүүлэн <dat>
шүүмжлэгчтэй	шүүмжлэгч <com>
бахинд	бахь <dat>
хөөрөлтөд	хөөрөлт <dat>
сургалтаа	сургалт <voc>
торгуулийг	торгууль <acc>
сүйтгэгчийг	сүйтгэгч <acc>
хүйтэнд	хүйтэн <dat>
төвтэй	төв <com>
оноо	он <voc>
итгэлийн	итгэл <gen>
хаягдлыг	хаягдал <acc>
шүүлтүүртэй	шүүлтүүр <com>
эрдэстэй	эрдэс <com>
эвэрлэгээс	эвэрлэг <abl>
чимхүүрээ	чимхүүр <voc>
аралтай	арал <com>
хэвлийд	хэвлий <dat>
тогтворт	тогтвор <dat>
хаантай	хаан <com>
угсралтыг	угсралт <acc>
шимтгэлээс	шимтгэл <abl>
авиатай	авиа <com>
хэмжээсээс	хэмжээс <abl>
диаметрээ	диаметр <voc>
хошуучийн	хошууч <gen>
тавиурыг	тавиур <acc>
түгжрэлтэй	түгжрэл <com>
хурдтай	хурд <com>
атираатай	атираа <com>
хөгжмийг	хөгжим <acc>
тасралаа	тасрал <voc>
уурхайнаас	уурхай <abl>
мухлагаас	мухлаг <abl>
бэлгээс	бэлэг <abl>
тэжээлээс	тэжээл <abl>
хэмжигдэхүүнтэй	хэмжигдэхүүн <com>
зүүлтийг	зүүлт <acc>
гологдлоор	гологдол <ins>
сүйрлээ	сүйрэл <voc>
мэдрэмжийг	мэдрэмж <acc>
шинжилгээтэй	шинжилгээ <com>
дамаа	дам <voc>
алдартны	алдартан <gen>
зусланг	зуслан <acc>
алгыг	алга <acc>
чулууг	чулуу <acc>
мэрэгчээр	мэрэгч <ins>
тасалбараас	тасалбар <abl>
гимнастикт	гимнастик <dat>
хуваагдагчийг	хуваагдагч <acc>
имээс	им <abl>
тамганд	тамга <dat>
шантай	шан <com>
жигшлээс	жигшил <abl>
амуугаар	амуу <ins>
халаасанд	халаас <dat>
бөмбөрөө	бөмбөр <voc>
тогтоолоор	тогтоол <ins>
тэсрэлтээс	тэсрэлт <abl>
цорготой	цорго <com>
бөөрөө	бөөр <voc>
даргаа	дарга <voc>
гасланг	гаслан <acc>
ястныг	ястан <acc>
бүтээлгээ	бүтээлэг <voc>
романы	роман <gen>
анхаарлыг	анхаарал <acc>
хөдсөнд	хөдөс <dat>
шүвтрийн	шүвтэр <gen>
горьдлоготой	горьдлого <com>
нэрийг	нэр <acc>
баазаар	бааз <ins>
исэлтээ	исэлт <voc>
продакшнаа	продакшн <voc>
алхмаар	алхам <ins>
өтгөнөөс	өтгөн <abl>
дамжуулагчийн	дамжуулагч <gen>
цуутай	цуу <com>
хольцоо	хольц <voc>
цацгийг	цацаг <acc>
боргионоос	боргио <abl>
тэмдгийг	тэмдэг <acc>
өднөөс	өд <abl>
бүрэлбаанаас	бүрэлбаа <abl>
харьяаллын	харьяалал <gen>
цуглуулагчаар	цуглуулагч <ins>
дасгалжуулагчаа	дасгалжуулагч <voc>
амьдралын	амьдрал <gen>
ууршилтаа	ууршилт <voc>
биллиардын	биллиард <gen>
шүглийг	шүгэл <acc>
хөвөнгөөс	хөвөн <abl>
төлөөсөөр	төлөөс <ins>
өвчнөөр	өвчин <ins>
ихэстэй	ихэс <com>
өтгөний	өтгөн <gen>
тогтворжилтоос	тогтворжилт <abl>
вирусээр	вирус <ins>
дисктэй	диск <com>
гаралтай	гарал <com>
доромжлолоор	доромжлол <ins>
радиог	радио <acc>
хэвээр	хэвийн <ins>
командлагчтай	командлагч <com>
цардуулаар	цардуул <ins>
хэлцлээ	хэлцэл <voc>
цогцолбортой	цогцолбор <com>
экосистемийн	экосистем <gen>
атомоо	атом <voc>
сүсэгтэнд	сүсэгтэн <dat>
сүргээ	сүрэг <voc>
дүрвэгчээ	дүрвэгч <voc>
цоргоны	цорго <gen>
унжлагаа	унжлага <voc>
бөндгөртэй	бөндгөр <com>
адраа	адар <voc>
тараалтыг	тараалт <acc>
олтригтой	олтриг <com>
дэнсээ	дэнс <voc>
модернизмд	модернизм <dat>
хаалгаа	хаалга <voc>
төрөө	төр <voc>
судалгаагаа	судалгаа <voc>
бэлгэвчид	бэлгэвч <dat>
хормыг	хором <acc>
исгээ	исэг <voc>
зэрэгтэй	зэрэг <com>
соёлтой	соёл <com>
булингарын	булингар <gen>
өмчийн	өмч <gen>
ялгадаснаас	ялгадас <abl>
хотжилтоор	хотжилт <ins>
бөмбөрийг	бөмбөр <acc>
түүхийн	түүх <gen>
дууг	дуу <acc>
өрсөлдөгчид	өрсөлдөгч <dat>
гэгээрлийн	гэгээрэл <gen>
ноогдлоор	ноогдол <ins>
сүсэгтнээр	сүсэгтэн <ins>
гоймонгоор	гоймон <ins>
хөрөнгөтнөөс	хөрөнгөтөн <abl>
алдаагаа	алдаа <voc>
наадгайг	наадгай <acc>
оосорт	оосор <dat>
бугуйгаар	бугуй <ins>
хэцээс	хэц <abl>
огтлолцлоос	огтлолцол <abl>
банканд	банк <dat>
аялагчийн	аялагч <gen>
найдлагаас	найдлага <abl>
бассейнаа	бассейн <voc>
таазаар	тааз <ins>
мэтгэлцэгчээс	мэтгэлцэгч <abl>
шуудайг	шуудай <acc>
эвсэлд	эвсэл <dat>
стратегийг	стратеги <acc>
цохилтын	цохилт <gen>
хэвлэгчтэй	хэвлэгч <com>
өвөөд	өвөө <dat>
самуунаа	самуун <voc>
боломжоо	боломж <voc>
харамслаа	харамсал <voc>
шороогоо	шороо <voc>
зангианаас	зангиа <abl>
тунадсыг	тунадас <acc>
луувантай	лууван <com>
үүнд	үү <dat>
нээлтэд	нээлт <dat>
төвөөс	төв <abl>
түүхийг	түүх <acc>
тохуурхалд	тохуурхал <dat>
шулмаар	шулам <ins>
сайдаа	сайд <voc>
хөтчид	хөтөч <dat>
боловсруулалтын	боловсруулалт <gen>
нуруугаар	нуруу <ins>
хавтаснаас	хавтас <abl>
урвагчаа	урвагч <voc>
зардлаар	зардал <ins>
шүүсэнд	шүүс <dat>
хянагчид	хянагч <dat>
хавсралтын	хавсралт <gen>
хоньтой	хонь <com>
эзнийг	эзэн <acc>
гуяаа	гуя <voc>
дүрэмтэй	дүрмийн <com>
рационализмаас	рационализм <abl>
урвагчаар	урвагч <ins>
сааны	саа <gen>
аваарын	аваар <gen>
замаар	зам <ins>
сэргээлтээр	сэргээлт <ins>
сэжигтнээ	сэжигтэн <voc>
эвдрэлийн	эвдрэл <gen>
гаансаа	гаанс <voc>
маслыг	масло <acc>
турникээс	турник <abl>
иргэнтэй	иргэн <com>
явдлаа	явдал <voc>
ялагчтай	ялагч <com>
ууршилтаас	ууршилт <abl>
гартай	гар <com>
гэрээр	гэр <ins>
өрөмдлөгийг	өрөмдлөг <acc>
савны	сав <gen>
хэрэмтэй	хэрэм <com>
амрагт	амраг <dat>
тэмцэлтэй	тэмцэл <com>
захиргаанд	захиргаа <dat>
казинотой	казино <com>
доромжлолоос	доромжлол <abl>
олтригийг	олтриг <acc>
цуваанд	цуваа <dat>
тэнцвэрээ	тэнцвэр <voc>
заламгайгаа	заламгай <voc>
цуурайн	цуурай <gen>
нугасаа	нугас <voc>
жагсаалаас	жагсаал <abl>
цардуулд	цардуул <dat>
мананг	манан <acc>
хунгаа	хун <voc>
дарангуйлагчид	дарангуйлагч <dat>
саналыг	санал <acc>
дамнуургад	дамнуурга <dat>
тоогоо	тоо <voc>
хатуулгын	хатуулга <gen>
булштай	булш <com>
солиогоор	солио <ins>
ёсолгоог	ёсолгоо <acc>
боргиотой	боргио <com>
эмнэлэгт	эмнэлэг <dat>
таамаглалаар	таамаглал <ins>
өрсөлдөөнд	өрсөлдөөн <dat>
ачлалын	ачлал <gen>
өөрчлөлтэй	өөрчлөл <com>
шавраар	шавар <ins>
сэжгээр	сэжиг <ins>
голтой	голд <com>
заагчаар	заагч <ins>
тохуунаас	тохуу <abl>
өсгөлтийг	өсгөлт <acc>
зулайгаар	зулай <ins>
холестериноос	холестерин <abl>
шившгээр	шившиг <ins>
харуулд	харуул <dat>
царайнаас	царай <abl>
уулзвараас	уулзвар <abl>
сургалттай	сургалт <com>
нэгтгэлд	нэгтгэл <dat>
босуултай	босуул <com>
тогтолцоог	тогтолцоо <acc>
шумуулаар	шумуул <ins>
нийцлээ	нийцэл <voc>
түгшүүрээр	түгшүүр <ins>
даяанчаас	даяанч <abl>
шөнөтэй	шөнө <com>
эгчтэй	эгч <com>
могойгоор	могой <ins>
тасралыг	тасрал <acc>
шүүрийг	шүүр <acc>
залгавраа	залгавар <voc>
мухлагаар	мухлаг <ins>
цацгаас	цацаг <abl>
өдөртэй	өдөр <com>
генералын	генерал <gen>
ургацтай	ургац <com>
номоос	ном <abl>
аялгууг	аялгуу <acc>
атгад	атга <dat>
өчлийн	өчил <gen>
үртсээр	үртэс <ins>
заргын	зарга <gen>
казинод	казино <dat>
уршгаа	уршиг <voc>
хүндэтгэлд	хүндэтгэл <dat>
төслөө	төсөл <voc>
даланг	далан <acc>
нийлэмжээ	нийлэмж <voc>
тоглогчид	тоглогч <dat>
авгалдайгаа	авгалдай <voc>
таамаглалд	таамаглал <dat>
илбийг	илбэ <acc>
залбирлаа	залбирал <voc>
хэмжигчээр	хэмжигч <ins>
гүнгээр	гүн <ins>
зараанаас	зараа <abl>
далайчнаар	далайчин <ins>
таслалтаа	таслалт <voc>
амьдчилалд	амьдчилал <dat>
сорилттой	сорилт <com>
хөдөлгөөний	хөдөлгөөн <gen>
өсөлтөө	өсөлт <voc>
далайгаа	далай <voc>
сахиустай	сахиус <com>
давталтын	давталт <gen>
ганцаардлаар	ганцаардал <ins>
сорилтоо	сорилт <voc>
оргилоор	оргил <ins>
хөөрөлтөөс	хөөрөлт <abl>
харуусалтай	харуусал <com>
хязгаарын	хязгаар <gen>
түгжээнээс	түгжээ <abl>
боломжид	боломж <dat>
хуулиа	хууль <voc>
спиртийг	спирт <acc>
заналхийллээ	заналхийлэл <voc>
араншингаас	араншин <abl>
нөмрөгийг	нөмрөг <acc>
тотемоо	тотем <voc>
хаалгатай	хаалга <com>
ойлтоо	ойлт <voc>
банзалд	банзал <dat>
туулиа	тууль <voc>
үйлдвэрлэлийг	үйлдвэрлэл <acc>
уртрагийн	уртраг <gen>
зүйлтэй	зүйл <com>
бүрдэлтэй	бүрдэл <com>
бонусыг	бонус <acc>
холестерины	холестерин <gen>
боловсруулалтаас	боловсруулалт <abl>
гаригаар	гариг <ins>
тасалбараар	тасалбар <ins>
шүүлтүүрт	шүүлтүүр <dat>
сорвио	сорви <voc>
хувьсгалыг	хувьсгал <acc>
эрлээ	эрэл <voc>
амуутай	амуу <com>
символизмоос	символизм <abl>
ширгээ	ширэг <voc>
тунхгийг	тунхаг <acc>
сэтгүүлчийн	сэтгүүлч <gen>
хушгаар	хушга <ins>
тахалтай	тахал <com>
эвэртэй	эвэр <com>
үүргэвчээр	үүргэвч <ins>
оюутанд	оюутан <dat>
удирдагчтай	удирдагч <com>
байдлын	байдал <gen>
хэмнэлтийг	хэмнэлт <acc>
мөсөө	мөс <voc>
хэвлэлтийн	хэвлэлт <gen>
дараалалд	дараалал <dat>
зээлээр	зээл <ins>
зүтгэлээр	зүтгэл <ins>
цооногийн	цооног <gen>
зурагчнаа	зурагчин <voc>
голоос	голд <abl>
дуулийн	дууль <gen>
гүнгээс	гүн <abl>
хакерыг	хакер <acc>
хүчилтөрөгчөөс	хүчилтөрөгч <abl>
дасгалаар	дасгал <ins>
андын	анд <gen>
нисгэгчээр	нисгэгч <ins>
жүржээ	жүрж <voc>
туйлаас	туйл <abl>
ойлголтын	ойлголт <gen>
маягаар	маяг <ins>
угсралтад	угсралт <dat>
чиглэлийн	чиглэл <gen>
магтаалын	магтаал <gen>
эрмэлзлийн	эрмэлзэл <gen>
таглааны	таглаа <gen>
хуягтай	хуяг <com>
ширээсний	ширээс <gen>
ёгтлолд	ёгтлол <dat>
батжилтыг	батжилт <acc>
эрэгтэй	эрэг <com>
загатнааны	загатнаа <gen>
шумуулаас	шумуул <abl>
реализмтай	реализм <com>
зуушаар	зууш <ins>
нөхөртэй	нөхөр <com>
бульдозероос	бульдозер <abl>
шугуйнаас	шугуй <abl>
тооцооноос	тооцоо <abl>
бэхээр	бэх <ins>
хэрчмээ	хэрчим <voc>
цусны	цус <gen>
зэвсгээр	зэвсэг <ins>
голомттой	голомт <com>
байнгаар	байнгын <ins>
хэрэгслээ	хэрэгсэл <voc>
сүсэгтэнтэй	сүсэгтэн <com>
заагаас	зааг <abl>
холбоосыг	холбоос <acc>
шүүмжлэгчийн	шүүмжлэгч <gen>
бүргэдийн	бүргэд <gen>
шалгалтад	шалгалт <dat>
доройтлын	доройтол <gen>
нугасыг	нугас <acc>
казиногоос	казино <abl>
томилгооны	томилгоо <gen>
барьцаанд	барьцаа <dat>
хасалтаар	хасалт <ins>
тэлэлтээр	тэлэлт <ins>
эргүүлгийг	эргүүлэг <acc>
оосроос	оосор <abl>
суралцагчаар	суралцагч <ins>
атгаа	атга <voc>
багшид	багш <dat>
шавраа	шавар <voc>
баталгааг	баталгаа <acc>
дохиоллоо	дохиолол <voc>
гамшгаар	гамшиг <ins>
бурхантай	бурхан <com>
амттай	амт <com>
бөмбөрцөгт	бөмбөрцөг <dat>
өсгөлтөд	өсгөлт <dat>
хариуцагчаар	хариуцагч <ins>
бүжигчнээ	бүжигчин <voc>
зохиомжийн	зохиомж <gen>
өгөгдлийг	өгөгдөл <acc>
хурдасгагчийн	хурдасгагч <gen>
хальснаас	хальс <abl>
хувьд	хувь <dat>
амбицыг	амбиц <acc>
үед	үе <dat>
роботтой	робот <com>
зогсоолыг	зогсоол <acc>
ханиаданд	ханиад <dat>
хангалтаа	хангалт <voc>
эрэгчнээ	эрэгчин <voc>
намартай	намар <com>
жараахайд	жараахай <dat>
наадмын	наадам <gen>
тэнүүлийг	тэнүүл <acc>
үйлдвэрийн	үйлдвэр <gen>
даамжралаас	даамжрал <abl>
инерцээ	инерц <voc>
гялбаатай	гялбаа <com>
цавиар	цавь <ins>
хүрмийг	хүрэм <acc>
бутанд	бут <dat>
хувцсаа	хувцас <voc>
шүршүүрээс	шүршүүр <abl>
сэжгээ	сэжиг <voc>
мэндчилгээтэй	мэндчилгээ <com>
клиниктэй	клиник <com>
шүүмжлэлийн	шүүмжлэл <gen>
пуужинтай	пуужин <com>
роботод	робот <dat>
моодноос	моод <abl>
бэлхүүсэнд	бэлхүүс <dat>
сэжүүрээр	сэжүүр <ins>
дамчны	дамчин <gen>
төвлөрүүлэлтийн	төвлөрүүлэлт <gen>
хатуулгад	хатуулга <dat>
хайлттай	хайлт <com>
төмсгөөр	төмсөг <ins>
соруулд	соруул <dat>
дургүйцэлтэй	дургүйцэл <com>
цайзад	цайз <dat>
гудасны	гудас <gen>
агаарт	агаар <dat>
шонгоос	шон <abl>
тусламжтай	тусламж <com>
удирдамжаар	удирдамж <ins>
хэвлэлээр	хэвлэл <ins>
гийчнийг	гийчин <acc>
хаалтын	хаалт <gen>
судалгаанд	судалгаа <dat>
ордноо	ордон <voc>
дохиололд	дохиолол <dat>
далдлалттай	далдлалт <com>
сархдын	сархад <gen>
саадтай	саад <com>
гажгаас	гажиг <abl>
эвлэрүүлэгчийн	эвлэрүүлэгч <gen>
мөргөлд	мөргөл <dat>
салалтаар	салалт <ins>
батжилтаас	батжилт <abl>
сааталтай	саатал <com>
дохиуртай	дохиур <com>
гагнуураар	гагнуур <ins>
мөргөлчнөөр	мөргөлчин <ins>
шинэтгэлээ	шинэтгэл <voc>
хүчилтөрөгчид	хүчилтөрөгч <dat>
илжигний	илжиг <gen>
шүүгээтэй	шүүгээ <com>
цэртэй	цэр <com>
шаантгийг	шаантаг <acc>
тариачинд	тариачин <dat>
тэсвэртэй	тэсвэр <com>
түлхүүрт	түлхүүр <dat>
харшлыг	харшил <acc>
элементээс	элемент <abl>
найрууламжтай	найрууламж <com>
эцсийг	эцэс <acc>
хөдөлгөөнөөс	хөдөлгөөн <abl>
хэрчмээс	хэрчим <abl>
дасгалтай	дасгал <com>
ахмадын	ахмад <gen>
үрээс	үр <abl>
толгойгоор	толгой <ins>
хураангуйн	хураангуй <gen>
хайлшинд	хайлш <dat>
тараалтаас	тараалт <abl>
гэрлэлтийг	гэрлэлт <acc>
алдаагаар	алдаа <ins>
элчтэй	элч <com>
амьсгалтай	амьсгал <com>
торонд	торт <dat>
сэлмээр	сэлэм <ins>
найрамдалд	найрамдал <dat>
зугтуулаас	зугтуул <abl>
адилтгалаас	адилтгал <abl>
экваторын	экватор <gen>
асфальтаар	асфальт <ins>
барьцалдаанд	барьцалдаа <dat>
хэллэгт	хэллэг <dat>
харууслыг	харуусал <acc>
өмсгөлийг	өмсгөл <acc>
бэртэлтээс	бэртэлт <abl>
гомдлоор	гомдол <ins>
гацаанаас	гацаа <abl>
хирстэй	хирс <com>
уулд	уул <dat>
кофег	кофе <acc>
сэргээшээ	сэргээш <voc>
өгзгөнд	өгзөг <dat>
томоо	том <voc>
бульдозероо	бульдозер <voc>
замаас	зам <abl>
хурдасгуураа	хурдасгуур <voc>
төөрөгдлийн	төөрөгдөл <gen>
масштабт	масштаб <dat>
баяраар	баяр <ins>
өөхний	өөх <gen>
хөлстэй	хөлс <com>
гачигдалтай	гачигдал <com>
яриатай	яриа <com>
байгалиас	байгаль <abl>
дуудлагатай	дуудлага <com>
австай	авс <com>
зөвлөлөөс	зөвлөл <abl>
ширээнээс	ширээ <abl>
сүрдүүлэгт	сүрдүүлэг <dat>
ярилцлагатай	ярилцлага <com>
ирмэгээс	ирмэг <abl>
баганыг	багана <acc>
өсөлтөд	өсөлт <dat>
шингэлтээ	шингэлт <voc>
үзүүлбэрээс	үзүүлбэр <abl>
тариуртай	тариур <com>
шаналгаанд	шаналгаа <dat>
явдалтай	явдал <com>
цөлөөс	цөл <abl>
биелэлтээ	биелэлт <voc>
салтаагаар	салтаа <ins>
энгэсгээс	энгэсэг <abl>
цэцэглэлтийг	цэцэглэлт <acc>
үзэгчид	үзэгч <dat>
хөтөлбөрт	хөтөлбөр <dat>
агуулахаас	агуулах <abl>
сэдэгчээс	сэдэгч <abl>
бахитай	бахь <com>
өөхөө	өөх <voc>
хуудсанд	хуудас <dat>
газраас	газар <abl>
шүдийг	шүд <acc>
санхүүд	санхүү <dat>
цохилтоо	цохилт <voc>
ургийн	ургийнхан <gen>
дагавартай	дагавар <com>
найрлагаар	найрлага <ins>
хамтралаа	хамтрал <voc>
дүнзний	дүнз <gen>
хамарт	хамар <dat>
бөглөрлийн	бөглөрөл <gen>
үнэмшлийн	үнэмшил <gen>
аюулд	аюул <dat>
зээлийг	зээл <acc>
илгээгчийг	илгээгч <acc>
сампинтай	сампин <com>
өрөөтэй	өрөө <com>
ёроолд	ёроол <dat>
зээлдүүлэгчтэй	зээлдүүлэгч <com>
хольцод	хольц <dat>
шийдвэрээ	шийдвэр <voc>
гүйцэтгэлийн	гүйцэтгэл <gen>
өсөлтийн	өсөлт <gen>
халдлагаас	халдлага <abl>
тохио	тохь <voc>
хямдралд	хямдрал <dat>
үерхэлтэй	үерхэл <com>
ургацгийн	ургацаг <gen>
луйврыг	луйвар <acc>
экологио	экологи <voc>
хигээсэнд	хигээс <dat>
буудлын	буудал <gen>
хатаагуураас	хатаагуур <abl>
зугтлагад	зугтлага <dat>
гахайд	гахай <dat>
луусыг	луус <acc>
тусгалаа	тусгал <voc>
жүжгийн	жүжиг <gen>
хиамнаас	хиам <abl>
туурайгаа	туурай <voc>
бизнесийн	бизнес <gen>
оноштой	онош <com>
шүхэрт	шүхэр <dat>
ээжээр	ээж <ins>
шүүрлээр	шүүрэл <ins>
давхраагаар	давхраа <ins>
хацрын	хацар <gen>
шумбагчийн	шумбагч <gen>
даралтыг	даралт <acc>
гийчнээ	гийчин <voc>
ирмэгээ	ирмэг <voc>
хүчилтөрөгчөөр	хүчилтөрөгч <ins>
шившигтэй	шившиг <com>
шуургаа	шуурга <voc>
горьдлогоор	горьдлого <ins>
бүлгээ	бүлэг <voc>
дамчнаар	дамчин <ins>
клиникийн	клиник <gen>
зээрэнцгээр	зээрэнцэг <ins>
мухлагийн	мухлаг <gen>
хамгаалагчийн	хамгаалагч <gen>
үзүүлэлтийн	үзүүлэлт <gen>
хэмжигдэхүүнээс	хэмжигдэхүүн <abl>
шүтээнээс	шүтээн <abl>
шүүмжийн	шүүмж <gen>
бижрүүгээ	бижрүү <voc>
чагнаалаар	чагнаал <ins>
хатаагууртай	хатаагуур <com>
даажигналд	даажигнал <dat>
сүйтгэгчээр	сүйтгэгч <ins>
хорионоос	хорио <abl>
буудлагаар	буудлага <ins>
үймээнээс	үймээн <abl>
охиноо	охин <voc>
хөлөө	хөл <voc>
киногоо	кино <voc>
тээвэрлэлтэд	тээвэрлэлт <dat>
туслалцаанаас	туслалцаа <abl>
тосгонтой	тосгон <com>
солирыг	солир <acc>
хөөрөлтэй	хөөрөл <com>
цооногоос	цооног <abl>
тэрслэгчтэй	тэрслэгч <com>
бөгжинд	бөгж <dat>
скаутаа	скаут <voc>
дэвшлийг	дэвшил <acc>
шүлсэвчээ	шүлсэвч <voc>
статистикаар	статистик <ins>
захирамжийн	захирамж <gen>
ачаас	ач <abl>
үүсгэлээр	үүсгэл <ins>
шалгалтаас	шалгалт <abl>
хулганаа	хулгана <voc>
буудалд	буудал <dat>
заанаас	заан <abl>
барилгаас	барилга <abl>
хатуужлаар	хатуужил <ins>
аршид	арш <dat>
жинлүүрээр	жинлүүр <ins>
шударгаас	шударга <abl>
дутагдлын	дутагдал <gen>
баашаа	бааш <voc>
егөөдлөөр	егөөдөл <ins>
эсэргүүцлийн	эсэргүүцэл <gen>
ботаникт	ботаник <dat>
орчуулгатай	орчуулга <com>
туйлаар	туйл <ins>
зөвлөмжид	зөвлөмж <dat>
чангалуурт	чангалуур <dat>
үзмийн	үзэм <gen>
билеттэй	билет <com>
ташуураа	ташуур <voc>
мухлагийг	мухлаг <acc>
шинжилгээнээс	шинжилгээ <abl>
ээрүүлийн	ээрүүл <gen>
танхимтай	танхим <com>
оёдолчноор	оёдолчин <ins>
гимнастикаар	гимнастик <ins>
тайтгаралтай	тайтгарал <com>
оргуулаас	оргуул <abl>
томилгооноос	томилгоо <abl>
гоёлыг	гоёл <acc>
өвөөг	өвөө <acc>
халамжаар	халамж <ins>
кредиттэй	кредит <com>
хайрсанд	хайрс <dat>
дарааллаа	дараалал <voc>
философийг	философи <acc>
хөтчөөс	хөтөч <abl>
захирамжаас	захирамж <abl>
ардчилалд	ардчилал <dat>
нөөцийн	нөөц <gen>
хамгаалагчийг	хамгаалагч <acc>
хэлбэрт	хэлбэр <dat>
тахны	тах <gen>
баталгаагаа	баталгаа <voc>
зөрлөгийг	зөрлөг <acc>
хоригийн	хориг <gen>
сануулгатай	сануулга <com>
сонгиноос	сонгино <abl>
халаастай	халаас <com>
бэлтгэлийг	бэлтгэл <acc>
инээмсэглэлтэй	инээмсэглэл <com>
экваторыг	экватор <acc>
хийлээс	хийл <abl>
хуулбараар	хуулбар <ins>
унжлагаас	унжлага <abl>
дампуурлаас	дампуурал <abl>
эхэд	эх <dat>
донтноо	донтон <voc>
чамархайнаас	чамархай <abl>
дайралтыг	дайралт <acc>
харьцууллаар	харьцуулал <ins>
тохийн	тохь <gen>
өндөгний	өндөг <gen>
цохилтоор	цохилт <ins>
жолоонд	жолоо <dat>
сөргөлдөөнийг	сөргөлдөөн <acc>
маркаа	марк <voc>
хүндрэлээс	хүндрэл <abl>
танкаар	танк <ins>
бэлхүүсийг	бэлхүүс <acc>
майхантай	майхан <com>
таарамжаа	таарамж <voc>
хөгжмийн	хөгжим <gen>
кофенд	кофе <dat>
маажингаар	маажин <ins>
чийгтэй	чийг <com>
гулсуурыг	гулсуур <acc>
скаутаар	скаут <ins>
хяналтаа	хяналт <voc>
төлөөснөөс	төлөөс <abl>
балетаа	балет <voc>
мэдээллийн	мэдээлэл <gen>
байлдаанаас	байлдаан <abl>
гацуураа	гацуур <voc>
тойргоор	тойрог <ins>
түрүүг	түрүү <acc>
уулзвараа	уулзвар <voc>
уулзалтаар	уулзалт <ins>
нууцлалыг	нууцлал <acc>
бариачаар	бариач <ins>
амбицын	амбиц <gen>
хошуугаар	хошуу <ins>
дөнжийг	дөнжөө <acc>
лазераас	лазер <abl>
пааланд	паалан <dat>
уралдаанаар	уралдаан <ins>
капитализмаас	капитализм <abl>
хатгамалтай	хатгамал <com>
этүүрийн	этүүр <gen>
савантай	саван <com>
заагчийн	заагч <gen>
хэлцлээс	хэлцэл <abl>
харуулаа	харуул <voc>
хүүгээ	хүү <voc>
оргодолд	оргодол <dat>
тагнуулд	тагнуул <dat>
гудамжтай	гудамж <com>
эндүүрэлд	эндүүрэл <dat>
хучлагаа	хучлага <voc>
айзамтай	айзам <com>
мэнгэнд	мэнгэ <dat>
шуугианы	шуугиан <gen>
радиогоо	радио <voc>
пальтотой	пальто <com>
сэрвээтэй	сэрвээ <com>
ховсоор	ховс <ins>
чийгт	чийг <dat>
хэвд	хэвийн <dat>
зуслангийн	зуслан <gen>
үзэгчтэй	үзэгч <com>
хонины	хонь <gen>
үйсний	үйс <gen>
усталыг	устал <acc>
хоригоос	хориг <abl>
босгын	босго <gen>
дүрэмд	дүрэм <dat>
өгзөгнөөс	өгзөг <abl>
тооцоололтой	тооцоолол <com>
нийлгээ	нийлэг <voc>
цохиураар	цохиур <ins>
талбайн	талбай <gen>
алиалагчаар	алиалагч <ins>
шуугианд	шуугиан <dat>
гараагаа	гараа <voc>
хэрэгтнээс	хэрэгтэн <abl>
уралдааныг	уралдаан <acc>
далдлалтыг	далдлалт <acc>
дэгдэлтээр	дэгдэлт <ins>
дугтуйг	дугтуй <acc>
дургүйцэлд	дургүйцэл <dat>
нягтралаар	нягтрал <ins>
жоотуунаас	жоотуу <abl>
баатраар	баатар <ins>
дүрмээр	дүрмийн <ins>
үсэглэлтэй	үсэглэл <com>
ашигтай	ашиг <com>
шинжлэгчээ	шинжлэгч <voc>
зурлагаар	зурлага <ins>
маркетингт	маркетинг <dat>
шороог	шороо <acc>
цэгийг	цэг <acc>
худалдаатай	худалдаа <com>
сэдэгчийн	сэдэгч <gen>
тасгаар	тасаг <ins>
чамархайг	чамархай <acc>
арслангаас	арслан <abl>
халаасаа	халаас <voc>
нислэгийг	нислэг <acc>
хаягаар	хаяг <ins>
глюкозыг	глюкоз <acc>
бололцоогоо	бололцоо <voc>
төвлөрлийг	төвлөрөл <acc>
боксын	бокс <gen>
цооногийг	цооног <acc>
сүүдрэвчтэй	сүүдрэвч <com>
амьдчиллыг	амьдчилал <acc>
чагнаалд	чагнаал <dat>
зэсээ	зэс <voc>
тогтворжуулалтаар	тогтворжуулалт <ins>
циклтэй	цикл <com>
хаалганд	хаалга <dat>
өлсгөлөнтэй	өлсгөлөн <com>
цуснаас	цус <abl>
уялдаатай	уялдаа <com>
ганхалтыг	ганхалт <acc>
загатнаагаа	загатнаа <voc>
тотины	тоть <gen>
орлогоор	орлого <ins>
өөрчлөлттэй	өөрчлөлт <com>
ургамалд	ургамал <dat>
хайрсыг	хайрс <acc>
дагалдагчийг	дагалдагч <acc>
тэнцвэрээр	тэнцвэр <ins>
хашилтаас	хашилт <abl>
гэрээнд	гэрээ <dat>
хэлцлийг	хэлцэл <acc>
туршилтаа	туршилт <voc>
хардалтыг	хардалт <acc>
нидрүүлгийг	нидрүүлэг <acc>
бүтээгдэхүүнээ	бүтээгдэхүүн <voc>
яриагаар	яриа <ins>
томоор	том <ins>
эрмэлзлийг	эрмэлзэл <acc>
няцаалтын	няцаалт <gen>
даргыг	дарга <acc>
заагийг	зааг <acc>
хардлагын	хардлага <gen>
үйлчлэгчид	үйлчлэгч <dat>
ярилцлагын	ярилцлага <gen>
гуянаас	гуя <abl>
бөмбөгний	бөмбөг <gen>
амьдчиллаас	амьдчилал <abl>
хоньчноо	хоньчин <voc>
постод	пост <dat>
өчлөө	өчил <voc>
ноогдолд	ноогдол <dat>
симфонио	симфони <voc>
тохойд	тохой <dat>
ургамалтай	ургамал <com>
төгсөгчийг	төгсөгч <acc>
хатгамлаас	хатгамал <abl>
хаалтаас	хаалт <abl>
хөлсөө	хөлс <voc>
лаазаар	лааз <ins>
залуураас	залуур <abl>
дэгээтэй	дэгээ <com>
мэдэгдэлд	мэдэгдэл <dat>
бөмбөрөөр	бөмбөр <ins>
жанжнаас	жанжин <abl>
сүүдрээр	сүүдэр <ins>
уйтгараас	уйтгар <abl>
программд	программ <dat>
үүргийн	үүрэг <gen>
айдсын	айдас <gen>
балетаас	балет <abl>
ачтай	ач <com>
тамын	там <gen>
хөргүүрээ	хөргүүр <voc>
гадаргууд	гадаргуу <dat>
луужингийн	луужин <gen>
гургуултай	гургуул <com>
овгоо	овог <voc>
хакераа	хакер <voc>
бүсгүйгээ	бүсгүй <voc>
обойг	обой <acc>
бэлгэдлээр	бэлгэдэл <ins>
хөдлөлөөс	хөдлөл <abl>
хэрүүлээ	хэрүүл <voc>
инженерээ	инженер <voc>
огтлолцлыг	огтлолцол <acc>
сэрвээг	сэрвээ <acc>
чансаагаар	чансаа <ins>
нойрноос	нойр <abl>
тамирчнаар	тамирчин <ins>
харамсалд	харамсал <dat>
тэтгэмжтэй	тэтгэмж <com>
битүүлэгтэй	битүүлэг <com>
обойн	обой <gen>
бололцоогоор	бололцоо <ins>
захиргааг	захиргаа <acc>
гацаатай	гацаа <com>
бахинаас	бахь <abl>
булингартай	булингар <com>
жаягт	жаяг <dat>
хулууны	хулуу <gen>
дээсний	дээс <gen>
картад	карт <dat>
талбайгаа	талбай <voc>
эрдэмтнийг	эрдэмтэн <acc>
номын	ном <gen>
гичийгээс	гичий <abl>
сэргээлттэй	сэргээлт <com>
сэтгэлд	сэтгэл <dat>
хөдөлгүүрийг	хөдөлгүүр <acc>
ярилцлагад	ярилцлага <dat>
олборлолтоор	олборлолт <ins>
алиалагчаас	алиалагч <abl>
дамжааг	дамжаа <acc>
шөрмөсөнд	шөрмөс <dat>
хөлслөгчөө	хөлслөгч <voc>
сувгаас	суваг <abl>
бачимдлаа	бачимдал <voc>
фашизмын	фашизм <gen>
захианы	захиа <gen>
эсрэгцлийг	эсрэгцэл <acc>
цардуулыг	цардуул <acc>
ястнаас	ястан <abl>
бууриар	буурь <ins>
цалингаар	цалин <ins>
ховилд	ховил <dat>
ширэнгийн	ширэнгэ <gen>
цардуулаас	цардуул <abl>
утаатай	утаа <com>
ургацын	ургац <gen>
бүлүүрээс	бүлүүр <abl>
тэнүүлд	тэнүүл <dat>
дамнуургаа	дамнуурга <voc>
зураастай	зураас <com>
гурилд	гурил <dat>
шүүгээний	шүүгээ <gen>
мэхлэлтээс	мэхлэлт <abl>
нүдээр	нүд <ins>
шөнөө	шөнө <voc>
ялагдагчид	ялагдагч <dat>
унжлагаар	унжлага <ins>
жороор	жор <ins>
саналын	санал <gen>
хорвоогийн	хорвоо <gen>
индексийн	индекс <gen>
өндгөвчөөр	өндгөвч <ins>
зүлгийг	зүлэг <acc>
голиогоо	голио <voc>
чийдэнгээ	чийдэн <voc>
үсрэлтээр	үсрэлт <ins>
хэрэглээнээс	хэрэглээ <abl>
хуйлаасанд	хуйлаас <dat>
түйвээнээ	түйвээн <voc>
цэвэрлэгээг	цэвэрлэгээ <acc>
анкетаа	анкет <voc>
идэгдлээс	идэгдэл <abl>
үтрээг	үтрээ <acc>
цооногт	цооног <dat>
тогтоолд	тогтоол <dat>
хаягаас	хаяг <abl>
цөсийг	цөс <acc>
гийчинд	гийчин <dat>
захидлаар	захидал <ins>
алуурчны	алуурчин <gen>
илээчийг	илээч <acc>
оролдлогыг	оролдлого <acc>
цээжийг	цээж <acc>
нуураас	нуур <abl>
бэрхшээлд	бэрхшээл <dat>
хүүхэлдэйгээс	хүүхэлдэй <abl>
ургаа	ургийнхан <voc>
зэвүүцэлд	зэвүүцэл <dat>
хариунд	хариу <dat>
богцоор	богц <ins>
хүчилтөрөгчийн	хүчилтөрөгч <gen>
дэгээг	дэгээ <acc>
цондонд	цондон <dat>
үзүүлэнгийн	үзүүлэн <gen>
угжны	угж <gen>
цэцгээс	цэцэг <abl>
хөвгүүнтэй	хөвгүүн <com>
жишээг	жишээ <acc>
могойтой	могой <com>
оптимизмд	оптимизм <dat>
гялтганууртай	гялтгануур <com>
аялгуугаа	аялгуу <voc>
бурхнаар	бурхан <ins>
оператораас	оператор <abl>
шургуулгаас	шургуулга <abl>
цонхоор	цонх <ins>
капиталаар	капитал <ins>
төмсгөөс	төмсөг <abl>
харьцаагаа	харьцаа <voc>
хацраар	хацар <ins>
чөлөөлөлтөд	чөлөөлөлт <dat>
дэмжигчээс	дэмжигч <abl>
харамслаас	харамсал <abl>
ачийн	ач <gen>
оромжоо	оромж <voc>
шуналд	шунал <dat>
хорионд	хорио <dat>
гэлэнмаатай	гэлэнмаа <com>
найрууламжийн	найрууламж <gen>
самуунаар	самуун <ins>
гэргийтэй	гэргий <com>
оромтой	ором <com>
цэрдээс	цэрд <abl>
егөөний	егөө <gen>
агшилтад	агшилт <dat>
салтааны	салтаа <gen>
найрт	найр <dat>
хавчаараас	хавчаар <abl>
зараагаар	зараа <ins>
баганаар	багана <ins>
клиникийг	клиник <acc>
жуулчнаа	жуулчин <voc>
пүршинд	пүрш <dat>
түгшүүртэй	түгшүүр <com>
хувилбартай	хувилбар <com>
гийчнээс	гийчин <abl>
бодлын	бодол <gen>
намрын	намар <gen>
хананаас	хана <abl>
мөснөөс	мөс <abl>
хиамыг	хиам <acc>
зүгийг	зүг <acc>
онцлогоор	онцлог <ins>
луужинтай	луужин <com>
чийгшилд	чийгшил <dat>
танилыг	танил <acc>
харшлын	харшил <gen>
эрсдэлээ	эрсдэл <voc>
ажлаар	ажил <ins>
бэрхшээлээ	бэрхшээл <voc>
маскаа	маск <voc>
хамраар	хамар <ins>
гялтгануурын	гялтгануур <gen>
заламгайн	заламгай <gen>
тороо	торт <voc>
зөрөлдөөнийг	зөрөлдөөн <acc>
голоо	голд <voc>
буурцгийг	буурцаг <acc>
углаашид	углааш <dat>
үүслийн	үүсэл <gen>
чихэрт	чихэр <dat>
долгионд	долгио <dat>
сүрдүүлгээр	сүрдүүлэг <ins>
сүрд	сүр <dat>
эмээлээ	эмээл <voc>
хүний	хүн <gen>
торноос	тор <abl>
гогцоог	гогцоо <acc>
алтанд	алт <dat>
бослоготой	бослого <com>
төглийг	төгөл <acc>
эргүүгээс	эргүү <abl>
болзоотой	болзоо <com>
ногдлоос	ногдол <abl>
өгүүлбэрт	өгүүлбэр <dat>
нугастай	нугас <com>
найрыг	найр <acc>
гийчнээр	гийчин <ins>
цохиураа	цохиур <voc>
ядаргаагаар	ядаргаа <ins>
капсулаа	капсул <voc>
өөрчлөгчтэй	өөрчлөгч <com>
өрцөнд	өрц <dat>
хошуучаа	хошууч <voc>
зарцад	зарц <dat>
өрөмдлөгөөр	өрөмдлөг <ins>
илтэй	ил <com>
суралцагчид	суралцагч <dat>
үйлчилгээг	үйлчилгээ <acc>
тохойн	тохой <gen>
зуунтай	зуун <com>
чичиргээгээр	чичиргээ <ins>
сөнөөгчийн	сөнөөгч <gen>
касстай	касс <com>
дэлгэрэлтийг	дэлгэрэлт <acc>
уутыг	уут <acc>
шөлөнд	шөл <dat>
клиникт	клиник <dat>
бодлоос	бодол <abl>
сүлжээгээр	сүлжээ <ins>
ачлалаас	ачлал <abl>
хожуулын	хожуул <gen>
үеэлтэй	үеэл <com>
хардалтаар	хардалт <ins>
хаалтыг	хаалт <acc>
зааварчилгаанаас	зааварчилгаа <abl>
үйлчилгээгээ	үйлчилгээ <voc>
азотыг	азот <acc>
банзлаа	банзал <voc>
магадлалын	магадлал <gen>
явуулгаар	явуулга <ins>
лекторын	лектор <gen>
хэмнэлээс	хэмнэл <abl>
тэгийг	тэг <acc>
хонхонд	хонх <dat>
тамирчныг	тамирчин <acc>
бөглөрлийг	бөглөрөл <acc>
галуунаас	галуу <abl>
тэнгист	тэнгис <dat>
эрдэмтнээ	эрдэмтэн <voc>
баримжаанаас	баримжаа <abl>
оролдлогоор	оролдлого <ins>
аяганд	аяга <dat>
бэртэлтэд	бэртэлт <dat>
зоодойгоо	зоодой <voc>
томилгоотой	томилгоо <com>
тэвчээрээ	тэвчээр <voc>
дүрмээс	дүрмийн <abl>
зүхлийг	зүхэл <acc>
цамхагт	цамхаг <dat>
шувуутай	шувуу <com>
хөхөвчөө	хөхөвч <voc>
цэврүүг	цэврүү <acc>
шөлтэй	шөл <com>
арилжаанд	арилжаа <dat>
тивээс	тив <abl>
тэмдэглэлд	тэмдэглэл <dat>
зэмлэлтэй	зэмлэл <com>
шугамыг	шугам <acc>
хамгааллаа	хамгаалал <voc>
өрөмдлөгөөс	өрөмдлөг <abl>
үймээнтэй	үймээн <com>
зохицуулагчид	зохицуулагч <dat>
үнэлгээгээ	үнэлгээ <voc>
ноёрхлоо	ноёрхол <voc>
биологиос	биологи <abl>
зөрчигчийн	зөрчигч <gen>
гацаанд	гацаа <dat>
устгалаа	устгал <voc>
чононы	чоно <gen>
мөрдөлтөөс	мөрдөлт <abl>
дэнлүүгээр	дэнлүү <ins>
гэрлийг	гэрэл <acc>
авгалдайг	авгалдай <acc>
зайтай	зай <com>
бариачийн	бариач <gen>
тэнгисээ	тэнгис <voc>
вальстай	вальс <com>
дэмжигчээр	дэмжигч <ins>
нөмрөгөөс	нөмрөг <abl>
дургүйцлээ	дургүйцэл <voc>
найдлагаа	найдлага <voc>
мэндчилгээг	мэндчилгээ <acc>
хөрөгтэй	хөрөг <com>
онгоцноос	онгоц <abl>
пааланг	паалан <acc>
буртгаас	буртаг <abl>
асраа	асар <voc>
билетээр	билет <ins>
туурайтай	туурай <com>
илдний	илд <gen>
эзэмшилтэй	эзэмшил <com>
үйлдвэрлэлээр	үйлдвэрлэл <ins>
гэмтлээр	гэмтэл <ins>
асуултад	асуулт <dat>
урсгалаа	урсгал <voc>
цэгээ	цэг <voc>
хүндрэлээр	хүндрэл <ins>
луйварт	луйвар <dat>
жүчээтэй	жүчээ <com>
костюмаа	костюм <voc>
аяллаас	аялал <abl>
мэдрэмжээс	мэдрэмж <abl>
таамгаа	таамаг <voc>
товчлуурыг	товчлуур <acc>
чиглэлээс	чиглэл <abl>
ширэнгэд	ширэнгэ <dat>
цавуугаар	цавуу <ins>
хуудастай	хуудас <com>
дугуйнаас	дугуй <abl>
нууцлалтай	нууцлал <com>
тариурт	тариур <dat>
залиа	заль <voc>
эмийг	эм <acc>
давтлагаас	давтлага <abl>
нууцыг	нууц <acc>
будаанаас	будаа <abl>
ойг	ой <acc>
туслалцаанд	туслалцаа <dat>
шийдээр	шийд <ins>
хүнээс	хүн <abl>
талаар	тал <ins>
дөнжөө	дөнжөө <voc>
аавыг	аав <acc>
эрдсийг	эрдэс <acc>
барьцалдаагаар	барьцалдаа <ins>
сүйрэлд	сүйрэл <dat>
ховилтой	ховил <com>
өрсөлдөөнөөр	өрсөлдөөн <ins>
дэгдэлтийг	дэгдэлт <acc>
салбарын	салбар <gen>
удмаас	удам <abl>
зөвлөгчөө	зөвлөгч <voc>
идэгдэлд	идэгдэл <dat>
оршлоос	оршил <abl>
геологиос	геологи <abl>
бүтцээс	бүтэц <abl>
манлайллаа	манлайлал <voc>
картаа	карт <voc>
шошгоо	шошго <voc>
үзэгдлийн	үзэгдэл <gen>
осолтой	осол <com>
зөвлөгчийг	зөвлөгч <acc>
чангарлаас	чангарал <abl>
лазераар	лазер <ins>
мөчирт	мөчир <dat>
уулчинд	уулчин <dat>
хандивыг	хандив <acc>
түрийвчийн	түрийвч <gen>
чадварыг	чадвар <acc>
саванд	саван <dat>
шууданчаас	шууданч <abl>
картаас	карт <abl>
сауныг	саун <acc>
оройтой	орой <com>
цэнгүүний	цэнгүүн <gen>
хатуулгаар	хатуулга <ins>
үйлчлүүлэгчээ	үйлчлүүлэгч <voc>
хавтангаар	хавтан <ins>
таарамжид	таарамж <dat>
сэжгийн	сэжиг <gen>
индүүдлэгтэй	индүүдлэг <com>
хөрөнгөтөнтэй	хөрөнгөтөн <com>
сүлбэлдээнд	сүлбэлдээн <dat>
араншинтай	араншин <com>
роботоо	робот <voc>
задралыг	задрал <acc>
итгэлээ	итгэл <voc>
хурлын	хурал <gen>
хашлаганы	хашлага <gen>
зэргийн	зэрэг <gen>
хорсолд	хорсол <dat>
хавтангаа	хавтан <voc>
эринтэй	эрин <com>
хурдасгуураас	хурдасгуур <abl>
арбитрын	арбитр <gen>
чангаралд	чангарал <dat>
тэмцэгчээр	тэмцэгч <ins>
программтай	программ <com>
зугтлагатай	зугтлага <com>
дарангуйллын	дарангуйлал <gen>
самууныг	самуун <acc>
зөвлөгөөнөөс	зөвлөгөөн <abl>
хамгаалалтын	хамгаалалт <gen>
барьцаагаар	барьцаа <ins>
цамцтай	цамц <com>
хянагчаар	хянагч <ins>
найдлагад	найдлага <dat>
гагнууртай	гагнуур <com>
багсаар	багс <ins>
суултуураа	суултуур <voc>
үүсвэрийг	үүсвэр <acc>
хэрэгжилтийн	хэрэгжилт <gen>
сурталчилгааг	сурталчилгааны <acc>
аянгатай	аянга <com>
хаалгыг	хаалга <acc>
сэдвийн	сэдэв <gen>
чийдэнгээр	чийдэн <ins>
давтлагатай	давтлага <com>
ялагдагчтай	ялагдагч <com>
зүлэгт	зүлэг <dat>
сэргээшинд	сэргээш <dat>
удирдагчаа	удирдагч <voc>
хөгжимчний	хөгжимчин <gen>
явуулгыг	явуулга <acc>
сахлаар	сахал <ins>
дурсамжаас	дурсамж <abl>
материализмын	материализм <gen>
үүлээ	үүл <voc>
аргаар	арга <ins>
эргүүд	эргүү <dat>
инээмсэглэлээ	инээмсэглэл <voc>
хэмжээг	хэмжээ <acc>
тохойгоор	тохой <ins>
зураасыг	зураас <acc>
туршлагад	туршлага <dat>
давтлагад	давтлага <dat>
сонирхогчоос	сонирхогч <abl>
хатуурлаар	хатуурал <ins>
чөмгөнд	чөмөг <dat>
саваар	сав <ins>
ардчиллын	ардчилал <gen>
охинтой	охин <com>
эрхээс	эрх <abl>
чийгээ	чийг <voc>
соёлын	соёл <gen>
амбаараар	амбаар <ins>
тунхгаа	тунхаг <voc>
иллэгтэй	иллэг <com>
эвэрлэгээр	эвэрлэг <ins>
хувьсгагчаас	хувьсгагч <abl>
устгалд	устгал <dat>
орлогчтой	орлогч <com>
цуглуулгаа	цуглуулга <voc>
толгойлогчоо	толгойлогч <voc>
зогсцоос	зогсоц <abl>
харьцууллыг	харьцуулал <acc>
хольцтой	хольц <com>
нягтралыг	нягтрал <acc>
онгоцоо	онгоц <voc>
цалинг	цалин <acc>
гараагаар	гараа <ins>
зохиолоор	зохиол <ins>
хөдөлгөөнтэй	хөдөлгөөн <com>
дээврийг	дээвэр <acc>
костюмтай	костюм <com>
автобусаар	автобус <ins>
дасгалаа	дасгал <voc>
иогоос	иог <abl>
анхааруулгад	анхааруулга <dat>
үйстэй	үйс <com>
найрлагын	найрлага <gen>
бижрүүнд	бижрүү <dat>
дүүжингээр	дүүжин <ins>
оёдолчноо	оёдолчин <voc>
гарчгийн	гарчиг <gen>
зарчимтай	зарчим <com>
зараа	зар <voc>
таслалтыг	таслалт <acc>
хөтөлбөртэй	хөтөлбөр <com>
коммунизмоо	коммунизм <voc>
чавганы	чавга <gen>
ховстой	ховс <com>
өчгийг	өчиг <acc>
цэргээр	цэрэг <ins>
түвшнийг	түвшин <acc>
кофейныг	кофейн <acc>
шилбэтэй	шилбэ <com>
хөөснөөс	хөөс <abl>
харшилдааныг	харшилдаан <acc>
амрагтай	амраг <com>
өчигт	өчиг <dat>
тэмтрүүлийг	тэмтрүүл <acc>
сөргөлдөөнтэй	сөргөлдөөн <com>
үнэртэй	үнэр <com>
шаантгаар	шаантаг <ins>
нянтай	нян <com>
хэлээр	хэл <ins>
тэмцлээс	тэмцэл <abl>
эхнэрээр	эхнэр <ins>
хашилтад	хашилт <dat>
энгэрийг	энгэр <acc>
үнэлэлтээс	үнэлэлт <abl>
чимэглэлийг	чимэглэл <acc>
тушаалаас	тушаал <abl>
сэдэлд	сэдэл <dat>
урлалын	урлал <gen>
тууралтын	тууралт <gen>
төлөвлөгөөнөөс	төлөвлөгөө <abl>
хэвлийн	хэвлий <gen>
үеэлээ	үеэл <voc>
сууцтай	сууц <com>
луйварчнаа	луйварчин <voc>
тахлыг	тахал <acc>
алчуурт	алчуур <dat>
жолоочийн	жолооч <gen>
архичны	архичин <gen>
хавтангийн	хавтан <gen>
паспортоо	паспорт <voc>
уснаас	ус <abl>
маркаар	марк <ins>
бамбайнаас	бамбай <abl>
цахлайнаас	цахлай <abl>
үзүүлбэрт	үзүүлбэр <dat>
бүжигчнийг	бүжигчин <acc>
хэмжигчээс	хэмжигч <abl>
хөтөлбөрийн	хөтөлбөр <gen>
дизайнерын	дизайнер <gen>
таслалын	таслал <gen>
элементийг	элемент <acc>
гүйцэтгэлээ	гүйцэтгэл <voc>
нөөцөд	нөөц <dat>
романыг	роман <acc>
уянгаас	уянга <abl>
өнгөнөөс	өнгө <abl>
цэцэгжүүлэлтээс	цэцэгжүүлэлт <abl>
туйлыг	туйлын <acc>
оргодолтой	оргодол <com>
сейфээ	сейф <voc>
өгзгөөр	өгзөг <ins>
цөмтэй	цөм <com>
мөргөлдөөнтэй	мөргөлдөөн <com>
дүрвэгчтэй	дүрвэгчид <com>
гавьяанд	гавьяа <dat>
үзэсгэлэнгээс	үзэсгэлэн <abl>
хавтасны	хавтас <gen>
хөшүүргээс	хөшүүрэг <abl>
харуулаас	харуул <abl>
агааржуулагчид	агааржуулагч <dat>
ялгадсаар	ялгадас <ins>
чимээнээс	чимээ <abl>
тасалгаанд	тасалгаа <dat>
уянгыг	уянга <acc>
хашааг	хашаа <acc>
бяслагийн	бяслаг <gen>
лаанаас	лаа <abl>
андгайгаа	андгай <voc>
хэвшлээ	хэвшил <voc>
хурдасгагчтай	хурдасгагч <com>
цээжээр	цээж <ins>
амьтанд	амьтан <dat>
сонгуулиа	сонгууль <voc>
маслоаар	масло <ins>
шийдтэй	шийд <com>
редактораар	редактор <ins>
бүрэлбааны	бүрэлбаа <gen>
хүчилд	хүчил <dat>
журмыг	журам <acc>
урцнаас	урц <abl>
дуулаачид	дуулаач <dat>
зөгнөлийн	зөгнөл <gen>
судлын	судал <gen>
тотиноос	тоть <abl>
худалдагчид	худалдагч <dat>
өдрийг	өдөр <acc>
мөхлийг	мөхөл <acc>
дохиоллыг	дохиолол <acc>
солиорлоо	солиорол <voc>
төлөөсний	төлөөс <gen>
зохицуулалтаа	зохицуулалт <voc>
хувьцааны	хувьцаа <gen>
иогтой	иог <com>
таарамжаар	таарамж <ins>
аврагчаа	аврагч <voc>
найдварт	найдвар <dat>
хайрстай	хайрс <com>
ширгийг	ширэг <acc>
ороолтын	ороолт <gen>
шүтээний	шүтээн <gen>
тэмцэгчтэй	тэмцэгч <com>
диаграммаар	диаграмм <ins>
биежилтийн	биежилт <gen>
бараагаар	бараа <ins>
эгчээр	эгч <ins>
циркийн	цирк <gen>
оргилыг	оргил <acc>
заанаар	заан <ins>
гуаны	гуа <gen>
дэлгэрэлттэй	дэлгэрэлт <com>
кафегаа	кафе <voc>
ноогдлоо	ноогдол <voc>
устгагчтай	устгагч <com>
хэмнэлттэй	хэмнэлт <com>
шийртэй	шийр <com>
долгионоос	долгио <abl>
үйлчлүүлэгчтэй	үйлчлүүлэгч <com>
мандолиныг	мандолин <acc>
гацаагаар	гацаа <ins>
майонезаар	майонез <ins>
физиологио	физиологи <voc>
тохийг	тохь <acc>
өгөгдөлтэй	өгөгдөл <com>
авралаас	аврал <abl>
оосрыг	оосор <acc>
утаагаар	утаа <ins>
гэргийг	гэргий <acc>
зүйлээс	зүйл <abl>
коммунизмд	коммунизм <dat>
өрөөнд	өрөө <dat>
шүлстэй	шүлс <com>
бүйлсээ	бүйлс <voc>
чөтгөрөөр	чөтгөр <ins>
жатгын	жатга <gen>
мөрдсийг	мөрдөс <acc>
төвийн	төв <gen>
тэгшитгэлээ	тэгшитгэл <voc>
галуутай	галуу <com>
шумуулын	шумуул <gen>
янхныг	янхан <acc>
эврээс	эвэр <abl>
загастай	загас <com>
авьяастнаас	авьяастан <abl>
үржвэрийн	үржвэр <gen>
хүүрнэлээ	хүүрнэл <voc>
харвингаас	харвин <abl>
буртагтай	буртаг <com>
ваарчны	ваарчин <gen>
атаархлаа	атаархал <voc>
хондлойд	хондлой <dat>
мэдрэмжид	мэдрэмж <dat>
симфонийн	симфони <gen>
гурвалаас	гурвал <abl>
бүтэлгүйтэлтэй	бүтэлгүйтэл <com>
амрагийн	амраг <gen>
авралаар	аврал <ins>
сөнөөгчид	сөнөөгч <dat>
өтгөнтэй	өтгөн <com>
мөчрөө	мөчир <voc>
хүүхэлдэйгээр	хүүхэлдэй <ins>
өгүүлбэрээр	өгүүлбэр <ins>
амттанаас	амттан <abl>
хурдатгалын	хурдатгал <gen>
дуульд	дууль <dat>
талбараар	талбар <ins>
хэлэхүйг	хэлэхүй <acc>
хүсэлттэй	хүсэлт <com>
жишгийг	жишиг <acc>
ангаахайг	ангаахай <acc>
компаниас	компани <abl>
туслагчийг	туслагч <acc>
хөөсийг	хөөс <acc>
нөлөөгөөр	нөлөө <ins>
удиртгалыг	удиртгал <acc>
дүрвэгчид	дүрвэгч <dat>
эргүүгээр	эргүү <ins>
кодоос	код <abl>
мэхээр	мэх <ins>
суудлаар	суудал <ins>
эхийн	эх <gen>
эринийг	эрин <acc>
бокстой	бокс <com>
дагагчийн	дагагч <gen>
ярианаас	яриа <abl>
саналаа	санал <voc>
шуургаар	шуурга <ins>
бөмбөгтэй	бөмбөг <com>
өмгөөллийг	өмгөөлөл <acc>
ялагдагчийн	ялагдагч <gen>
тусгаарлалтад	тусгаарлалт <dat>
сонирхогчийг	сонирхогч <acc>
ширэнгээр	ширэнгэ <ins>
тээвэрлэлтээ	тээвэрлэлт <voc>
цардуултай	цардуул <com>
ачаанаас	ачаа <abl>
кафетай	кафе <com>
үүргэвчнээс	үүргэвч <abl>
харилцуурт	харилцуур <dat>
шошгын	шошго <gen>
тэргүүлэгчийг	тэргүүлэгч <acc>
зөрөлдөөнөө	зөрөлдөөн <voc>
тохуурхлаа	тохуурхал <voc>
багтаамжаа	багтаамж <voc>
уралдааны	уралдаан <gen>
үзэсгэлэнгээр	үзэсгэлэн <ins>
илэрхийлэлтэй	илэрхийлэл <com>
даруултай	даруул <com>
тангогоор	танго <ins>
хонгыг	хонго <acc>
нөөцөөс	нөөц <abl>
шүтээнээ	шүтээн <voc>
тарилгыг	тарилга <acc>
үзэгчийн	үзэгч <gen>
бялдуучлалаар	бялдуучлал <ins>
тунхаглалаар	тунхаглал <ins>
бугуйгаа	бугуй <voc>
орцоос	орц <abl>
хакераар	хакер <ins>
хүрэмд	хүрэм <dat>
уцаараас	уцаар <abl>
хайлшийг	хайлш <acc>
зэрэглэлийн	зэрэглэл <gen>
цулбуураар	цулбуур <ins>
казиногоо	казино <voc>
хулганатай	хулгана <com>
лампнаас	ламп <abl>
лууснаас	луус <abl>
айлчлалын	айлчлал <gen>
тэмдэглэлтэй	тэмдэглэл <com>
борлуулалтаас	борлуулалт <abl>
бүртгэлийн	бүртгэл <gen>
хошуунд	хошуу <dat>
бэсрэгийг	бэсрэг <acc>
эндлээс	эндэл <abl>
гарлаас	гарал <abl>
өмхийээ	өмхий <voc>
үүгээ	үү <voc>
хүндлэлийн	хүндлэл <gen>
дайчинтай	дайчин <com>
цэгтэй	цэг <com>
наймааны	наймаа <gen>
анхаарлаар	анхаарал <ins>
дагагчаар	дагагч <ins>
орлогоо	орлого <voc>
архитектурын	архитектур <gen>
аялагчид	аялагч <dat>
жимтэй	жим <com>
өвчтөнөөс	өвчтөн <abl>
ваарчнаас	ваарчин <abl>
булшны	булш <gen>
бүжигчинд	бүжигчин <dat>
урвагчтай	урвагч <com>
буудлыг	буудал <acc>
махны	мах <gen>
булангийн	булан <gen>
мэргэшлийн	мэргэшил <gen>
зөрлөгийн	зөрлөг <gen>
тохируулгад	тохируулга <dat>
нэхэмжлэгчийн	нэхэмжлэгч <gen>
зүйрлэлээр	зүйрлэл <ins>
зааныг	заан <acc>
ярианы	яриа <gen>
тохид	тохь <dat>
оосроо	оосор <voc>
нэхийн	нэхий <gen>
сөргөлдөөнөөс	сөргөлдөөн <abl>
торгуульд	торгууль <dat>
чулуунаас	чулуу <abl>
дарлалаа	дарлал <voc>
ритмээр	ритм <ins>
танилаар	танил <ins>
үгүйсгэлээ	үгүйсгэл <voc>
санамжтай	санамж <com>
эргүүлд	эргүүл <dat>
өчигдрөөс	өчигдөр <abl>
төлөгчид	төлөгч <dat>
нөхөөстэй	нөхөөс <com>
хорголжтой	хорголж <com>
дамраас	дамар <abl>
үймээнд	үймээн <dat>
дүрвэгчээр	дүрвэгчид <ins>
нөхөөсийг	нөхөөс <acc>
консулаас	консул <abl>
тогтворжуулалттай	тогтворжуулалт <com>
ертөнцөө	ертөнц <voc>
сэжүүрт	сэжүүр <dat>
эцгээс	эцэг <abl>
цайзаар	цайз <ins>
хэрсүүгээр	хэрсүү <ins>
гагнуурчны	гагнуурчин <gen>
харилцуураар	харилцуур <ins>
шүлтийн	шүлт <gen>
гаргийн	гараг <gen>
зугаагаа	зугаа <voc>
тавилгад	тавилга <dat>
шүлэгчээр	шүлэгч <ins>
хүслэнгийн	хүслэн <gen>
диваажинтай	диваажин <com>
хучилтаар	хучилт <ins>
удирдлагын	удирдлага <gen>
биллиардаас	биллиард <abl>
шаантгийн	шаантаг <gen>
шүдэнд	шүд <dat>
бослогыг	бослого <acc>
гэрийн	гэр <gen>
жорлонд	жорлон <dat>
хамтрагчид	хамтрагч <dat>
айдаст	айдас <dat>
үргэлжлэлийг	үргэлжлэл <acc>
галууны	галуу <gen>
чуулгыг	чуулга <acc>
адраар	адар <ins>
сэдлээс	сэдэл <abl>
удмаа	удам <voc>
манлайлалтай	манлайлал <com>
зүрхний	зүрх <gen>
эсээр	эс <ins>
хамелеонтой	хамелеон <com>
ширэгтэй	ширэг <com>
давтамжийн	давтамж <gen>
зангаа	занга <voc>
тамирчнаа	тамирчин <voc>
цуглуулгатай	цуглуулга <com>
зальтай	заль <com>
тэсрэлтэд	тэсрэлт <dat>
хийсвэрлэлийн	хийсвэрлэл <gen>
хөргүүрт	хөргүүр <dat>
алуурчнаар	алуурчин <ins>
экватортай	экватор <com>
радиаторыг	радиатор <acc>
кредитээ	кредит <voc>
үйлчлүүлэгчээс	үйлчлүүлэгч <abl>
тулалдааны	тулалдаан <gen>
тагтаанд	тагтаа <dat>
дайчилгаагаа	дайчилгаа <voc>
энгэрээс	энгэр <abl>
шимтгэлд	шимтгэл <dat>
утгаа	утга <voc>
кинотой	кино <com>
товчлуураас	товчлуур <abl>
зайрмагтай	зайрмаг <com>
сүйтгэгчээ	сүйтгэгч <voc>
теннисэнд	теннис <dat>
хөдөлмөрийг	хөдөлмөр <acc>
насыг	нас <acc>
мөхөөлдөсний	мөхөөлдөс <gen>
фокуст	фокус <dat>
индукцээ	индукц <voc>
гэрээний	гэрээ <gen>
хүндлэлтэй	хүндлэл <com>
үзэгчээс	үзэгч <abl>
жичтэй	жич <com>
боловсролд	боловсрол <dat>
нисгэгчээ	нисгэгч <voc>
өгзөгний	өгзөг <gen>
байгалийн	байгаль <gen>
эгнээгээр	эгнээ <ins>
шаналлаар	шаналал <ins>
шатаагчаар	шатаагч <ins>
утсанд	утас <dat>
бөмбөгөө	бөмбөг <voc>
тэлээгээ	тэлээ <voc>
өөрчлөлийг	өөрчлөл <acc>
дэлбэрэлтээр	дэлбэрэлт <ins>
глюкозтой	глюкоз <com>
гуяаар	гуя <ins>
улирлаар	улирал <ins>
нотолгоогоор	нотолгоо <ins>
номд	ном <dat>
спирттэй	спирт <com>
галлалтаар	галлалт <ins>
тосгуураар	тосгуур <ins>
цонхноос	цонх <abl>
эргэлзлээ	эргэлзэл <voc>
социализмаа	социализм <voc>
хариуцлагаа	хариуцлага <voc>
түлээчнээс	түлээчин <abl>
соруулаас	соруул <abl>
бэлгэвчийг	бэлгэвч <acc>
чангалуураар	чангалуур <ins>
үзэгдэлд	үзэгдэл <dat>
цогцсоор	цогцос <ins>
ялгаврын	ялгавар <gen>
хүйтний	хүйтэн <gen>
шүүмжийг	шүүмж <acc>
булчингаас	булчин <abl>
эвлэрлээр	эвлэрэл <ins>
уралдаанд	уралдаан <dat>
тоосгоноос	тоосго <abl>
хариуцлагыг	хариуцлага <acc>
гялбааг	гялбаа <acc>
бөмбөртэй	бөмбөр <com>
продакшны	продакшн <gen>
эргүүлтэй	эргүүл <com>
зальд	заль <dat>
хэрэглээг	хэрэглээ <acc>
сонирхолд	сонирхол <dat>
эмчийн	эмч <gen>
аялгын	аялга <gen>
туйлаар	туйлын <ins>
тариураар	тариур <ins>
нууцын	нууц <gen>
санамжаас	санамж <abl>
хөдсөө	хөдөс <voc>
алчуурын	алчуур <gen>
сандлаар	сандал <ins>
нурууны	нуруу <gen>
хуйлааснаас	хуйлаас <abl>
тусламжийн	тусламж <gen>
хэрчмийн	хэрчим <gen>
арааны	араа <gen>
даралтад	даралт <dat>
сэрэмжлүүлгээс	сэрэмжлүүлэг <abl>
хамтрагчийг	хамтрагч <acc>
зоодойгоос	зоодой <abl>
дасгалжуулагчийн	дасгалжуулагч <gen>
шүүдэртэй	шүүдэр <com>
унаганд	унага <dat>
шимтгэлтэй	шимтгэл <com>
анкетаар	анкет <ins>
кредитийн	кредит <gen>
бутралаас	бутрал <abl>
үзүүлэлттэй	үзүүлэлт <com>
дайчинд	дайчин <dat>
засварчнаар	засварчин <ins>
төгсгөлийг	төгсгөл <acc>
иогийн	иог <gen>
мөхлөө	мөхөл <voc>
цацагт	цацаг <dat>
олборлолтыг	олборлолт <acc>
модернизмын	модернизм <gen>
сэжүүрийн	сэжүүр <gen>
хөнөөлөөр	хөнөөл <ins>
бадминтоныг	бадминтон <acc>
өчигдрийн	өчигдөр <gen>
дугуйд	дугуй <dat>
зүүдтэй	зүүд <com>
хандиваа	хандив <voc>
ботаниктай	ботаник <com>
идеализмаа	идеализм <voc>
инээдмээ	инээдэм <voc>
тэврэлтээ	тэврэлт <voc>
зүлгүүрээ	зүлгүүр <voc>
үечлэлд	үечлэл <dat>
сэтгэгдэлд	сэтгэгдэл <dat>
бодисоос	бодис <abl>
синдромыг	синдром <acc>
шүүгчид	шүүгч <dat>
тамхичны	тамхичин <gen>
амбаарыг	амбаар <acc>
физиологид	физиологи <dat>
амьдчилалтай	амьдчилал <com>
радиаторт	радиатор <dat>
эдэлгээнээс	эдэлгээ <abl>
барцдаар	барцад <ins>
цохилтод	цохилт <dat>
сэлэмд	сэлэм <dat>
халбаганаас	халбага <abl>
зохицлыг	зохицол <acc>
залилангаас	залилан <abl>
холболтоос	холболт <abl>
эмгэнэлээр	эмгэнэл <ins>
довын	дов <gen>
барьцалдаатай	барьцалдаа <com>
санаагаа	санаа <voc>
ёжлолд	ёжлол <dat>
хөлтэй	хөл <com>
хийлээр	хийл <ins>
төрөөс	төр <abl>
шаазангаа	шаазан <voc>
үйлчлэлээс	үйлчлэл <abl>
чансаанаас	чансаа <abl>
өсгөлттэй	өсгөлт <com>
төвлөрлөөр	төвлөрөл <ins>
хорслын	хорсол <gen>
дилерээ	дилер <voc>
нүхээ	нүх <voc>
давсаар	давс <ins>
тусгаарлалтаас	тусгаарлалт <abl>
гараас	гар <abl>
үйлдвэрээр	үйлдвэр <ins>
холбоосоор	холбоос <ins>
талхнаас	талх <abl>
бүлүүрийн	бүлүүр <gen>
үзүүрээ	үзүүр <voc>
бутаа	бут <voc>
хайчинд	хайч <dat>
дарлалд	дарлал <dat>
ногдлыг	ногдол <acc>
төлбөрийн	төлбөр <gen>
хориогоор	хорио <ins>
өсгийнд	өсгий <dat>
нягтралаа	нягтрал <voc>
гамшгаас	гамшиг <abl>
дээврээ	дээвэр <voc>
цацрагаар	цацраг <ins>
фокусаас	фокус <abl>
майонезыг	майонез <acc>
нягтаршилд	нягтаршил <dat>
хэрэгслээр	хэрэгсэл <ins>
үүдийг	үүд <acc>
жимийн	жим <gen>
хүүхэлдэйн	хүүхэлдэй <gen>
ухралтыг	ухралт <acc>
шууданчийг	шууданч <acc>
хэвтэй	хэвийн <com>
барилгаар	барилга <ins>
хуудсыг	хуудас <acc>
хурандаад	хурандаа <dat>
лоозонгоо	лоозон <voc>
хангамжид	хангамж <dat>
хорслоос	хорсол <abl>
зүүдэнд	зүүд <dat>
ангаахайтай	ангаахай <com>
зарыг	зар <acc>
багцаанаас	багцаа <abl>
гогцооноос	гогцоо <abl>
сонсогчтой	сонсогч <com>
эвлэрлээ	эвлэрэл <voc>
далдлалтад	далдлалт <dat>
ангаахайгаар	ангаахай <ins>
эгчид	эгч <dat>
тохиргооноос	тохиргоо <abl>
материализмаас	материализм <abl>
тогтвороос	тогтвор <abl>
шилбийг	шилбэ <acc>
хэрэгслээс	хэрэгсэл <abl>
фонтоос	фонт <abl>
дуншилттай	дуншилт <com>
гуйлтаа	гуйлт <voc>
ихсийн	ихэс <gen>
шошоос	шош <abl>
үндсээ	үндэс <voc>
угжаар	угж <ins>
автобусыг	автобус <acc>
өвөөтэй	өвөө <com>
авралын	аврал <gen>
энгэсэгт	энгэсэг <dat>
чиргүүлээс	чиргүүл <abl>
бяслагаар	бяслаг <ins>
багажтай	багаж <com>
чөлөөтэй	чөлөө <com>
цуургаа	цуурга <voc>
машиныг	машин <acc>
хашаагаар	хашаа <ins>
стратегитай	стратеги <com>
тавцантай	тавцан <com>
шалгалтаар	шалгалт <ins>
дэмжигчээ	дэмжигч <voc>
үйлчлэлтэй	үйлчлэл <com>
түрэмгийллээр	түрэмгийлэл <ins>
талбарт	талбар <dat>
бүлэглэлтэй	бүлэглэл <com>
эргийн	эрэг <gen>
булдрууны	булдруу <gen>
капитализмыг	капитализм <acc>
эрсдэлийг	эрсдэл <acc>
хиамтай	хиам <com>
тангаргаар	тангараг <ins>
гуяыг	гуя <acc>
довцгоор	довцог <ins>
эрхлэгчийг	эрхлэгч <acc>
усталаас	устал <abl>
хугацааг	хугацаа <acc>
таргаар	тарга <ins>
чамархайтай	чамархай <com>
бутралтай	бутрал <com>
голиотой	голио <com>
хальсанд	хальс <dat>
төлөвөө	төлөв <voc>
цоглогоо	цоглог <voc>
тугалгатай	тугалга <com>
захиагаар	захиа <ins>
цувралаар	цуврал <ins>
салбартай	салбар <com>
гүйцэтгэлийг	гүйцэтгэл <acc>
бугуйнаас	бугуй <abl>
хүсэлтийн	хүсэлт <gen>
нөхцөлөөр	нөхцөл <ins>
онгоцонд	онгоц <dat>
актаас	акт <abl>
дохионы	дохио <gen>
тариагаар	тариа <ins>
лампаа	ламп <voc>
ширэнгээ	ширэнгэ <voc>
бичиглэлээ	бичиглэл <voc>
бокст	бокс <dat>
үржвэрээ	үржвэр <voc>
загасчнаас	загасчин <abl>
шүүлтээр	шүүлт <ins>
баатраас	баатар <abl>
уршгийн	уршиг <gen>
мэхлэлтээр	мэхлэлт <ins>
амталгааг	амталгаа <acc>
ангиллыг	ангилал <acc>
шүүлтээ	шүүлт <voc>
тоосоо	тоос <voc>
лазерын	лазер <gen>
хөргөгчид	хөргөгч <dat>
ялагдагчийг	ялагдагч <acc>
гудастай	гудас <com>
сүйрлийн	сүйрэл <gen>
саунтай	саун <com>
горимоос	горим <abl>
бичээстэй	бичээс <com>
тоглоомоос	тоглоом <abl>
бахийг	бахь <acc>
хувьслын	хувьсал <gen>
гарчигт	гарчиг <dat>
бүтээгдэхүүнийг	бүтээгдэхүүн <acc>
моделийг	модель <acc>
хушганы	хушга <gen>
ойлголттой	ойлголт <com>
дэнлүүнээс	дэнлүү <abl>
адилслаар	адилсал <ins>
балетыг	балет <acc>
эвлэрүүлэгчтэй	эвлэрүүлэгч <com>
саанд	саа <dat>
боолтоор	боолт <ins>
бичээсээс	бичээс <abl>
хавсралтыг	хавсралт <acc>
оптимизмоос	оптимизм <abl>
өчигтэй	өчиг <com>
хүндлэлийг	хүндлэл <acc>
хөргөгчөөр	хөргөгч <ins>
мэдэгдлээр	мэдэгдэл <ins>
харшилдаанаар	харшилдаан <ins>
цэнэглэгчийг	цэнэглэгч <acc>
организмд	организм <dat>
устгалтай	устгал <com>
тоормостой	тоормос <com>
диаграммд	диаграмм <dat>
сайжруулалтаа	сайжруулалт <voc>
шараа	шар <voc>
эмгэнэлтэй	эмгэнэл <com>
урианы	уриа <gen>
гинжийг	гинж <acc>
хунгаас	хун <abl>
энгэрт	энгэр <dat>
ботаникаа	ботаник <voc>
гэмшлээс	гэмшил <abl>
капсултай	капсул <com>
ялгадастай	ялгадас <com>
зэрэглэлээс	зэрэглэл <abl>
олтригоос	олтриг <abl>
нянгаа	нян <voc>
ачлалыг	ачлал <acc>
хориглолтыг	хориглолт <acc>
хараалыг	хараал <acc>
танхимд	танхим <dat>
гадрыг	гадар <acc>
хөдлөлийг	хөдлөл <acc>
галлалтын	галлалт <gen>
сойзны	сойз <gen>
горхиноос	горхи <abl>
төлөөлөгчөөс	төлөөлөгч <abl>
үйлчлэлийг	үйлчлэл <acc>
зүлгүүрээс	зүлгүүр <abl>
эвдрэлээ	эвдрэл <voc>
зураглалаа	зураглал <voc>
журмаас	журам <abl>
бөгстэй	бөгс <com>
чамархайгаар	чамархай <ins>
хаанаа	хаан <voc>
цэврүүний	цэврүү <gen>
найзыг	найз <acc>
наалдцын	наалдац <gen>
дохиоллоос	дохиолол <abl>
давхраанаас	давхраа <abl>
хурдаа	хурд <voc>
тэсрэлтийн	тэсрэлт <gen>
ангаахайд	ангаахай <dat>
тэсвэрт	тэсвэр <dat>
чагтаа	чагт <voc>
болрыг	болор <acc>
тагтыг	тагт <acc>
дэвсгэрээс	дэвсгэр <abl>
шинжээс	шинж <abl>
хайгуулаар	хайгуул <ins>
углаашаас	углааш <abl>
хольцын	хольц <gen>
ёгтлолтой	ёгтлол <com>
лаагаа	лаа <voc>
зөрчлөөс	зөрчил <abl>
бүсгүйг	бүсгүй <acc>
хушганд	хушга <dat>
сөнөөгчийг	сөнөөгч <acc>
худгийг	худаг <acc>
даруулын	даруул <gen>
шилбээ	шилбэ <voc>
түрийвчээр	түрийвч <ins>
байнгаас	байнгын <abl>
найдлагатай	найдлага <com>
ашгаар	ашиг <ins>
трансформатораа	трансформатор <voc>
аягатай	аяга <com>
сонирхогчоор	сонирхогчийн <ins>
төсвөөс	төсөв <abl>
зогдорт	зогдор <dat>
гадсанд	гадас <dat>
дасгалжуулагчтай	дасгалжуулагч <com>
дүгнэлтэд	дүгнэлт <dat>
хянагчийг	хянагч <acc>
хувиас	хувь <abl>
хөөрлөө	хөөрөл <voc>
усталаар	устал <ins>
чангарлаар	чангарал <ins>
судлагчаас	судлагч <abl>
инженерийн	инженер <gen>
зүрхээс	зүрх <abl>
бэлчээрээ	бэлчээр <voc>
мэхлэлтийн	мэхлэлт <gen>
гургуулын	гургуул <gen>
үүтэй	үү <com>
тэлэлтэд	тэлэлт <dat>
шүүхээ	шүүх <voc>
өчилд	өчил <dat>
оромжоос	оромж <abl>
дэлгэцийн	дэлгэц <gen>
үлдэгдлээ	үлдэгдэл <voc>
халамжийг	халамж <acc>
нуурт	нуур <dat>
лакт	лак <dat>
эгнээнд	эгнээ <dat>
үрлэгээс	үрлэг <abl>
орцод	орц <dat>
ялагчаа	ялагч <voc>
аалзанд	аалз <dat>
үндэстэй	үндэс <com>
хэрэгцээгээ	хэрэгцээ <voc>
сонирхогчид	сонирхогчийн <dat>
махчинтай	махчин <com>
солонготой	солонго <com>
зурвасаар	зурвас <ins>
продакшнд	продакшн <dat>
түлээчний	түлээчин <gen>
хувьсагчид	хувьсагч <dat>
бутралаар	бутрал <ins>
бичвэрийг	бичвэр <acc>
хакертай	хакер <com>
хараалын	хараал <gen>
бутыг	бут <acc>
алдагдлаар	алдагдал <ins>
үрлийн	үрэл <gen>
банкийг	банк <acc>
тоншуултай	тоншуул <com>
салбараар	салбар <ins>
физиологиор	физиологи <ins>
тасралд	тасрал <dat>
шөлнөөс	шөл <abl>
таарамжийг	таарамж <acc>
ургацаа	ургац <voc>
углаашаар	углааш <ins>
шинэчлэлээ	шинэчлэл <voc>
мяндастай	мяндас <com>
туйлтай	туйлын <com>
жатгаа	жатга <voc>
толгойлогчийг	толгойлогч <acc>
олборлолтын	олборлолт <gen>
урцанд	урц <dat>
хойгоо	хойг <voc>
хөхөвчөөс	хөхөвч <abl>
зураглалын	зураглал <gen>
нягтралаас	нягтрал <abl>
ижилслийг	ижилсэл <acc>
сонинд	сонин <dat>
системээс	систем <abl>
байгууллагын	байгууллага <gen>
чийгшлээ	чийгшил <voc>
шүтээнийг	шүтээн <acc>
харамсалтай	харамсал <com>
эшлэлээс	эшлэл <abl>
бүтэлгүйтлээ	бүтэлгүйтэл <voc>
дэвүүрийн	дэвүүр <gen>
алиалагчид	алиалагч <dat>
шөрмөсөөр	шөрмөс <ins>
айлчлалд	айлчлал <dat>
программын	программ <gen>
харуулыг	харуул <acc>
алдагдлаас	алдагдал <abl>
зараатай	зараа <com>
өгүүлэгдэхүүнээс	өгүүлэгдэхүүн <abl>
эгнээнээс	эгнээ <abl>
удмыг	удам <acc>
статистикаас	статистик <abl>
дуулаачаас	дуулаач <abl>
савлуурыг	савлуур <acc>
дууны	дуу <gen>
солиоролд	солиорол <dat>
эхтэй	эх <com>
хавартай	хавар <com>
хэмжээгээ	хэмжээ <voc>
дарааг	дараа <acc>
гуятай	гуя <com>
тэмтрүүлээс	тэмтрүүл <abl>
оршлын	оршил <gen>
бүтээлгийн	бүтээлэг <gen>
наймаачнаар	наймаачин <ins>
шимтгэлийн	шимтгэл <gen>
хормойн	хормой <gen>
салаар	сал <ins>
курсээс	курс <abl>
биеэр	бие <ins>
аваргад	аварга <dat>
суултууртай	суултуур <com>
нидрүүлэгт	нидрүүлэг <dat>
хамсаатны	хамсаатан <gen>
жимийг	жим <acc>
мэдээлэлд	мэдээлэл <dat>
ажлаас	ажил <abl>
гуаг	гуа <acc>
гурилыг	гурил <acc>
оргодлоо	оргодол <voc>
эринээр	эрин <ins>
шоргоолжоо	шоргоолж <voc>
тосгоноор	тосгон <ins>
мансуурлын	мансуурал <gen>
худалдагчаас	худалдагч <abl>
ардчиллаа	ардчилал <voc>
хошуучлагчаас	хошуучлагч <abl>
микробиологийг	микробиологи <acc>
сэлмээ	сэлэм <voc>
андгайг	андгай <acc>
байгууламжийн	байгууламж <gen>
үргэлжлэлтэй	үргэлжлэл <com>
коммунизмтой	коммунизм <com>
гунигаа	гуниг <voc>
яамаар	яам <ins>
завхайрлаар	завхайрал <ins>
жадыг	жад <acc>
киногоор	кино <ins>
эгнээтэй	эгнээ <com>
хагаралд	хагарал <dat>
гадаргын	гадарга <gen>
логикт	логик <dat>
тамтай	там <com>
давхаргаас	давхарга <abl>
үйлээ	үйл <voc>
булшинд	булш <dat>
бэлтгэлээ	бэлтгэл <voc>
чийгшилтэй	чийгшил <com>
танктай	танк <com>
зөвлөлөө	зөвлөл <voc>
хэрчдэсээр	хэрчдэс <ins>
жимсний	жимс <gen>
шургаар	шураг <ins>
оёдлоо	оёдол <voc>
хөлгийн	хөлөг <gen>
өртэй	өр <com>
цэрийг	цэр <acc>
номлолоос	номлол <abl>
усны	ус <gen>
бухимдлыг	бухимдал <acc>
үндэслэлд	үндэслэл <dat>
эвлэрүүлэгчээс	эвлэрүүлэгч <abl>
чивчүүрээ	чивчүүр <voc>
ятгалгаас	ятгалга <abl>
гарчгийг	гарчиг <acc>
тохируулгын	тохируулга <gen>
мөрдөгчийг	мөрдөгч <acc>
эзэмшигчээ	эзэмшигч <voc>
шүүрлээс	шүүрэл <abl>
лоозонгоор	лоозон <ins>
захиргааны	захиргаа <gen>
гадаргуутай	гадаргуу <com>
гөлгийг	гөлөг <acc>
фашизмыг	фашизм <acc>
роботоор	робот <ins>
ачлалаар	ачлал <ins>
төвлөрлийн	төвлөрөл <gen>
нүдээ	нүд <voc>
ялгааны	ялгаа <gen>
халамжид	халамж <dat>
идэгдлийг	идэгдэл <acc>
зааварчилгаагаар	зааварчилгаа <ins>
билетийн	билет <gen>
гэрчтэй	гэрч <com>
зулайг	зулай <acc>
эмээр	эм <ins>
тактикийн	тактик <gen>
маслоны	масло <gen>
вирусний	вирус <gen>
мөсөнд	мөс <dat>
ястнаа	ястан <voc>
үнэрээс	үнэр <abl>
шаазантай	шаазан <com>
захианаас	захиа <abl>
цэрдээр	цэрд <ins>
ганцаардлыг	ганцаардал <acc>
дэлхийг	дэлхий <acc>
эринээ	эрин <voc>
зохиомжийг	зохиомж <acc>
шандаснаас	шандас <abl>
муураар	муур <ins>
довтолгоогоо	довтолгоо <voc>
капитализмд	капитализм <dat>
чимэглэлтэй	чимэглэл <com>
ууршилтаар	ууршилт <ins>
уурхайчинтай	уурхайчин <com>
түвшинд	түвшин <dat>
тэнгистэй	тэнгис <com>
хүрээний	хүрээ <gen>
дээсээ	дээс <voc>
тамганы	тамга <gen>
төлөөлөгчид	төлөөлөгч <dat>
уралдаанаас	уралдаан <abl>
алхаанаас	алхаа <abl>
мөнхөөр	мөнх <ins>
нумтай	нум <com>
хамтатгалаа	хамтатгал <voc>
байршлыг	байршил <acc>
тохиролцоогоо	тохиролцоо <voc>
эцэгт	эцэг <dat>
бөмбөгөөр	бөмбөг <ins>
төвлөрүүлэлтийг	төвлөрүүлэлт <acc>
сүмийн	сүм <gen>
чөтгөрт	чөтгөр <dat>
хорвоогоос	хорвоо <abl>
зэсээс	зэс <abl>
моодоо	моод <voc>
хэмжигдэхүүнээ	хэмжигдэхүүн <voc>
харьцууллаа	харьцуулал <voc>
шоглоомд	шоглоом <dat>
харааны	хараа <gen>
гоёлтой	гоёл <com>
хучлагад	хучлага <dat>
хигээсийг	хигээс <acc>
илээр	ил <ins>
хэлний	хэл <gen>
яамнаас	яам <abl>
хаалгачтай	хаалгач <com>
өвөөгөөс	өвөө <abl>
үлгэрийн	үлгэр <gen>
цэцгийн	цэцэг <gen>
өвийг	өв <acc>
зэрэглэлд	зэрэглэл <dat>
шалгалтаа	шалгалт <voc>
барилдлагад	барилдлага <dat>
долгиотой	долгио <com>
захиалагчид	захиалагч <dat>
айдсыг	айдас <acc>
аялагчаас	аялагч <abl>
андгайгаар	андгай <ins>
чимхүүрээс	чимхүүр <abl>
үеэлээс	үеэл <abl>
хүчирхийллээс	хүчирхийлэл <abl>
анхааруулгаар	анхааруулга <ins>
батганы	батга <gen>
ялагдалд	ялагдал <dat>
нимбэгээ	нимбэг <voc>
барилгатай	барилга <com>
гортигоо	гортиг <voc>
хэрсүүгээ	хэрсүү <voc>
ширгийн	ширэг <gen>
шуудуугаар	шуудуу <ins>
хязгаарлалтад	хязгаарлалт <dat>
өдрөөр	өдөр <ins>
сургаалыг	сургаал <acc>
хүчний	хүч <gen>
мөлжлөгөөс	мөлжлөг <abl>
бэлгээ	бэлэг <voc>
оёдолчныг	оёдолчин <acc>
өдөөр	өд <ins>
үрлээр	үрэл <ins>
хүүрнэлээс	хүүрнэл <abl>
хийсвэрлэлтэй	хийсвэрлэл <com>
бөндгөрөөс	бөндгөр <abl>
ховооны	ховоо <gen>
уянгаа	уянга <voc>
тамхинд	тамхи <dat>
удирдлагаа	удирдлага <voc>
бурхнаас	бурхан <abl>
маргаанаа	маргаан <voc>
ходоодноос	ходоод <abl>
босуулын	босуул <gen>
хурандаагийн	хурандаа <gen>
егөөнөөс	егөө <abl>
системд	систем <dat>
бөмбөрцгөө	бөмбөрцөг <voc>
төгсөгчид	төгсөгч <dat>
бялуунд	бялуу <dat>
циркээс	цирк <abl>
хорголжид	хорголж <dat>
сургалтыг	сургалт <acc>
кофейнтой	кофейн <com>
эмээс	эм <abl>
бондод	бонд <dat>
уранд	уран <dat>
солилцоогоо	солилцоо <voc>
бөмбөрцөгтэй	бөмбөрцөг <com>
цусыг	цус <acc>
атираанд	атираа <dat>
хичээлийг	хичээл <acc>
хямдралаас	хямдрал <abl>
пуужингаар	пуужин <ins>
хүндэтгэлээ	хүндэтгэл <voc>
цамцнаас	цамц <abl>
сурталчилгаатай	сурталчилгааны <com>
харьяаллаас	харьяалал <abl>
сонсогчийн	сонсогч <gen>
гарлын	гарал <gen>
шатны	шат <gen>
бадгаа	бадаг <voc>
илэрхийллийн	илэрхийлэл <gen>
таамгийг	таамаг <acc>
өвлөө	өвөл <voc>
зугаагаар	зугаа <ins>
дадлагаар	дадлага <ins>
цуглуулагчид	цуглуулагч <dat>
үүргээ	үүрэг <voc>
духаа	дух <voc>
дугтуйгаа	дугтуй <voc>
дилерээр	дилер <ins>
хөлслөгчөөр	хөлслөгч <ins>
чичиргээг	чичиргээ <acc>
бүргэдээс	бүргэд <abl>
банзанд	банз <dat>
эвлэрлээс	эвлэрэл <abl>
байшингийн	байшин <gen>
гөлөгний	гөлөг <gen>
этгээдийг	этгээд <acc>
жүжигчнээ	жүжигчин <voc>
рационализмаа	рационализм <voc>
хөдөлгүүртэй	хөдөлгүүр <com>
зураглаачаас	зураглаач <abl>
хайрсны	хайрс <gen>
ирмэгээр	ирмэг <ins>
шившгийн	шившиг <gen>
тэгээр	тэг <ins>
мөрдлөгийг	мөрдлөг <acc>
тэрслэгчийн	тэрслэгч <gen>
вальсыг	вальс <acc>
майханд	майхан <dat>
хатуулгатай	хатуулга <com>
магтаалд	магтаал <dat>
ерөнхийлөгчийг	ерөнхийлөгч <acc>
чагнаалыг	чагнаал <acc>
зөөгчтэй	зөөгч <com>
хүлээсээс	хүлээс <abl>
урилгаас	урилга <abl>
угсралтаас	угсралт <abl>
шоргоолжноос	шоргоолж <abl>
хувьтай	хувь <com>
трамвайтай	трамвай <com>
зэмлэлийн	зэмлэл <gen>
хүчлээр	хүчил <ins>
нөлөөг	нөлөө <acc>
тавилгыг	тавилга <acc>
дурны	дураараа <gen>
биетэй	бие <com>
удамшлаас	удамшил <abl>
хугацааны	хугацаа <gen>
огтлолцолтой	огтлолцол <com>
үрлэгт	үрлэг <dat>
сониныг	сонин <acc>
ятгалгын	ятгалга <gen>
халимаас	халим <abl>
цуурганаас	цуурга <abl>
үерт	үер <dat>
хагацалд	хагацал <dat>
дуулиа	дууль <voc>
үнэрийн	үнэр <gen>
лавлагаагаар	лавлагаа <ins>
таргыг	тарга <acc>
тамхиар	тамхи <ins>
шүлсэвчтэй	шүлсэвч <com>
өөхөнд	өөх <dat>
тохиргоогоо	тохиргоо <voc>
сэтгүүлд	сэтгүүл <dat>
сүлбэлдээнээс	сүлбэлдээн <abl>
намтраар	намтар <ins>
удирдамжийн	удирдамж <gen>
прокурорын	прокурор <gen>
чидунаас	чидун <abl>
булчинд	булчин <dat>
циклээс	цикл <abl>
цуглуулагчтай	цуглуулагч <com>
жараахайнаас	жараахай <abl>
шуудуунд	шуудуу <dat>
кредитээр	кредит <ins>
зүхлийн	зүхэл <gen>
тохижуулалтыг	тохижуулалт <acc>
дэнсэнд	дэнс <dat>
галууг	галуу <acc>
диаграммаа	диаграмм <voc>
тавиуртай	тавиур <com>
баривчилгааг	баривчилгаа <acc>
жаягтай	жаяг <com>
шүүгээнээс	шүүгээ <abl>
дэлгэрэлтээс	дэлгэрэлт <abl>
бодлоо	бодол <voc>
бүртгэлтэй	бүртгэл <com>
туйлаас	туйлын <abl>
үүсвэрт	үүсвэр <dat>
цэгийн	цэг <gen>
гаансанд	гаанс <dat>
зотонг	зотон <acc>
мэргэжилтнийг	мэргэжилтэн <acc>
шургаас	шураг <abl>
зохиолд	зохиол <dat>
аймагт	аймаг <dat>
симфонид	симфони <dat>
нуурын	нуур <gen>
зүтгэлийг	зүтгэл <acc>
хийлчээс	хийлч <abl>
социализмтай	социализм <com>
хожуулаас	хожуул <abl>
шургуулгаар	шургуулга <ins>
аргаа	арга <voc>
шүүхийг	шүүх <acc>
найрамдлаас	найрамдал <abl>
үйлчлэгчээр	үйлчлэгч <ins>
бонусаас	бонус <abl>
замаа	зам <voc>
тэмдгээ	тэмдэг <voc>
олсоор	олс <ins>
үгүйсгэлээс	үгүйсгэл <abl>
хорголжоос	хорголж <abl>
толгойлогчоос	толгойлогч <abl>
хэмжигдэхүүнээр	хэмжигдэхүүн <ins>
фракцыг	фракц <acc>
моодоор	моод <ins>
арлын	арал <gen>
амжилтад	амжилт <dat>
худалдагчтай	худалдагч <com>
олборлолтоо	олборлолт <voc>
дамжуулагчаа	дамжуулагч <voc>
бүйлсний	бүйлс <gen>
дуализмаа	дуализм <voc>
мөхлийн	мөхөл <gen>
яншуйтай	яншуй <com>
цохиогоо	цохио <voc>
ханцуйгаар	ханцуй <ins>
инээдмийн	инээдэм <gen>
хавчлагад	хавчлага <dat>
жимсийг	жимс <acc>
хучлагыг	хучлага <acc>
тавилангаас	тавилан <abl>
цэнэглэгчтэй	цэнэглэгч <com>
шүлттэй	шүлт <com>
арилжаанаас	арилжаа <abl>
зайрмагийг	зайрмаг <acc>
гавлын	гавал <gen>
гудамжийг	гудамж <acc>
майонезын	майонез <gen>
эмээлд	эмээл <dat>
агуулахыг	агуулах <acc>
далайцыг	далайц <acc>
огторгуйд	огторгуй <dat>
цагдааг	цагдаа <acc>
үйлдлээ	үйлдэл <voc>
зөөгчөөр	зөөгч <ins>
хацрыг	хацар <acc>
нэмэгдлээс	нэмэгдэл <abl>
тэжээлээ	тэжээл <voc>
талийгчид	талийгч <dat>
бамбартай	бамбар <com>
шаналгаагаа	шаналгаа <voc>
шүлсэвчийн	шүлсэвч <gen>
төмсөнд	төмс <dat>
хамтрагчаас	хамтрагч <abl>
нээлтийн	нээлт <gen>
цээжинд	цээж <dat>
бичээсээ	бичээс <voc>
галзуурлаа	галзуурал <voc>
гадраас	гадар <abl>
хөнөөлтэй	хөнөөл <com>
эргэлзээгээр	эргэлзээ <ins>
цоглогоор	цоглог <ins>
шинжийн	шинж <gen>
шүршигчтэй	шүршигч <com>
тайтгарлыг	тайтгарал <acc>
үзэмжтэй	үзэмж <com>
аялгаас	аялга <abl>
хуваагдагчтай	хуваагдагч <com>
сампинд	сампин <dat>
тэмдэглэгээтэй	тэмдэглэгээ <com>
шаталтаар	шаталт <ins>
донгоор	дон <ins>
зууштай	зууш <com>
бүтээлээс	бүтээл <abl>
аянгын	аянга <gen>
хасагдагчаар	хасагдагч <ins>
мастераас	мастер <abl>
багажаас	багаж <abl>
тэгийн	тэг <gen>
услагчийг	услагч <acc>
хашилтыг	хашилт <acc>
тоормосонд	тоормос <dat>
алганы	алга <gen>
ёзоороос	ёзоор <abl>
шүүлтийг	шүүлт <acc>
гэрэлтүүлэгтэй	гэрэлтүүлэг <com>
итгэлтэй	итгэл <com>
жараахайн	жараахай <gen>
гэгээрэлд	гэгээрэл <dat>
даргаар	дарга <ins>
хальсаа	хальс <voc>
алдартанд	алдартан <dat>
доромжлолын	доромжлол <gen>
тунхаглалтай	тунхаглал <com>
ээлжийг	ээлж <acc>
дэвтэртэй	дэвтэр <com>
цэврүүтэй	цэврүү <com>
шүгэлд	шүгэл <dat>
тариачны	тариачин <gen>
самуунд	самуун <dat>
доргиог	доргио <acc>
тэрслэгчээ	тэрслэгч <voc>
түрээсээс	түрээс <abl>
загатнаатай	загатнаа <com>
дөнжөөр	дөнжөө <ins>
сонины	сонин <gen>
батжилтад	батжилт <dat>
тэнхлэгээс	тэнхлэг <abl>
адтай	ад <com>
түгжээгээр	түгжээ <ins>
доголдолд	доголдол <dat>
эгнээг	эгнээ <acc>
дүүргэлтээ	дүүргэлт <voc>
галлалтыг	галлалт <acc>
ажиллагааны	ажиллагаа <gen>
огтлоосоо	огтлоос <voc>
худагтай	худаг <com>
түйвээнтэй	түйвээн <com>
алгаа	алга <voc>
засалтаар	засалт <ins>
мэнгээ	мэнгэ <voc>
залилангийн	залилан <gen>
хагацлаа	хагацал <voc>
шалтгаантай	шалтгаан <com>
авснаас	авс <abl>
хэвшлээр	хэвшил <ins>
дадлаар	дадал <ins>
удирдагчийг	удирдагч <acc>
цэвэрлэгээнээс	цэвэрлэгээ <abl>
гургуулаар	гургуул <ins>
гахиуртай	гахиур <com>
ирцийг	ирц <acc>
тэрэгтэй	тэрэг <com>
алгаар	алга <ins>
зоригоос	зориг <abl>
хуурайнаас	хуурай <abl>
асуултыг	асуулт <acc>
лампыг	ламп <acc>
олтригоор	олтриг <ins>
хүрээнд	хүрээ <dat>
бөглөрлөөр	бөглөрөл <ins>
мангасаар	мангас <ins>
өнгөө	өнгө <voc>
бадминтоны	бадминтон <gen>
пүршийг	пүрш <acc>
жуулчнаар	жуулчин <ins>
тогоочийг	тогооч <acc>
нийтлэлээр	нийтлэл <ins>
дуунд	дуу <dat>
ууршилтад	ууршилт <dat>
гадаргаас	гадарга <abl>
гортигоор	гортиг <ins>
жүржээр	жүрж <ins>
хамелеонд	хамелеон <dat>
мэнгээр	мэнгэ <ins>
утгын	утга <gen>
тэгшитгэлээр	тэгшитгэл <ins>
зүйрлэлийг	зүйрлэл <acc>
хойгт	хойг <dat>
илтгэлтэй	илтгэл <com>
мөчлөгийг	мөчлөг <acc>
зангаанаас	зангаа <abl>
худалдаачнаар	худалдаачин <ins>
чанарыг	чанар <acc>
жигшлийг	жигшил <acc>
ахлагчийн	ахлагч <gen>
гаанстай	гаанс <com>
дэвтрээ	дэвтэр <voc>
харилцаанаас	харилцаа <abl>
хүндлэлд	хүндлэл <dat>
мангасыг	мангас <acc>
тулаантай	тулаан <com>
ажиглагчид	ажиглагч <dat>
томьёоны	томьёо <gen>
авианы	авиа <gen>
хэлэхүйгээс	хэлэхүй <abl>
гацуурын	гацуур <gen>
студийн	студи <gen>
илгээмжээс	илгээмж <abl>
тохируулгаас	тохируулга <abl>
томьёогоо	томьёо <voc>
командлагчийг	командлагч <acc>
хэсгийг	хэсэг <acc>
шуудайтай	шуудай <com>
шүрээс	шүр <abl>
дэлгэцээ	дэлгэц <voc>
нүхээс	нүх <abl>
төлгөөр	төлөг <ins>
тогтолцоонд	тогтолцоо <dat>
цалингаа	цалин <voc>
эрхэст	эрхэс <dat>
үүргээр	үүрэг <ins>
хамгаалагчтай	хамгаалагч <com>
хориогоо	хорио <voc>
шүлсээр	шүлс <ins>
гуйлгачинтай	гуйлгачин <com>
жүчээнээс	жүчээ <abl>
обойгоор	обой <ins>
доллароо	доллар <voc>
аялгуутай	аялгуу <com>
зүүдийг	зүүд <acc>
ёзоороо	ёзоор <voc>
тооцоололд	тооцоолол <dat>
тууралтаар	тууралт <ins>
өндөгнөөс	өндөг <abl>
гаргалтаар	гаргалт <ins>
фашизмд	фашизм <dat>
машинаа	машин <voc>
үйлдвэрээс	үйлдвэр <abl>
бохиноос	бохь <abl>
организмоор	организм <ins>
хэмнэлтээр	хэмнэлт <ins>
зорилтоос	зорилт <abl>
дэвүүрт	дэвүүр <dat>
урхины	урхи <gen>
мэдүүлэгтэй	мэдүүлэг <com>
үеэлд	үеэл <dat>
худалдаагаа	худалдаа <voc>
эрэлтийг	эрэлт <acc>
бохио	бохь <voc>
дасгалд	дасгал <dat>
ширээсийг	ширээс <acc>
ногдолтой	ногдол <com>
гадуурхлаар	гадуурхал <ins>
багтраанд	багтраа <dat>
шөнийг	шөнө <acc>
зураглаачтай	зураглаач <com>
продакшнаас	продакшн <abl>
дэмжлэгээр	дэмжлэг <ins>
нойроо	нойр <voc>
заламгайтай	заламгай <com>
сүүдрэвчээр	сүүдрэвч <ins>
зэрэглээтэй	зэрэглээ <com>
голоор	голд <ins>
цайзтай	цайз <com>
донгоо	дон <voc>
мөнгөтэй	мөнгө <com>
нийгэмлэгийг	нийгэмлэг <acc>
дайнд	дайн <dat>
өмхийийн	өмхий <gen>
ногтонд	ногт <dat>
бэрээс	бэр <abl>
шивнээнээс	шивнээ <abl>
эвдрэлийг	эвдрэл <acc>
үечлэлээс	үечлэл <abl>
төлөгчтэй	төлөгч <com>
цээрээ	цээр <voc>
аммиакт	аммиак <dat>
ёсолгоогоо	ёсолгоо <voc>
үүсвэртэй	үүсвэр <com>
мэхлэлтийг	мэхлэлт <acc>
оюутантай	оюутан <com>
нийлбэрийг	нийлбэр <acc>
барааг	бараа <acc>
төрлийг	төрөл <acc>
цомыг	цом <acc>
мушгиагаар	мушгиа <ins>
даамжралын	даамжрал <gen>
өвгөний	өвгөн <gen>
моодонд	моод <dat>
интернэтээс	интернет <abl>
сүүдрэвчнээс	сүүдрэвч <abl>
хараалаар	хараал <ins>
боломжийг	боломж <acc>
бодолтын	бодолт <gen>
арслангийн	арслан <gen>
үйлдэлд	үйлдэл <dat>
графикаа	график <voc>
бамбарын	бамбар <gen>
горьдлогод	горьдлого <dat>
халдлагыг	халдлага <acc>
залуурыг	залуур <acc>
хонготой	хонго <com>
иллэгээр	иллэг <ins>
залгамжлагчийг	залгамжлагч <acc>
тооцооллоо	тооцоолол <voc>
хурдыг	хурд <acc>
янзад	янз <dat>
дэнгээр	дэн <ins>
гургуулд	гургуул <dat>
бартаагаар	бартаа <ins>
зээлтэй	зээл <com>
акттай	акт <com>
цомын	цом <gen>
тасгийн	тасаг <gen>
тохуурхлаас	тохуурхал <abl>
эрхсээр	эрхэс <ins>
хаварт	хавар <dat>
соруулаар	соруул <ins>
театраас	театр <abl>
экологиор	экологи <ins>
хөлслөгчтэй	хөлслөгч <com>
өгүүлбэрийг	өгүүлбэр <acc>
аялгад	аялга <dat>
байдалтай	байдал <com>
дүгнэлтийн	дүгнэлт <gen>
хэрэгжилтээс	хэрэгжилт <abl>
загасчлалаар	загасчлал <ins>
алчуураа	алчуур <voc>
гэлэнмаагийн	гэлэнмаа <gen>
хуулиас	хууль <abl>
нэмэгдлийг	нэмэгдэл <acc>
цэнгүүнд	цэнгүүн <dat>
тэмдэглэлээр	тэмдэглэл <ins>
инээмсэглэлийг	инээмсэглэл <acc>
гэдэстэй	гэдэс <com>
хошуучаар	хошууч <ins>
тогтворжилтын	тогтворжилт <gen>
гахиурыг	гахиур <acc>
нийлбэрээ	нийлбэр <voc>
хэвийг	хэв <acc>
зовлонгийн	зовлон <gen>
амлалтаар	амлалт <ins>
шаварт	шавар <dat>
үндсийг	үндэс <acc>
хүндтэй	хүнд <com>
идеализмаар	идеализм <ins>
бөөмийг	бөөм <acc>
тайлбарлагчийг	тайлбарлагч <acc>
статистикийн	статистик <gen>
уурхайчныг	уурхайчин <acc>
уялдаанаас	уялдаа <abl>
эрэмбийг	эрэмбэ <acc>
хамелеоны	хамелеон <gen>
археологио	археологи <voc>
шүүдрээс	шүүдэр <abl>
даамжралыг	даамжрал <acc>
хучлагаар	хучлага <ins>
гийгүүлэгчид	гийгүүлэгч <dat>
уланд	ул <dat>
дуслаа	дусал <voc>
тэнцвэрийн	тэнцвэр <gen>
төсөлд	төсөл <dat>
зэвүүцлийг	зэвүүцэл <acc>
дэвүүрийг	дэвүүр <acc>
тохуурхлаар	тохуурхал <ins>
чадвараас	чадвар <abl>
хэцийн	хэц <gen>
микробиологитой	микробиологи <com>
агаараар	агаар <ins>
нийлэмжид	нийлэмж <dat>
хөтлөгчөө	хөтлөгч <voc>
гохыг	гох <acc>
шандасны	шандас <gen>
загасаа	загас <voc>
адаа	ад <voc>
гудасанд	гудас <dat>
сүргийг	сүрэг <acc>
хондлойн	хондлой <gen>
тоосгоор	тоосго <ins>
идэгдлээр	идэгдэл <ins>
зайрмагт	зайрмаг <dat>
ястай	яс <com>
бассейнтай	бассейн <com>
нуурыг	нуур <acc>
арслангаар	арслан <ins>
цэцэглэлтээс	цэцэглэлт <abl>
нийлэмжээр	нийлэмж <ins>
шатаагчид	шатаагч <dat>
нягтшилд	нягтшил <dat>
асуудлаар	асуудал <ins>
залийг	заль <acc>
гогцоогоор	гогцоо <ins>
отрядын	отряд <gen>
тактикийг	тактик <acc>
нийцлээр	нийцэл <ins>
хоншоортой	хоншоор <com>
онолчоор	онолч <ins>
туслалцаагаар	туслалцаа <ins>
эхээр	эх <ins>
найрууламжаа	найрууламж <voc>
фонтоо	фонт <voc>
чулуунд	чулуу <dat>
хүүрнэлийг	хүүрнэл <acc>
цуваагаа	цуваа <voc>
агааржуулагчаа	агааржуулагч <voc>
танилцуулгад	танилцуулга <dat>
удирдлагыг	удирдлага <acc>
бариулаас	бариул <abl>
хувийн	хувь <gen>
химийг	хими <acc>
хөвгүүнд	хөвгүүн <dat>
эндүүрлээс	эндүүрэл <abl>
байдалд	байдал <dat>
намагт	намаг <dat>
тавилгаа	тавилга <voc>
хоригтой	хориг <com>
хулмасыг	хулмас <acc>
элементээр	элемент <ins>
театртай	театр <com>
зовлонг	зовлон <acc>
айзамд	айзам <dat>
гашуудлаас	гашуудал <abl>
бохиор	бохь <ins>
үрлэгийн	үрлэг <gen>
туслагчаас	туслагч <abl>
ташууртай	ташуур <com>
асуултын	асуулт <gen>
чөлөөгөөр	чөлөө <ins>
уцаарыг	уцаар <acc>
дэлгэцтэй	дэлгэц <com>
жоотуугаар	жоотуу <ins>
овгоор	овог <ins>
драмтай	драм <com>
тэмдгээр	тэмдэг <ins>
судлагчийн	судлагч <gen>
азотод	азот <dat>
самбарын	самбар <gen>
багтаамжид	багтаамж <dat>
тороор	торт <ins>
чимхүүрийг	чимхүүр <acc>
шургийг	шураг <acc>
чадвараар	чадвар <ins>
тусгаарлалттай	тусгаарлалт <com>
дүнгийн	дүн <gen>
эрхлэгчээс	эрхлэгч <abl>
эврийн	эвэр <gen>
хөргүүрийн	хөргүүр <gen>
кодыг	код <acc>
үзэгдлээс	үзэгдэл <abl>
чангарлаа	чангарал <voc>
үүсэлтэй	үүсэл <com>
рационализмаар	рационализм <ins>
баатарт	баатар <dat>
залгааны	залгаа <gen>
хүрхрээнээс	хүрхрээ <abl>
амьсгалаа	амьсгал <voc>
бэрхшээлээр	бэрхшээл <ins>
гарзаар	гарз <ins>
хуульчид	хуульч <dat>
өвчтөний	өвчтөн <gen>
томьёонд	томьёо <dat>
заагаар	зааг <ins>
туршлагаар	туршлага <ins>
хадгалалтаа	хадгалалт <voc>
хатаагчийг	хатаагч <acc>
хормойтой	хормой <com>
захиагаа	захиа <voc>
бөглөөний	бөглөө <gen>
гадилд	гадил <dat>
хөрөнгөтнийг	хөрөнгөтөн <acc>
дүүргэлтийн	дүүргэлт <gen>
эндүүрлээр	эндүүрэл <ins>
тоглоомоор	тоглоом <ins>
ололттой	ололт <com>
тохуунд	тохуу <dat>
өрний	өр <gen>
эрсдэлээс	эрсдэл <abl>
амьдчиллаа	амьдчилал <voc>
багцааны	багцаа <gen>
шивэгчнийг	шивэгчин <acc>
тамхиа	тамхи <voc>
сэжүүрээс	сэжүүр <abl>
хормойд	хормой <dat>
цэцэглэлтийн	цэцэглэлт <gen>
хөдөлгөгчид	хөдөлгөгч <dat>
өтгөнөөр	өтгөн <ins>
хариугаа	хариу <voc>
наадгайд	наадгай <dat>
архитай	архи <com>
горхийг	горхи <acc>
программыг	программ <acc>
бясалгалтай	бясалгал <com>
түгжрэлийг	түгжрэл <acc>
цавууны	цавуу <gen>
чийгээр	чийг <ins>
арслантай	арслан <com>
жанжныг	жанжин <acc>
сэвд	сэв <dat>
илэрхийллээ	илэрхийлэл <voc>
далайцад	далайц <dat>
байдлаас	байдал <abl>
гөрөөнөөс	гөрөө <abl>
зайг	зай <acc>
амьтай	амь <com>
товчлолоос	товчлол <abl>
асуудлаас	асуудал <abl>
сэрэмжлүүлгийг	сэрэмжлүүлэг <acc>
хамгаалагчид	хамгаалагч <dat>
амьсгалаас	амьсгал <abl>
ээлжээр	ээлж <ins>
хүндэтгэлээр	хүндэтгэл <ins>
түрээсээр	түрээс <ins>
мухлагтай	мухлаг <com>
эргэцүүллээр	эргэцүүлэл <ins>
уртрагаа	уртраг <voc>
хадгалалтаар	хадгалалт <ins>
гялгараар	гялгар <ins>
хуягийн	хуяг <gen>
оноогоор	оноо <ins>
үрлээ	үрэл <voc>
мөрөөдлөө	мөрөөдөл <voc>
зөвлөгөөнд	зөвлөгөөн <dat>
авсны	авс <gen>
бассейнаар	бассейн <ins>
радиатораа	радиатор <voc>
уурхайгаар	уурхай <ins>
дүнзэнд	дүнз <dat>
эрэмбээ	эрэмбэ <voc>
сүлжээнээс	сүлжээ <abl>
төглөөс	төгөл <abl>
түрүүний	түрүү <gen>
загасчинд	загасчин <dat>
үзүүлэнг	үзүүлэн <acc>
мөгөөрснөөс	мөгөөрс <abl>
бүлэгтэй	бүлэг <com>
хоногтой	хоног <com>
тууралтыг	тууралт <acc>
тавцангаас	тавцан <abl>
капсулыг	капсул <acc>
түүхтэй	түүх <com>
дахилтаар	дахилт <ins>
яншуйнаас	яншуй <abl>
жүржийг	жүрж <acc>
гацааг	гацаа <acc>
хариуцагчаас	хариуцагч <abl>
сүмээ	сүм <voc>
бухимдлын	бухимдал <gen>
өвөөгөөр	өвөө <ins>
дунгаас	дун <abl>
баримтаа	баримт <voc>
орцын	орц <gen>
сүлбэлдээний	сүлбэлдээн <gen>
клубтэй	клуб <com>
хуваагдалд	хуваагдал <dat>
зурлагад	зурлага <dat>
нимбэгийн	нимбэг <gen>
адилсалтай	адилсал <com>
долларын	доллар <gen>
дадлаас	дадал <abl>
бэртэлтээ	бэртэлт <voc>
нуураар	нуур <ins>
сэтгэгдлийг	сэтгэгдэл <acc>
байнаас	бай <abl>
дасгалжуулагчийг	дасгалжуулагч <acc>
хэрэгжилттэй	хэрэгжилт <com>
тармуураас	тармуур <abl>
боловсруулалттай	боловсруулалт <com>
шулмын	шулам <gen>
цэгт	цэг <dat>
сайжруулалтыг	сайжруулалт <acc>
дамтай	дам <com>
усанд	ус <dat>
хөөрлөөр	хөөрөл <ins>
хүчээр	хүч <ins>
зогсоолтой	зогсоол <com>
чадварын	чадвар <gen>
луйвраар	луйвар <ins>
янданг	яндан <acc>
дугуйн	дугуй <gen>
сэрвээнээс	сэрвээ <abl>
циркийг	цирк <acc>
жигшлээр	жигшил <ins>
зодооны	зодоон <gen>
маркетингаар	маркетинг <ins>
даяанчийн	даяанч <gen>
жишээгээр	жишээ <ins>
ихсээр	ихэс <ins>
үерхлээр	үерхэл <ins>
хөлгийг	хөлөг <acc>
өрцний	өрц <gen>
ботаникийн	ботаник <gen>
тэврэлтээр	тэврэлт <ins>
тамаар	там <ins>
дурсамжаар	дурсамж <ins>
аймгийн	аймаг <gen>
загасчлалд	загасчлал <dat>
хуримын	хурим <gen>
устгагчийн	устгагч <gen>
фашизмаар	фашизм <ins>
самаа	сам <voc>
өсгийтэй	өсгий <com>
шинжлэгчээр	шинжлэгч <ins>
оршлыг	оршил <acc>
байдлаар	байдал <ins>
зөрчлийг	зөрчил <acc>
тэнцэтгэлд	тэнцэтгэл <dat>
хормоо	хором <voc>
аритай	ари <com>
дээрмээс	дээрэм <abl>
шүвтрээ	шүвтэр <voc>
кофейноо	кофейн <voc>
геологио	геологи <voc>
галуугаа	галуу <voc>
хүлээстэй	хүлээс <com>
сэтгүүлээс	сэтгүүл <abl>
чиргүүлээ	чиргүүл <voc>
редакторыг	редактор <acc>
нөхрөөр	нөхөр <ins>
эрэмбэд	эрэмбэ <dat>
иргэнээр	иргэн <ins>
чуулгаар	чуулга <ins>
захианд	захиа <dat>
бэсрэгээс	бэсрэг <abl>
харьцуулалтай	харьцуулал <com>
сахлаас	сахал <abl>
өвдгөө	өвдөг <voc>
гадарт	гадар <dat>
бэлхүүстэй	бэлхүүс <com>
төлөөсөө	төлөөс <voc>
боржинд	боржин <dat>
гурвалын	гурвал <gen>
гаслангаар	гаслан <ins>
эрсдэлтэй	эрсдэл <com>
уутаар	уут <ins>
мөргөлчинд	мөргөлчин <dat>
мөчлөгт	мөчлөг <dat>
атгаас	атга <abl>
нийлгээр	нийлэг <ins>
цондонгоор	цондон <ins>
бадмаарагтай	бадмаараг <com>
бэхээс	бэх <abl>
удамшлаа	удамшил <voc>
өөдсөө	өөдөс <voc>
зэрэглээний	зэрэглээ <gen>
фокустай	фокус <com>
хонийг	хонь <acc>
урлалаас	урлал <abl>
зүлгүүрийг	зүлгүүр <acc>
курсээ	курс <voc>
хямдралыг	хямдрал <acc>
тасралтай	тасрал <com>
бэхжилттэй	бэхжилт <com>
бохитой	бохь <com>
шүүмжээ	шүүмж <voc>
шумбагчаа	шумбагч <voc>
чимгээс	чимэг <abl>
гуйлгачинд	гуйлгачин <dat>
уцаараа	уцаар <voc>
орлогчоо	орлогч <voc>
шүүгээнд	шүүгээ <dat>
ангиар	анги <ins>
тонуултай	тонуул <com>
амраас	амар <abl>
хөвөнг	хөвөн <acc>
ялгаруулалтыг	ялгаруулалт <acc>
майхнаас	майхан <abl>
хязгаарлалын	хязгаарлал <gen>
тасалбараа	тасалбар <voc>
холбоостой	холбоос <com>
талхны	талх <gen>
авгалдайн	авгалдай <gen>
эргүүлээ	эргүүл <voc>
мэтгэлцээнээ	мэтгэлцээн <voc>
моринд	морь <dat>
бодролоор	бодрол <ins>
цааснаас	цаас <abl>
таслалтаас	таслалт <abl>
өндгөвчтэй	өндгөвч <com>
болзлоос	болзол <abl>
ачааны	ачаа <gen>
урхинаас	урхи <abl>
суултуурыг	суултуур <acc>
байшинд	байшин <dat>
унагаар	унага <ins>
магадлалыг	магадлал <acc>
ааваас	аавынх <abl>
шалтгаанаа	шалтгаан <voc>
өтөнд	өт <dat>
шүлтэд	шүлт <dat>
жорлонтой	жорлон <com>
царайгаар	царай <ins>
авсаар	авс <ins>
хөршөөр	хөрш <ins>
гэрэлтүүлэгт	гэрэлтүүлэг <dat>
шүүгээгээр	шүүгээ <ins>
агааржуулагчаар	агааржуулагч <ins>
ангилалтаар	ангилалт <ins>
биелэлд	биелэл <dat>
зогсоолд	зогсоол <dat>
совинтой	совин <com>
булчингаа	булчин <voc>
сувгийг	суваг <acc>
цэцэрлэгт	цэцэрлэг <dat>
ёгтлолоор	ёгтлол <ins>
бутнаас	бут <abl>
тэмдэглэгээг	тэмдэглэгээ <acc>
ферментийг	фермент <acc>
түрээслэгчийг	түрээслэгч <acc>
ялагдлаа	ялагдал <voc>
бонусын	бонус <gen>
замыг	зам <acc>
тоглолтыг	тоглолт <acc>
шийдвэрийг	шийдвэр <acc>
үгтэй	үг <com>
зөвлөгөөтэй	зөвлөгөө <com>
прокуророос	прокурор <abl>
хайлшны	хайлш <gen>
талийгчийн	талийгч <gen>
тоормосноос	тоормос <abl>
аммиакийн	аммиак <gen>
буурцгаас	буурцаг <abl>
чөтгөртэй	чөтгөр <com>
обойд	обой <dat>
долгионы	долгион <gen>
үсэглэлд	үсэглэл <dat>
галзуурлаар	галзуурал <ins>
торгуулиас	торгууль <abl>
цуглуулагчийг	цуглуулагч <acc>
шаврын	шавар <gen>
босготой	босго <com>
шугуйгаа	шугуй <voc>
хаалттай	хаалт <com>
мөнхөө	мөнх <voc>
аммиакаа	аммиак <voc>
хөлөгтэй	хөлөг <com>
жишигтэй	жишиг <com>
ялагчид	ялагч <dat>
эзэмшигчийг	эзэмшигч <acc>
сорилгоор	сорилго <ins>
шуудайгаа	шуудай <voc>
ахлагчаас	ахлагч <abl>
гахиурын	гахиур <gen>
холбоосоо	холбоос <voc>
тахлаар	тахал <ins>
холбоосноос	холбоос <abl>
ажилтнаа	ажилтан <voc>
унжлагад	унжлага <dat>
хянагчтай	хянагч <com>
дамрыг	дамар <acc>
авианд	авиа <dat>
гаслангаа	гаслан <voc>
чимхүүртэй	чимхүүр <com>
цэцэрлэгийн	цэцэрлэг <gen>
сэдэгчтэй	сэдэгч <com>
утааг	утаа <acc>
үерхэлд	үерхэл <dat>
жанжнаа	жанжин <voc>
эмийн	эм <gen>
хөнгөлөлтийн	хөнгөлөлт <gen>
сэтгүүлчээс	сэтгүүлч <abl>
хулуутай	хулуу <com>
довцгоо	довцог <voc>
гагнуурчнаа	гагнуурчин <voc>
мөргөлчнийг	мөргөлчин <acc>
зарлагаа	зарлага <voc>
чөмөгний	чөмөг <gen>
цэнэглэгчээс	цэнэглэгч <abl>
анчныг	анчин <acc>
хүслэнгээс	хүслэн <abl>
гуалинтай	гуалин <com>
ёжлолтой	ёжлол <com>
өтний	өт <gen>
даяанаас	даяан <abl>
хоньчинтой	хоньчин <com>
хүндэд	хүнд <dat>
утаанд	утаа <dat>
автомашинд	автомашин <dat>
зугтлагыг	зугтлага <acc>
гялгараас	гялгар <abl>
нягтшилыг	нягтшил <acc>
бөгжнөөс	бөгж <abl>
хэвлийгээр	хэвлий <ins>
амьсгалд	амьсгал <dat>
бөгжийг	бөгж <acc>
харамслаар	харамсал <ins>
сонгиноо	сонгино <voc>
баяслын	баясал <gen>
гарцын	гарц <gen>
хүүхэлдэйд	хүүхэлдэй <dat>
арины	ари <gen>
тохуурхлын	тохуурхал <gen>
тэнцэтгэлийг	тэнцэтгэл <acc>
цаазыг	цааз <acc>
сэжигт	сэжиг <dat>
аалзны	аалз <gen>
дээврээс	дээвэр <abl>
дайчилгаанд	дайчилгаа <dat>
гарзнаас	гарз <abl>
компьютерыг	компьютер <acc>
гуйлтыг	гуйлт <acc>
зарлагыг	зарлага <acc>
тогтворын	тогтвор <gen>
урцны	урц <gen>
чөлөөлөлтөөс	чөлөөлөлт <abl>
бачимдалд	бачимдал <dat>
тактикт	тактик <dat>
бяслагаас	бяслаг <abl>
хашилтаа	хашилт <voc>
шууданчийн	шууданч <gen>
дуализмаар	дуализм <ins>
өдөө	өд <voc>
зусланд	зуслан <dat>
дэгдэлтээ	дэгдэлт <voc>
төмсгийг	төмсөг <acc>
дүгнэлтээр	дүгнэлт <ins>
хөлд	хөл <dat>
өтийг	өт <acc>
гэрт	гэр <dat>
дэлээр	дэл <ins>
дуудлагад	дуудлага <dat>
шүүдрийн	шүүдэр <gen>
салбарыг	салбар <acc>
харамслын	харамсал <gen>
болзоогоо	болзоо <voc>
найрамдалтай	найрамдал <com>
боргионы	боргио <gen>
булшаар	булш <ins>
нумыг	нум <acc>
зааварчилгааны	зааварчилгаа <gen>
бөөгнөрөлд	бөөгнөрөл <dat>
бугын	буга <gen>
залгаварт	залгавар <dat>
хучилтын	хучилт <gen>
өчгийн	өчиг <gen>
байршилтай	байршил <com>
хямралаас	хямрал <abl>
фашизмтай	фашизм <com>
оролдлогод	оролдлого <dat>
хэрчмээр	хэрчим <ins>
илгээгчид	илгээгч <dat>
тохуугаар	тохуу <ins>
хацраа	хацар <voc>
аваараа	аваар <voc>
сурталчилгаанаас	сурталчилгааны <abl>
дэлбэрэлтээ	дэлбэрэлт <voc>
эрэгчний	эрэгчин <gen>
химиэр	хими <ins>
пинтэй	пин <com>
баримжааг	баримжаа <acc>
лактай	лак <com>
сунгалтын	сунгалт <gen>
академид	академи <dat>
нисгэгчээс	нисгэгч <abl>
бамбараас	бамбар <abl>
бэлгэвчнээс	бэлгэвч <abl>
харшлаа	харшил <voc>
болрын	болор <gen>
үерээр	үер <ins>
үйлчлүүлэгчид	үйлчлүүлэгч <dat>
даруулаар	даруул <ins>
гаансаар	гаанс <ins>
зээтүүнээс	зээтүү <abl>
хасагдагчаа	хасагдагч <voc>
хонхны	хонх <gen>
нүүрстөрөгчөөр	нүүрстөрөгч <ins>
гүжирдлэгээр	гүжирдлэг <ins>
төрийг	төр <acc>
бэлхүүсээр	бэлхүүс <ins>
жодоог	жодоо <acc>
амжилтыг	амжилт <acc>
залууртай	залуур <com>
зовлонгоос	зовлон <abl>
зөгнөлөөр	зөгнөл <ins>
ахицаа	ахиц <voc>
төмсөөр	төмс <ins>
савлуурт	савлуур <dat>
хашаатай	хашаа <com>
баримтлалын	баримтлал <gen>
мөнхийн	мөнх <gen>
аваас	ав <abl>
татварын	татвар <gen>
луужинг	луужин <acc>
мэргэжилтний	мэргэжилтэн <gen>
ерөнхийлөгчөөр	ерөнхийлөгч <ins>
өөдсөөр	өөдөс <ins>
эзэмшлээр	эзэмшил <ins>
голиогоор	голио <ins>
ресторанаас	ресторан <abl>
эмээлийг	эмээл <acc>
реализмын	реализм <gen>
амиар	амь <ins>
урилгаар	урилга <ins>
гэрэлтүүлгээ	гэрэлтүүлэг <voc>
товчлуураа	товчлуур <voc>
чанараас	чанар <abl>
шүлсэвчийг	шүлсэвч <acc>
түрээстэй	түрээс <com>
хуйвалдааны	хуйвалдаан <gen>
хөлснөөс	хөлс <abl>
далантай	далан <com>
жилээс	жил <abl>
товчлуураар	товчлуур <ins>
тахиагаар	тахиа <ins>
судалгааг	судалгаа <acc>
хангамжаа	хангамж <voc>
халбаганд	халбага <dat>
жишигт	жишиг <dat>
улангирыг	улангир <acc>
гүүрээ	гүүр <voc>
байлдаанд	байлдаан <dat>
эндүүрэлтэй	эндүүрэл <com>
хадгалалтад	хадгалалт <dat>
мэргэжлээ	мэргэжил <voc>
гологдлоос	гологдол <abl>
зуунаар	зуун <ins>
дүрслэлээ	дүрслэл <voc>
үнэлэлтийн	үнэлэлт <gen>
чоноор	чоно <ins>
халимд	халим <dat>
хорхойтой	хорхой <com>
дарлалыг	дарлал <acc>
цагдаатай	цагдаа <com>
араншингаар	араншин <ins>
хариултын	хариулт <gen>
лектороос	лектор <abl>
гамшигт	гамшиг <dat>
хашаанаас	хашаа <abl>
эндүүрлээ	эндүүрэл <voc>
огтлоосноос	огтлоос <abl>
эрхэстэй	эрхэс <com>
түлхүүрийн	түлхүүр <gen>
конусыг	конус <acc>
санаатай	санаа <com>
өмгөөлөгчтэй	өмгөөлөгч <com>
бичээчтэй	бичээч <com>
нөхвөрийг	нөхвөр <acc>
сонирхлоо	сонирхол <voc>
бяслагт	бяслаг <dat>
чавгаа	чавга <voc>
жуулчнаас	жуулчин <abl>
уулчнаа	уулчин <voc>
сүйрэлтэй	сүйрэл <com>
сөнөөгчтэй	сөнөөгч <com>
өөрчлөлд	өөрчлөл <dat>
могойгоо	могой <voc>
харагдцаа	харагдац <voc>
наалтад	наалт <dat>
бэрд	бэр <dat>
эндлээр	эндэл <ins>
хэмжигдэхүүнийг	хэмжигдэхүүн <acc>
гитараас	гитар <abl>
атаархалтай	атаархал <com>
хагацлаас	хагацал <abl>
загасчинтай	загасчин <com>
өргөлтийг	өргөлт <acc>
арифметикаар	арифметик <ins>
этгээдээр	этгээд <ins>
ялагдлаар	ялагдал <ins>
төгөлд	төгөл <dat>
зорчигчоо	зорчигч <voc>
тамаа	там <voc>
мөөгний	мөөг <gen>
гуатай	гуа <com>
хардлагаа	хардлага <voc>
илүүдлийг	илүүдэл <acc>
сургамжтай	сургамж <com>
нөхвөрийн	нөхвөр <gen>
эрэлтээр	эрэлт <ins>
туршуулаар	туршуул <ins>
сүлбэлдээнтэй	сүлбэлдээн <com>
хөтлөгчөөр	хөтлөгч <ins>
стандартын	стандарт <gen>
зарын	зар <gen>
цусаар	цус <ins>
улирлаас	улирал <abl>
азотоо	азот <voc>
түрийвчид	түрийвч <dat>
наймаатай	наймаа <com>
ваарчныг	ваарчин <acc>
үйлчлэлээр	үйлчлэл <ins>
үйлээр	үйл <ins>
зүйлээр	зүйл <ins>
цардсаар	цардас <ins>
илбэчнээр	илбэчин <ins>
гэдсээ	гэдэс <voc>
графикийг	график <acc>
муурын	муур <gen>
зөрчигчтэй	зөрчигч <com>
гивлүүрээр	гивлүүр <ins>
зөвлөгөөг	зөвлөгөө <acc>
үгүйсгэлд	үгүйсгэл <dat>
цэрдтэй	цэрд <com>
хавчаарыг	хавчаар <acc>
коллежоор	коллеж <ins>
тивийн	тив <gen>
шийдвэрээр	шийдвэр <ins>
шивэгчнээс	шивэгчин <abl>
тэнцэтгэлээр	тэнцэтгэл <ins>
төлөгчөөр	төлөгч <ins>
тохижуулалтаа	тохижуулалт <voc>
чичиргээтэй	чичиргээ <com>
дэлхийгээс	дэлхий <abl>
үйлчилгээнд	үйлчилгээ <dat>
тактикаар	тактик <ins>
лаатай	лаа <com>
хулууг	хулуу <acc>
гурвалыг	гурвал <acc>
мөрдсөнд	мөрдөс <dat>
түншээс	түнш <abl>
баримтлалтай	баримтлал <com>
драмд	драм <dat>
циклээр	цикл <ins>
хувцсыг	хувцас <acc>
дэмжлэгээс	дэмжлэг <abl>
тойргоо	тойрог <voc>
үзлэгээ	үзлэг <voc>
огтлолцлын	огтлолцол <gen>
долгиог	долгио <acc>
тунадасны	тунадас <gen>
тэлээний	тэлээ <gen>
слайдаа	слайд <voc>
сонгуулийн	сонгууль <gen>
бодролтой	бодрол <com>
завхралаа	завхрал <voc>
индүүдлэгт	индүүдлэг <dat>
дүрвэгчээс	дүрвэгчид <abl>
сульдаагаар	сульдаа <ins>
хасалтаа	хасалт <voc>
иллэгээс	иллэг <abl>
продакшнаар	продакшн <ins>
исэлттэй	исэлт <com>
эзэгнэлээ	эзэгнэл <voc>
үүлийг	үүл <acc>
бээлийгээ	бээлий <voc>
соёогоор	соёо <ins>
ертөнцийг	ертөнц <acc>
агуйтай	агуй <com>
зорилтыг	зорилт <acc>
багтраатай	багтраа <com>
амьсгалаар	амьсгал <ins>
наймааг	наймаа <acc>
нягтшилаас	нягтшил <abl>
гүйлтээ	гүйлт <voc>
эцсээр	эцэс <ins>
улсад	улс <dat>
тоосны	тоос <gen>
туршилттай	туршилт <com>
жүжгээ	жүжиг <voc>
залиланг	залилан <acc>
барьцалдаагаа	барьцалдаа <voc>
дэрэнд	дэр <dat>
шаталтыг	шаталт <acc>
үнэгэнд	үнэг <dat>
эрхсийн	эрхэс <gen>
танхимаас	танхим <abl>
тоншуулд	тоншуул <dat>
дагалдагчаас	дагалдагч <abl>
дурсамжаа	дурсамж <voc>
зочноо	зочин <voc>
тоолуураар	тоолуур <ins>
нийгэмлэгт	нийгэмлэг <dat>
цуурганд	цуурга <dat>
хатуурлаас	хатуурал <abl>
хүчээ	хүч <voc>
коммунизмоос	коммунизм <abl>
эрдэмтнээр	эрдэмтэн <ins>
саагаа	саа <voc>
дээсэнд	дээс <dat>
үргээгчийг	үргээгч <acc>
зохицуулагчийн	зохицуулагч <gen>
реализмыг	реализм <acc>
барменд	бармен <dat>
ташуураас	ташуур <abl>
бассейны	бассейн <gen>
үсийг	үс <acc>
цогцсыг	цогцос <acc>
ишээс	иш <abl>
талхаар	талх <ins>
зураглалаас	зураглал <abl>
цаасыг	цаас <acc>
сэлгээнээс	сэлгээ <abl>
талбарыг	талбар <acc>
хүчирхийллээр	хүчирхийлэл <ins>
сүрдүүлгээс	сүрдүүлэг <abl>
жичид	жич <dat>
хяналтын	хяналт <gen>
хориог	хорио <acc>
дуудлагаас	дуудлага <abl>
нөөцөө	нөөц <voc>
цацгаар	цацаг <ins>
зохиомжоо	зохиомж <voc>
дискт	диск <dat>
аятай	ая <com>
зугтуулыг	зугтуул <acc>
хавраа	хавар <voc>
шидэлтээс	шидэлт <abl>
эцгийг	эцэг <acc>
индекст	индекс <dat>
хөтлөгчийг	хөтлөгч <acc>
фракцад	фракц <dat>
хувьслаас	хувьсал <abl>
үстэй	үс <com>
хөрөгт	хөрөг <dat>
үймээнээ	үймээн <voc>
долгионтой	долгион <com>
судлагчаа	судлагч <voc>
экватораар	экватор <ins>
амьдчиллын	амьдчилал <gen>
шаантагт	шаантаг <dat>
хоцрогчоос	хоцрогч <abl>
чичиргээний	чичиргээ <gen>
чихийг	чих <acc>
жортой	жор <com>
өвд	өв <dat>
өөрчлөлтийн	өөрчлөлт <gen>
үсгээр	үсэг <ins>
тэмцээнээр	тэмцээн <ins>
хөгжимчнөө	хөгжимчин <voc>
хүчирхийлэлтэй	хүчирхийлэл <com>
оролдлогоос	оролдлого <abl>
түрээслэгчид	түрээслэгч <dat>
хөгжимчнийг	хөгжимчин <acc>
үнэлэмжээс	үнэлэмж <abl>
хэлийг	хэл <acc>
үүдээ	үүд <voc>
хардлагад	хардлага <dat>
ургацагтай	ургацаг <com>
гогцоонд	гогцоо <dat>
чиглэлийг	чиглэл <acc>
бүсгүйгээс	бүсгүй <abl>
явцад	явц <dat>
хуанлиа	хуанли <voc>
өргөлтөд	өргөлт <dat>
зотонд	зотон <dat>
зөрчилдөөний	зөрчилдөөн <gen>
хэвлэлтийг	хэвлэлт <acc>
хэмжээсийг	хэмжээс <acc>
нийлүүлэлтийг	нийлүүлэлт <acc>
сейфийг	сейф <acc>
томуутай	томуу <com>
ёжлолын	ёжлол <gen>
зайрмагийн	зайрмаг <gen>
бассейныг	бассейн <acc>
ёслолд	ёслол <dat>
утсаар	утас <ins>
мэрэгчээс	мэрэгч <abl>
наалтаар	наалт <ins>
уншигчид	уншигч <dat>
жагсаалаа	жагсаал <voc>
хардалтад	хардалт <dat>
хэрэгцээг	хэрэгцээ <acc>
индукцийн	индукц <gen>
дэлгүүртэй	дэлгүүр <com>
дискээс	диск <abl>
саатлаа	саатал <voc>
ургийг	ургийнхан <acc>
зайнаас	зай <abl>
ардчиллаар	ардчилал <ins>
шударгын	шударга <gen>
тоглогчоо	тоглогч <voc>
эмээлийн	эмээл <gen>
цавины	цавь <gen>
бүтэлгүйтэлд	бүтэлгүйтэл <dat>
бүргэдтэй	бүргэд <com>
гэмшилтэй	гэмшил <com>
үргэлжлэлээ	үргэлжлэл <voc>
нөхөөсөө	нөхөөс <voc>
дэлгүүрийн	дэлгүүр <gen>
арлаас	арал <abl>
зурвасаа	зурвас <voc>
бэлхүүсэвчээ	бэлхүүсэвч <voc>
ноёрхлоос	ноёрхол <abl>
хөгжимтэй	хөгжим <com>
нууцаа	нууц <voc>
залгамжлагчтай	залгамжлагч <com>
шүртэй	шүр <com>
ханштай	ханш <com>
давтамжид	давтамж <dat>
цементэд	цемент <dat>
дэлхийн	дэлхий <gen>
хүсэлтэд	хүсэлт <dat>
хутганы	хутга <gen>
жорлонгоо	жорлон <voc>
туршилтаас	туршилт <abl>
хөлсөнд	хөлс <dat>
чичирхийллээр	чичирхийлэл <ins>
авралд	аврал <dat>
санхүүчээ	санхүүч <voc>
ботаникаар	ботаник <ins>
мөргөлдөөнийг	мөргөлдөөн <acc>
цамхгийн	цамхаг <gen>
ашгийн	ашиг <gen>
бэхжилтээр	бэхжилт <ins>
хадгалалтаас	хадгалалт <abl>
хавраас	хавар <abl>
ууршилтын	ууршилт <gen>
үүсвэрээр	үүсвэр <ins>
цомтой	цом <com>
төлөөлөгчөө	төлөөлөгч <voc>
шүршүүрээ	шүршүүр <voc>
цэцэгтэй	цэцэг <com>
саунд	саун <dat>
хандивлагчийг	хандивлагч <acc>
нойрны	нойр <gen>
ахаа	ах <voc>
кредитийг	кредит <acc>
өвчнийг	өвчин <acc>
илгээмжтэй	илгээмж <com>
масштабыг	масштаб <acc>
удирдлагад	удирдлага <dat>
суманг	суман <acc>
язгуураар	язгуур <ins>
нэмэлтэд	нэмэлт <dat>
хэвшилтэй	хэвшил <com>
эргээ	эрэг <voc>
хөнгөлөлтийг	хөнгөлөлт <acc>
тоолуурын	тоолуур <gen>
хариугаар	хариу <ins>
гадаргуугаас	гадаргуу <abl>
тэнхлэгийг	тэнхлэг <acc>
давсны	давс <gen>
тэмдэглэгээнээс	тэмдэглэгээ <abl>
нөхөрлөлд	нөхөрлөл <dat>
хотжилтод	хотжилт <dat>
үсэнд	үс <dat>
маягийг	маяг <acc>
захидлаас	захидал <abl>
шалгагчаас	шалгагч <abl>
барцдад	барцад <dat>
нотолгоог	нотолгоо <acc>
огтлоосонд	огтлоос <dat>
ордноор	ордон <ins>
гийгүүлэгчээс	гийгүүлэгч <abl>
угтварт	угтвар <dat>
далайн	далай <gen>
чиргүүлд	чиргүүл <dat>
загатнаагаар	загатнаа <ins>
үхлийн	үхэл <gen>
услагчийн	услагч <gen>
эвдрэлээр	эвдрэл <ins>
байгаар	бай <ins>
өгөөшинд	өгөөш <dat>
хөгжлөөс	хөгжил <abl>
бохирдлоос	бохирдол <abl>
цөсөө	цөс <voc>
жимсээ	жимс <voc>
уурхайчнаас	уурхайчин <abl>
үймээнийг	үймээн <acc>
зураглаачид	зураглаач <dat>
гарцаа	гарц <voc>
хэлэлцэгчтэй	хэлэлцэгч <com>
жолоочоор	жолооч <ins>
хийсвэрлэлийг	хийсвэрлэл <acc>
хэлэхүйд	хэлэхүй <dat>
ариа	ари <voc>
реализмаа	реализм <voc>
шүтэлцээний	шүтэлцээ <gen>
талханд	талх <dat>
саналаар	санал <ins>
харагдцаас	харагдац <abl>
нээлтээр	нээлт <ins>
чагнаалаа	чагнаал <voc>
дайчилгааны	дайчилгаа <gen>
стратегийн	стратеги <gen>
цувралтай	цуврал <com>
үйлдвэрлэлээс	үйлдвэрлэл <abl>
ажиглалтаар	ажиглалт <ins>
археологийг	археологи <acc>
шаардлагаас	шаардлага <abl>
удирдлагаас	удирдлага <abl>
философид	философи <dat>
хилэгнэлийг	хилэгнэл <acc>
суралцагчаас	суралцагч <abl>
зөрчилдөөнөөс	зөрчилдөөн <abl>
давхрааны	давхраа <gen>
тэжээлийн	тэжээл <gen>
тэнцэтгэлээ	тэнцэтгэл <voc>
далайцын	далайц <gen>
хязгаарлалд	хязгаарлал <dat>
жилийг	жил <acc>
бартаанаас	бартаа <abl>
гаслантай	гаслан <com>
төвд	төв <dat>
туршлагыг	туршлага <acc>
бүсгүйд	бүсгүй <dat>
дамжуулагчтай	дамжуулагч <com>
нахианд	нахиа <dat>
адмиралаа	адмирал <voc>
эгчээ	эгч <voc>
шилжилтэд	шилжилт <dat>
сэнстэй	сэнс <com>
байгууламжаа	байгууламж <voc>
боломжийн	боломж <gen>
шүрний	шүр <gen>
мухлагт	мухлаг <dat>
хувьсалд	хувьсал <dat>
талхтай	талх <com>
шилбэний	шилбэ <gen>
журмаа	журам <voc>
хэргийг	хэрэг <acc>
гялбаанаас	гялбаа <abl>
өрөмдлөгт	өрөмдлөг <dat>
шонд	шон <dat>
чиглэлээр	чиглэл <ins>
талийгаачийн	талийгаач <gen>
сэтгүүлтэй	сэтгүүл <com>
мөргөлчнөөс	мөргөлчин <abl>
эсэд	эс <dat>
капсулд	капсул <dat>
угтварыг	угтвар <acc>
гамшгийн	гамшиг <gen>
томд	том <dat>
янхнаа	янхан <voc>
булангаар	булан <ins>
зөрчигчөөс	зөрчигч <abl>
багцыг	багц <acc>
овгийг	овог <acc>
нийлбэрээр	нийлбэр <ins>
агуйд	агуй <dat>
тэмдэгт	тэмдэг <dat>
төмрөөр	төмөр <ins>
таамаглалтай	таамаглал <com>
статистикт	статистик <dat>
хөөрлийн	хөөрөл <gen>
мөргөлийг	мөргөл <acc>
эрхээр	эрх <ins>
орлогын	орлого <gen>
бээлийг	бээлий <acc>
урамшууллыг	урамшуулал <acc>
хүүрнэлээр	хүүрнэл <ins>
гүжирдлэгээс	гүжирдлэг <abl>
дархлааны	дархлаа <gen>
амраар	амар <ins>
багстай	багс <com>
шалтгаанаас	шалтгаан <abl>
ухуулгын	ухуулга <gen>
прокурорыг	прокурор <acc>
атомын	атом <gen>
даамжралаа	даамжрал <voc>
яамаа	яам <voc>
өнцөгтэй	өнцөг <com>
цэцгийг	цэцэг <acc>
бүтээлэгт	бүтээлэг <dat>
хэрэглэгчид	хэрэглэгч <dat>
доромжлолыг	доромжлол <acc>
аяас	ая <abl>
бодолтоо	бодолт <voc>
гэрийг	гэр <acc>
гүүрийг	гүүр <acc>
зөрлөгөө	зөрлөг <voc>
диаметрийн	диаметр <gen>
торыг	тор <acc>
нохойгоо	нохой <voc>
эргүүлийг	эргүүл <acc>
хариуцлагад	хариуцлага <dat>
оромд	ором <dat>
бөглөрөлтэй	бөглөрөл <com>
хайчаа	хайч <voc>
хугацаанд	хугацаа <dat>
хашааны	хашаа <gen>
төлөөлөгчийг	төлөөлөгч <acc>
зангилааны	зангилаа <gen>
гарчгаас	гарчиг <abl>
загасаар	загас <ins>
цамцны	цамц <gen>
тээврээ	тээвэр <voc>
өндгийг	өндөг <acc>
төмрөө	төмөр <voc>
үндэснээс	үндэс <abl>
вантай	ван <com>
угжтай	угж <com>
гэгээрэлтэй	гэгээрэл <com>
синдромтой	синдром <com>
ёгтлолын	ёгтлол <gen>
тогтворжилтод	тогтворжилт <dat>
редакторт	редактор <dat>
картыг	карт <acc>
хорионы	хорио <gen>
хатаагуурт	хатаагуур <dat>
хийлчтэй	хийлч <com>
лаанд	лаа <dat>
цагцгайн	цагцгай <gen>
туршилтад	туршилт <dat>
хөдлөлтэй	хөдлөл <com>
зарлагатай	зарлага <com>
шүвтэрт	шүвтэр <dat>
хатуужлын	хатуужил <gen>
хувьсгалтай	хувьсгал <com>
тэлээгээр	тэлээ <ins>
тавилантай	тавилан <com>
хариуцагчийн	хариуцагч <gen>
бармений	бармен <gen>
зэсийн	зэс <gen>
химийн	хими <gen>
хучилттай	хучилт <com>
зохиомжоор	зохиомж <ins>
авралаа	аврал <voc>
хэмнэлээр	хэмнэл <ins>
хулганаас	хулгана <abl>
хөнөөлд	хөнөөл <dat>
цомогт	цомог <dat>
туйлд	туйлын <dat>
хүүгээр	хүү <ins>
халбаганы	халбага <gen>
өндгөвчөөс	өндгөвч <abl>
эзнээ	эзэн <voc>
отрядыг	отряд <acc>
зурваст	зурвас <dat>
тавилгаас	тавилга <abl>
нийгэмд	нийгэм <dat>
толгойлогчид	толгойлогч <dat>
текстийн	текст <gen>
жагсаалын	жагсаал <gen>
нүүдлийг	нүүдэл <acc>
хаанд	хаан <dat>
радиаторын	радиатор <gen>
бэлхүүсэвчийг	бэлхүүсэвч <acc>
дэвтрээс	дэвтэр <abl>
самбартай	самбар <com>
сүрдүүлэгтэй	сүрдүүлэг <com>
зурлагатай	зурлага <com>
салтаанд	салтаа <dat>
ижилслээс	ижилсэл <abl>
үзэмжийг	үзэмж <acc>
цэгээс	цэг <abl>
хасалттай	хасалт <com>
хошууг	хошуу <acc>
байнд	бай <dat>
айдастай	айдас <com>
нөлөөнд	нөлөө <dat>
интернэтэд	интернет <dat>
хуваагдагчид	хуваагдагч <dat>
нөмрөгтэй	нөмрөг <com>
цомоор	цом <ins>
эзэмшлээс	эзэмшил <abl>
зохиогчтой	зохиогч <com>
тушаалаар	тушаал <ins>
гавьяаг	гавьяа <acc>
арилжаагаар	арилжаа <ins>
довцгийг	довцог <acc>
давхрааг	давхраа <acc>
явдлыг	явдал <acc>
гийгүүлэгчийн	гийгүүлэгч <gen>
бонуст	бонус <dat>
хичээлтэй	хичээл <com>
ухаарлаа	ухаарал <voc>
мэргэжилтэй	мэргэжил <com>
галзууралд	галзуурал <dat>
уялдаанд	уялдаа <dat>
зогдортой	зогдор <com>
хугарлыг	хугарал <acc>
хадуурын	хадуур <gen>
ураас	ур <abl>
реализмд	реализм <dat>
хөтөлбөрөөс	хөтөлбөр <abl>
эслэгээс	эслэг <abl>
зүүлтээр	зүүлт <ins>
зүүлтийн	зүүлт <gen>
авьяастныг	авьяастан <acc>
чигээр	чиг <ins>
гэрэлтүүлгээр	гэрэлтүүлэг <ins>
мэргэнд	мэргэ <dat>
дараанд	дараа <dat>
зууны	зуун <gen>
дэнтэй	дэн <com>
ухралтад	ухралт <dat>
бөөмөөр	бөөм <ins>
ертөнцийн	ертөнц <gen>
хашлагыг	хашлага <acc>
эхнэрээс	эхнэр <abl>
чимхүүрээр	чимхүүр <ins>
үүдэнд	үүд <dat>
тодорхойлолтыг	тодорхойлолт <acc>
хэлэлцэгчийг	хэлэлцэгч <acc>
энэрлийг	энэрэл <acc>
төөрөгдлийг	төөрөгдөл <acc>
соронзтой	соронз <com>
цалингийн	цалин <gen>
захирамжаа	захирамж <voc>
баганын	багана <gen>
бөмбөрийн	бөмбөр <gen>
таглааг	таглаа <acc>
зүлгээр	зүлэг <ins>
баясалд	баясал <dat>
мэтгэлцэгчээ	мэтгэлцэгч <voc>
ойд	ой <dat>
ялгаварт	ялгавар <dat>
цуурганы	цуурга <gen>
аалзтай	аалз <com>
хязгаарт	хязгаар <dat>
дүрвэгчээ	дүрвэгчид <voc>
мэхээс	мэх <abl>
нууцлалын	нууцлал <gen>
бичилтийн	бичилт <gen>
түншийн	түнш <gen>
зааны	заан <gen>
эргэлтийн	эргэлт <gen>
шөрмөснөөс	шөрмөс <abl>
цэцгээр	цэцэг <ins>
товчтой	товч <com>
багтаамжийг	багтаамж <acc>
ажилтныг	ажилтан <acc>
дайчилгаанаас	дайчилгаа <abl>
сорвийг	сорви <acc>
саадын	саад <gen>
залгавраар	залгавар <ins>
солироор	солир <ins>
санхүүгээр	санхүү <ins>
зөвшилцлөөс	зөвшилцөл <abl>
сүйрлээр	сүйрэл <ins>
оношны	онош <gen>
хүслэнд	хүслэн <dat>
бүртгэлийг	бүртгэл <acc>
хашилтын	хашилт <gen>
хувьсагчаа	хувьсагч <voc>
эмэгчнээр	эмэгчин <ins>
анчинтай	анчин <com>
хөнгөлөлтөө	хөнгөлөлт <voc>
өтнөөс	өт <abl>
дүрслэлээс	дүрслэл <abl>
хэлбэрээр	хэлбэр <ins>
байлдааныг	байлдаан <acc>
довтой	дов <com>
лампаар	ламп <ins>
заншлаас	заншил <abl>
ханаар	хана <ins>
ясыг	яс <acc>
духанд	дух <dat>
дахилтыг	дахилт <acc>
дарангуйлалтай	дарангуйлал <com>
цалингаас	цалин <abl>
гэрэлтүүлгээс	гэрэлтүүлэг <abl>
хавчлагатай	хавчлага <com>
завхайралтай	завхайрал <com>
үлдэгдлийг	үлдэгдэл <acc>
пуужинд	пуужин <dat>
аюулаар	аюул <ins>
чичирхийлэлтэй	чичирхийлэл <com>
эрмэлзлээр	эрмэлзэл <ins>
лавлагааны	лавлагаа <gen>
шаантгаас	шаантаг <abl>
генералд	генерал <dat>
гудамжаар	гудамж <ins>
угаалтуураар	угаалтуур <ins>
луусаар	луус <ins>
төсөвтэй	төсөв <com>
гичийд	гичий <dat>
гараатай	гараа <com>
боловсролын	боловсрол <gen>
сэдлээр	сэдэл <ins>
огтлолцолд	огтлолцол <dat>
нөлөөнөөс	нөлөө <abl>
олтригт	олтриг <dat>
ятгалгыг	ятгалга <acc>
цавиа	цавь <voc>
нэвтрүүлэгчид	нэвтрүүлэгч <dat>
залгавраас	залгавар <abl>
радиатортай	радиатор <com>
ятгалгад	ятгалга <dat>
тогоочийн	тогооч <gen>
найзаа	найз <voc>
нүүдлийн	нүүдэл <gen>
гэрэлтүүлгийн	гэрэлтүүлэг <gen>
ховсын	ховс <gen>
дуализмаас	дуализм <abl>
нийлбэрийн	нийлбэр <gen>
мөрдөлтөд	мөрдөлт <dat>
ёслолын	ёслол <gen>
тэлэлтийн	тэлэлт <gen>
хайлтаар	хайлт <ins>
гэрэлтүүлгийг	гэрэлтүүлэг <acc>
гулсуураас	гулсуур <abl>
хүчилтөрөгчтэй	хүчилтөрөгч <com>
сүүнээс	сүү <abl>
жичээс	жич <abl>
шүлтийг	шүлт <acc>
байнгатай	байнгын <com>
хүслэнтэй	хүслэн <com>
зэстэй	зэс <com>
лавлахыг	лавлах <acc>
дөнжөөс	дөнжөө <abl>
түгжээний	түгжээ <gen>
гомдлоо	гомдол <voc>
нүүрстөрөгчөөс	нүүрстөрөгч <abl>
цементийг	цемент <acc>
нөөцөөр	нөөц <ins>
нислэгээ	нислэг <voc>
цэцэглэлттэй	цэцэглэлт <com>
дүрслэлээр	дүрслэл <ins>
хушгыг	хушга <acc>
савтай	сав <com>
зураасанд	зураас <dat>
хавчлагаар	хавчлага <ins>
барьцаанаас	барьцаа <abl>
дуализмын	дуализм <gen>
магадлалтай	магадлал <com>
уусмалыг	уусмал <acc>
мөрдлөгт	мөрдлөг <dat>
ургацгийг	ургацаг <acc>
зүрхээ	зүрх <voc>
захиалагчаар	захиалагч <ins>
хучилтыг	хучилт <acc>
хүрэмтэй	хүрэм <com>
шүлэгчээс	шүлэгч <abl>
хуваарийн	хуваарь <gen>
зугаалгад	зугаалга <dat>
иллэгээ	иллэг <voc>
зогдрын	зогдор <gen>
талбараа	талбар <voc>
диваажингаас	диваажин <abl>
итгэлийг	итгэл <acc>
завхайралд	завхайрал <dat>
шонгийн	шон <gen>
барьцалдааны	барьцалдаа <gen>
хувцсаар	хувцас <ins>
гүйлтээс	гүйлт <abl>
хараатай	хараа <com>
сэдэгчээр	сэдэгч <ins>
багажаа	багаж <voc>
шархлаатай	шархлаа <com>
компанид	компани <dat>
шуудуутай	шуудуу <com>
илтгэлд	илтгэл <dat>
хөргөөр	хөрөг <ins>
шаналгаатай	шаналгаа <com>
янжуурыг	янжуур <acc>
атираанаас	атираа <abl>
бульдозерт	бульдозер <dat>
тушаалд	тушаал <dat>
оёдолд	оёдол <dat>
пуужинг	пуужин <acc>
угаалтууртай	угаалтуур <com>
урвалаар	урвал <ins>
мандолинаа	мандолин <voc>
дэвсгэрийг	дэвсгэр <acc>
морьтой	морь <com>
зэрэглэлийг	зэрэглэл <acc>
ангиллаар	ангилал <ins>
бясалгалаас	бясалгал <abl>
цагдаад	цагдаа <dat>
мяндасны	мяндас <gen>
түрээсээ	түрээс <voc>
хайчаар	хайч <ins>
сүсэгтнээс	сүсэгтэн <abl>
лаазны	лааз <gen>
хиамаар	хиам <ins>
ордонд	ордон <dat>
шүүмжээс	шүүмж <abl>
хандлагаас	хандлага <abl>
тэвчээрээр	тэвчээр <ins>
гамшгийг	гамшиг <acc>
драмын	драм <gen>
харьяалалтай	харьяалал <com>
хүүрнэлийн	хүүрнэл <gen>
хэмнэлийн	хэмнэл <gen>
уялдаагаа	уялдаа <voc>
хясааг	хясаа <acc>
гимнастикийн	гимнастик <gen>
илтгэлээ	илтгэл <voc>
таслалаас	таслал <abl>
өдөнд	өд <dat>
тайтгарлын	тайтгарал <gen>
теннисээс	теннис <abl>
соронзоос	соронз <abl>
туурайгаар	туурай <ins>
найрын	найр <gen>
модельтой	модель <com>
хэрүүлийн	хэрүүл <gen>
нойрыг	нойр <acc>
талтай	тал <com>
үртсийг	үртэс <acc>
хөршөөс	хөрш <abl>
машины	машин <gen>
системээ	систем <voc>
амартай	амар <com>
тогоочтой	тогооч <com>
өрсөлдөөнийг	өрсөлдөөн <acc>
архитектурыг	архитектур <acc>
тусгалд	тусгал <dat>
чимээгээр	чимээ <ins>
шавхайтай	шавхай <com>
биежилтийг	биежилт <acc>
зохиогчийг	зохиогч <acc>
хагарлын	хагарал <gen>
банзлаар	банзал <ins>
скауттай	скаут <com>
бичилтэд	бичилт <dat>
шээсийг	шээс <acc>
хатаагчийн	хатаагч <gen>
театраа	театр <voc>
чуулгатай	чуулга <com>
төмсийг	төмс <acc>
ажилтнаар	ажилтан <ins>
задралаар	задрал <ins>
сургуулиар	сургууль <ins>
танилцуулгаас	танилцуулга <abl>
сэдвээ	сэдэв <voc>
түгжрэлд	түгжрэл <dat>
радиатораар	радиатор <ins>
дохиогоо	дохио <voc>
битүүлгээр	битүүлэг <ins>
дагагчаа	дагагч <voc>
маскийн	маск <gen>
дэвүүрээр	дэвүүр <ins>
лампны	ламп <gen>
зөвлөгчтэй	зөвлөгч <com>
операторыг	оператор <acc>
авын	ав <gen>
доголдолтой	доголдол <com>
хөргийн	хөрөг <gen>
эмгэнэлийг	эмгэнэл <acc>
хөрштэй	хөрш <com>
түрээсний	түрээс <gen>
зөрөлдөөнөөр	зөрөлдөөн <ins>
аммиактай	аммиак <com>
зуушнаас	зууш <abl>
гогцооны	гогцоо <gen>
тогтоолоо	тогтоол <voc>
эдээр	эд <ins>
гохтой	гох <com>
буцалтын	буцалт <gen>
бариаг	бариа <acc>
үүрэгт	үүрэг <dat>
настай	нас <com>
ховсод	ховс <dat>
хямралаар	хямрал <ins>
атираагаа	атираа <voc>
үнсэлтээр	үнсэлт <ins>
долгионоо	долгион <voc>
хуультай	хууль <com>
ачийг	ач <acc>
хөхөвчийн	хөхөвч <gen>
цайгаар	цай <ins>
тохируулгыг	тохируулга <acc>
шүлтээс	шүлт <abl>
амраа	амар <voc>
шуугиантай	шуугиан <com>
эхнэртэй	эхнэр <com>
сэвийг	сэв <acc>
давхаргаа	давхарга <voc>
чансааны	чансаа <gen>
адгуустай	адгуус <com>
хонхоо	хонх <voc>
хурлаа	хурал <voc>
гараанд	гараа <dat>
удамшилтай	удамшил <com>
тортой	тор <com>
фонтоор	фонт <ins>
эзэгнэлээр	эзэгнэл <ins>
хэмжээсэнд	хэмжээс <dat>
зүхэлтэй	зүхэл <com>
зараанд	зараа <dat>
буурины	буурь <gen>
манлайлалд	манлайлал <dat>
борлуулалттай	борлуулалт <com>
слайдад	слайд <dat>
үүлэнд	үүл <dat>
онгодоос	онгод <abl>
нийлүүлэлтийн	нийлүүлэлт <gen>
гадраар	гадар <ins>
бүтээлтэй	бүтээл <com>
түгжрэлээр	түгжрэл <ins>
экосистемд	экосистем <dat>
дутагдлыг	дутагдал <acc>
тамирчнаас	тамирчин <abl>
шарилын	шарил <gen>
бэрээ	бэр <voc>
клубт	клуб <dat>
талийгаачаар	талийгаач <ins>
товчоор	товч <ins>
мөнгөнд	мөнгө <dat>
тэмдэглэгээгээ	тэмдэглэгээ <voc>
үзүүрийг	үзүүр <acc>
зөөгчөөс	зөөгч <abl>
үйлчлэгчийг	үйлчлэгч <acc>
гацуурыг	гацуур <acc>
захиргаагаар	захиргаа <ins>
шангаа	шан <voc>
уцаарт	уцаар <dat>
авиагаа	авиа <voc>
тахаар	тах <ins>
ялагчийг	ялагч <acc>
тавтай	тав <com>
тогоочоо	тогооч <voc>
түрэмгийлэлд	түрэмгийлэл <dat>
халаасыг	халаас <acc>
хожуулд	хожуул <dat>
гавьяатай	гавьяа <com>
ферментийн	фермент <gen>
билетээ	билет <voc>
томын	том <gen>
луужингаас	луужин <abl>
бээлийгээр	бээлий <ins>
холболтоор	холболт <ins>
ангиллын	ангилал <gen>
наадмаа	наадам <voc>
сэтгэлээ	сэтгэл <voc>
хэлцэлд	хэлцэл <dat>
бүйлсийг	бүйлс <acc>
шувуунаас	шувуу <abl>
зөвлөгөөнөөс	зөвлөгөө <abl>
цогцолбороос	цогцолбор <abl>
угсралттай	угсралт <com>
гүүрний	гүүр <gen>
турникээр	турник <ins>
удамд	удам <dat>
редакторын	редактор <gen>
зогдрыг	зогдор <acc>
дэрний	дэр <gen>
хурдасгуурын	хурдасгуур <gen>
царцаатай	царцаа <com>
дохиотой	дохио <com>
хүрээтэй	хүрээ <com>
алуурчныг	алуурчин <acc>
илжигтэй	илжиг <com>
аминд	амь <dat>
өрсөлдөгчийн	өрсөлдөгч <gen>
хөгжлөө	хөгжил <voc>
цулбууртай	цулбуур <com>
зурвасыг	зурвас <acc>
шоргоолжтой	шоргоолж <com>
эхнэрийн	эхнэр <gen>
хаялттай	хаялт <com>
төвөө	төв <voc>
нууцад	нууц <dat>
тэжээлтэй	тэжээл <com>
нөхцөлийн	нөхцөл <gen>
багсаа	багс <voc>
нотолгоогоо	нотолгоо <voc>
нийлбэрээс	нийлбэр <abl>
аммиакаас	аммиак <abl>
гунигаар	гуниг <ins>
цоргонд	цорго <dat>
хясаагаар	хясаа <ins>
цэцэгт	цэцэг <dat>
чөтгөрийн	чөтгөр <gen>
шинэтгэлээс	шинэтгэл <abl>
дэлбэрэлтэд	дэлбэрэлт <dat>
гэргийгээ	гэргий <voc>
үнэгээр	үнэг <ins>
мөхөлтэй	мөхөл <com>
дамжуулалтад	дамжуулалт <dat>
тоглолтын	тоглолт <gen>
гаргаа	гараг <voc>
төлөөсөнд	төлөөс <dat>
хоцрогдолд	хоцрогдол <dat>
сахиусанд	сахиус <dat>
хандлагыг	хандлага <acc>
ажилчнаар	ажилчин <ins>
мөчиртэй	мөчир <com>
ногдлоор	ногдол <ins>
талийгаачаа	талийгаач <voc>
машинтай	машин <com>
залхуурлыг	залхуурал <acc>
хулуугаар	хулуу <ins>
хамтрагчаар	хамтрагч <ins>
ашгаас	ашиг <abl>
загасчлалтай	загасчлал <com>
элэгдэлд	элэгдэл <dat>
зөвшилцөлд	зөвшилцөл <dat>
шинжлэгчтэй	шинжлэгч <com>
хувирлаар	хувирал <ins>
улангирын	улангир <gen>
капиталтай	капитал <com>
хоригт	хориг <dat>
хуваарилалттай	хуваарилалт <com>
сэрэмжлүүлгээ	сэрэмжлүүлэг <voc>
талбайнаас	талбай <abl>
сейфэнд	сейф <dat>
хүрмээр	хүрэм <ins>
маслотай	масло <com>
овроо	овор <voc>
капитализмын	капитализм <gen>
диваажинд	диваажин <dat>
солироо	солир <voc>
зугаалгаас	зугаалга <abl>
байршлаас	байршил <abl>
совингийн	совин <gen>
гэмшлээр	гэмшил <ins>
хамтралд	хамтрал <dat>
тайлбарлагчийн	тайлбарлагч <gen>
хайлштай	хайлш <com>
баримттай	баримт <com>
нислэгт	нислэг <dat>
эргүүгээ	эргүү <voc>
шугуйгаар	шугуй <ins>
төрд	төр <dat>
цахирмааны	цахирмаа <gen>
пивоноос	пиво <abl>
ажиглагчтай	ажиглагч <com>
холболттой	холболт <com>
ахлагчид	ахлагч <dat>
цомгийн	цомог <gen>
хулуунд	хулуу <dat>
харьяаллыг	харьяалал <acc>
хэрэгцээтэй	хэрэгцээ <com>
танхимаа	танхим <voc>
ярилцлагаас	ярилцлага <abl>
ваартай	ваар <com>
аалзнаас	аалз <abl>
судрын	судар <gen>
тэрслэгчийг	тэрслэгч <acc>
чуулгад	чуулга <dat>
гачигдлаа	гачигдал <voc>
тотемоос	тотем <abl>
амралтаар	амралт <ins>
бөглөөнөөс	бөглөө <abl>
хотжилтоо	хотжилт <voc>
хөгжлөөр	хөгжил <ins>
капиталд	капитал <dat>
маслоаа	масло <voc>
дүрэмтэй	дүрэм <com>
яншуйд	яншуй <dat>
няцаалтаа	няцаалт <voc>
онцлогийн	онцлог <gen>
жолоочтой	жолооч <com>
шоглоомтой	шоглоом <com>
организмтой	организм <com>
насанд	нас <dat>
олтригоо	олтриг <voc>
солиорлыг	солиорол <acc>
хаягдлаас	хаягдал <abl>
суутгалыг	суутгал <acc>
ашиглалтаар	ашиглалт <ins>
араатай	араа <com>
шүлэгчийг	шүлэгч <acc>
саунаас	саун <abl>
хуйлаастай	хуйлаас <com>
саунаар	саун <ins>
төлөвөөр	төлөв <ins>
мөнгөний	мөнгө <gen>
дарцгийн	дарцаг <gen>
тохирооны	тохироо <gen>
булдруугаар	булдруу <ins>
түрээслэгчтэй	түрээслэгч <com>
нөмрөгт	нөмрөг <dat>
пайзыг	пайз <acc>
тексттэй	текст <com>
шалгагчаар	шалгагч <ins>
мананд	манан <dat>
дүүжингийн	дүүжин <gen>
идэгдлээ	идэгдэл <voc>
цууг	цуу <acc>
сэрэмжлүүлэгтэй	сэрэмжлүүлэг <com>
ирцэд	ирц <dat>
ёзоорт	ёзоор <dat>
бадмааргаас	бадмаараг <abl>
урвалыг	урвал <acc>
нөхвөрөө	нөхвөр <voc>
хамтрагчаа	хамтрагч <voc>
жүжигт	жүжиг <dat>
хадаастай	хадаас <com>
исэлдэлтэд	исэлдэлт <dat>
паалангаас	паалан <abl>
реализмаар	реализм <ins>
цогцолборт	цогцолбор <dat>
орлогоос	орлого <abl>
зааварчилгаагаа	зааварчилгаа <voc>
хорголжийн	хорголж <gen>
царайгаа	царай <voc>
авыг	ав <acc>
цуглааныг	цуглаан <acc>
диаметрээр	диаметр <ins>
савхиа	савхи <voc>
цустай	цус <com>
ээжтэй	ээж <com>
ястны	ястан <gen>
урвалаа	урвал <voc>
эмээлээр	эмээл <ins>
нөөцтэй	нөөц <com>
хуримтай	хурим <com>
сэлгээгээр	сэлгээ <ins>
үүсэлд	үүсэл <dat>
лазерт	лазер <dat>
зугаалгаа	зугаалга <voc>
тугалганаас	тугалга <abl>
бонусаа	бонус <voc>
хорслоо	хорсол <voc>
сонсогчийг	сонсогч <acc>
сэтгүүлээр	сэтгүүл <ins>
цэрээр	цэр <ins>
дайралттай	дайралт <com>
чийдэнтэй	чийдэн <com>
донтныг	донтон <acc>
экватораас	экватор <abl>
тодорхойлолтоор	тодорхойлолт <ins>
зорилгыг	зорилго <acc>
зөвшөөрлийн	зөвшөөрөл <gen>
дүүжлүүрээ	дүүжлүүр <voc>
дуультай	дууль <com>
урлалд	урлал <dat>
товчийг	товч <acc>
гэргийн	гэргий <gen>
махлагаас	махлаг <abl>
илдтэй	илд <com>
бүлүүртэй	бүлүүр <com>
ярианд	яриа <dat>
бүрдлийг	бүрдэл <acc>
студийг	студи <acc>
зугтуулд	зугтуул <dat>
гадаснаас	гадас <abl>
гургуулаа	гургуул <voc>
үйлчлүүлэгчийг	үйлчлүүлэгч <acc>
тахнаас	тах <abl>
хөдөсний	хөдөс <gen>
ёсолгооны	ёсолгоо <gen>
үүслээр	үүсэл <ins>
фокусаар	фокус <ins>
зочноос	зочин <abl>
баримжаагаа	баримжаа <voc>
мухлагаа	мухлаг <voc>
худгаа	худаг <voc>
зөрөлдөөнд	зөрөлдөөн <dat>
бассейнаас	бассейн <abl>
хэрэмд	хэрэм <dat>
цуглуулагчийн	цуглуулагч <gen>
замд	зам <dat>
биеллийн	биелэл <gen>
үүний	үү <gen>
мужааны	мужаан <gen>
арифметикаа	арифметик <voc>
ховоотой	ховоо <com>
өргөргийг	өргөрөг <acc>
эрхлэгчийн	эрхлэгч <gen>
урвалын	урвал <gen>
бүтээлэгтэй	бүтээлэг <com>
галлалтад	галлалт <dat>
онолчийг	онолч <acc>
горхитой	горхи <com>
анхааралтай	анхаарал <com>
хамгаалалтаа	хамгаалалт <voc>
завьтай	завь <com>
аргыг	арга <acc>
символизмыг	символизм <acc>
эмнэлгийг	эмнэлэг <acc>
зөрчлийн	зөрчил <gen>
харшлаар	харшил <ins>
тохиор	тохь <ins>
бүтэлгүйтлийн	бүтэлгүйтэл <gen>
гарлаа	гарал <voc>
радиатораас	радиатор <abl>
жодоогоо	жодоо <voc>
шилжилтээр	шилжилт <ins>
суурийн	суурь <gen>
хаанаар	хаан <ins>
батгыг	батга <acc>
тивтэй	тив <com>
нөхцөлд	нөхцөл <dat>
дамчинтай	дамчин <com>
дурыг	дураараа <acc>
квадратыг	квадрат <acc>
сумангийн	суман <gen>
шүүгчээ	шүүгч <voc>
зугтуулаар	зугтуул <ins>
сайдаар	сайд <ins>
танилцуулгатай	танилцуулга <com>
хамгаалалд	хамгаалал <dat>
цуглаанд	цуглаан <dat>
бүтээгдэхүүнээр	бүтээгдэхүүн <ins>
титмээ	титэм <voc>
хичээлээс	хичээл <abl>
төлөөлөгчтэй	төлөөлөгч <com>
илийг	ил <acc>
хүүрнэлд	хүүрнэл <dat>
тагнуулаар	тагнуул <ins>
алдагдлаа	алдагдал <voc>
нянгийн	нян <gen>
зураачаа	зураач <voc>
гүйлтийг	гүйлт <acc>
зүйрлэлтэй	зүйрлэл <com>
сэлмийн	сэлэм <gen>
товхимлоор	товхимол <ins>
урлалыг	урлал <acc>
интернэтээр	интернет <ins>
даажигналын	даажигнал <gen>
тайлантай	тайлан <com>
ажилтантай	ажилтан <com>
хаалгачид	хаалгач <dat>
сүмд	сүм <dat>
сүйтгэгчид	сүйтгэгч <dat>
өөрчлөгчид	өөрчлөгч <dat>
сүлжээг	сүлжээ <acc>
хоолойн	хоолой <gen>
луутай	луу <com>
үсрэлтэд	үсрэлт <dat>
долгионы	долгио <gen>
үзүүлэлтээс	үзүүлэлт <abl>
номоо	ном <voc>
бадгийг	бадаг <acc>
хуйвалдааныг	хуйвалдаан <acc>
шпагеттиа	шпагетти <voc>
хувиралтай	хувирал <com>
сайжруулалтад	сайжруулалт <dat>
адгуусыг	адгуус <acc>
байдлаа	байдал <voc>
өвөөгөө	өвөө <voc>
хүүхдээр	хүүхэд <ins>
индүүдлэгээ	индүүдлэг <voc>
таазанд	тааз <dat>
сүлбэлдээнийг	сүлбэлдээн <acc>
хувьсалтай	хувьсал <com>
зугтуулаа	зугтуул <voc>
амтаар	амт <ins>
махлагаар	махлаг <ins>
уурхайчинд	уурхайчин <dat>
зөвлөгчөөс	зөвлөгч <abl>
зураасаар	зураас <ins>
шарханд	шарх <dat>
сүсгээр	сүсэг <ins>
арифметикийн	арифметик <gen>
мэхийг	мэх <acc>
аюултай	аюул <com>
хараанд	хараа <dat>
ургацгаа	ургацаг <voc>
вангаар	ван <ins>
үзэмжээр	үзэмж <ins>
гачигдлаас	гачигдал <abl>
онгодтой	онгод <com>
урлагийн	урлаг <gen>
дарамтад	дарамт <dat>
баримтлалд	баримтлал <dat>
булдруунаас	булдруу <abl>
залгамжлалын	залгамжлал <gen>
шүглээс	шүгэл <abl>
давталтаар	давталт <ins>
бослогоос	бослого <abl>
чиглэлтэй	чиглэл <com>
сонсогчоос	сонсогч <abl>
бөндгөрт	бөндгөр <dat>
ханцуйтай	ханцуй <com>
лавлахын	лавлах <gen>
сувдад	сувд <dat>
ёсолгоотой	ёсолгоо <com>
ууршилттай	ууршилт <com>
ялгаруулалтаар	ялгаруулалт <ins>
зөвлөгөөнийг	зөвлөгөөн <acc>
тосгоны	тосгон <gen>
археологид	археологи <dat>
аялагчтай	аялагч <com>
эдэлгээгээр	эдэлгээ <ins>
цагдаагаас	цагдаа <abl>
голионд	голио <dat>
хадгаламжид	хадгаламж <dat>
хязгаарлалтаар	хязгаарлалт <ins>
мэргэжлийг	мэргэжил <acc>
бичвэрээ	бичвэр <voc>
мэрийлтийг	мэрийлт <acc>
салаас	сал <abl>
бэлгэвчээр	бэлгэвч <ins>
сархдаас	сархад <abl>
гунигт	гуниг <dat>
хормойноос	хормой <abl>
мэтгэлцээнээр	мэтгэлцээн <ins>
наалттай	наалт <com>
явцын	явц <gen>
хамгаалалтад	хамгаалалт <dat>
цуурайгаар	цуурай <ins>
мэндчилгээгээ	мэндчилгээ <voc>
прокуророо	прокурор <voc>
зээлдүүлэгчийн	зээлдүүлэгч <gen>
нийлэгтэй	нийлэг <com>
жорыг	жор <acc>
хатаагчаас	хатаагч <abl>
илбээс	илбэ <abl>
драмаас	драм <abl>
шүтээнтэй	шүтээн <com>
нийцэлд	нийцэл <dat>
шүүрт	шүүр <dat>
эрдэнэсээ	эрдэнэс <voc>
жишээнд	жишээ <dat>
зарлагад	зарлага <dat>
хүртвэрээр	хүртвэр <ins>
цэцэгжүүлэлтээр	цэцэгжүүлэлт <ins>
дургүйцлээр	дургүйцэл <ins>
тээрмээ	тээрэм <voc>
гудаснаас	гудас <abl>
дуулгыг	дуулга <acc>
зовлонд	зовлон <dat>
этгээдээ	этгээд <voc>
шөнөөс	шөнө <abl>
хааныг	хаан <acc>
овгоос	овог <abl>
сунгалтаа	сунгалт <voc>
янхантай	янхан <com>
бүлгээр	бүлэг <ins>
хүзүүгээ	хүзүү <voc>
худалдаачны	худалдаачин <gen>
шивээсэнд	шивээс <dat>
сайжруулалтын	сайжруулалт <gen>
хучлагын	хучлага <gen>
ялгаагаар	ялгаа <ins>
аваргыг	аварга <acc>
тасралын	тасрал <gen>
дэлгүүрээс	дэлгүүр <abl>
аршаа	арш <voc>
гууг	гуу <acc>
мэндчилгээнээс	мэндчилгээ <abl>
консулыг	консул <acc>
ариутгалаа	ариутгал <voc>
шүхрээ	шүхэр <voc>
харвингийн	харвин <gen>
зорчигчийг	зорчигч <acc>
шинэчлэлээс	шинэчлэл <abl>
дэгдэлтэд	дэгдэлт <dat>
цомгийг	цомог <acc>
байлдагчаас	байлдагч <abl>
цэцэглэлтээр	цэцэглэлт <ins>
бөмбөрөөс	бөмбөр <abl>
ангиа	анги <voc>
хувьсгалаар	хувьсгал <ins>
агааржуулагчийн	агааржуулагч <gen>
үтрээгээр	үтрээ <ins>
зуучлагчаар	зуучлагч <ins>
мөхлөөр	мөхөл <ins>
таргалалтаа	таргалалт <voc>
цөсөнд	цөс <dat>
санамжийн	санамж <gen>
цэврүүгээ	цэврүү <voc>
шалгалтыг	шалгалт <acc>
үзэгчээр	үзэгч <ins>
имтэй	им <com>
хавиргыг	хавирга <acc>
ургаас	ургийнхан <abl>
халимын	халим <gen>
протоколоор	протокол <ins>
голионы	голио <gen>
хүсэлтээр	хүсэлт <ins>
хондлойтой	хондлой <com>
зотонгийн	зотон <gen>
зохицуулагчтай	зохицуулагч <com>
элчийн	элч <gen>
мөрдөлтийг	мөрдөлт <acc>
хэллэгийг	хэллэг <acc>
бөөгнөрлөө	бөөгнөрөл <voc>
сууцаас	сууц <abl>
чөмгөө	чөмөг <voc>
хөнөөлийг	хөнөөл <acc>
онцлогийг	онцлог <acc>
бөгсний	бөгс <gen>
бариачаа	бариач <voc>
луйвартай	луйвар <com>
шоргоолжны	шоргоолж <gen>
утааны	утаа <gen>
хохиролд	хохирол <dat>
эмнэлгийн	эмнэлэг <gen>
мангастай	мангас <com>
судлаа	судал <voc>
тэмтрүүлийн	тэмтрүүл <gen>
паалангийн	паалан <gen>
пальтогоор	пальто <ins>
гүйлтээр	гүйлт <ins>
циклээ	цикл <voc>
дүрсний	дүрс <gen>
ховоогоор	ховоо <ins>
таргатай	тарга <com>
хариуцагчтай	хариуцагч <com>
нэхийг	нэхий <acc>
бартаатай	бартаа <com>
илүүдлээс	илүүдэл <abl>
бэлд	бэл <dat>
далайцаас	далайц <abl>
савхиар	савхи <ins>
хуульчийн	хуульч <gen>
өдтэй	өд <com>
өмсгөлөөр	өмсгөл <ins>
төмрийн	төмөр <gen>
ферментээр	фермент <ins>
эмчээ	эмч <voc>
өгөөшийг	өгөөш <acc>
тасалбартай	тасалбар <com>
илжгээр	илжиг <ins>
дэлгэцэд	дэлгэц <dat>
ялгалтад	ялгалт <dat>
загасчлалын	загасчлал <gen>
гохноос	гох <abl>
хутгатай	хутга <com>
айзмыг	айзам <acc>
бугуйг	бугуй <acc>
гарын	гар <gen>
лавлагааг	лавлагаа <acc>
явдлаар	явдал <ins>
диваажингаа	диваажин <voc>
бондоо	бонд <voc>
судлаачтай	судлаач <com>
мэндчилгээнд	мэндчилгээ <dat>
үргүйдлийг	үргүйдэл <acc>
хутганаас	хутга <abl>
стандартаа	стандарт <voc>
сэлгээнд	сэлгээ <dat>
хэмнэлд	хэмнэл <dat>
үргүйдлээ	үргүйдэл <voc>
постоор	пост <ins>
хувьсгагчаар	хувьсгагч <ins>
тэлэлтээс	тэлэлт <abl>
нэхэмжлэгчид	нэхэмжлэгч <dat>
зэргээс	зэрэг <abl>
сүүдрэвчийн	сүүдрэвч <gen>
болзоог	болзоо <acc>
таваар	тав <ins>
цахлайтай	цахлай <com>
дохиурыг	дохиур <acc>
аяллыг	аялал <acc>
атомоос	атом <abl>
лаазнаас	лааз <abl>
тохиргоотой	тохиргоо <com>
савангаас	саван <abl>
графикийн	график <gen>
хөрөнгөтнөө	хөрөнгөтөн <voc>
таглаагаар	таглаа <ins>
цаазтай	цааз <com>
тохиролцоотой	тохиролцоо <com>
ургамлаас	ургамал <abl>
чулуугаа	чулуу <voc>
хуримтлалын	хуримтлал <gen>
чөмгөөр	чөмөг <ins>
ясаа	яс <voc>
өнгийг	өнгө <acc>
манлайллыг	манлайлал <acc>
тохиролцоонд	тохиролцоо <dat>
аваа	ав <voc>
болорт	болор <dat>
хоцрогчоор	хоцрогч <ins>
эрэлд	эрэл <dat>
маягаас	маяг <abl>
углааштай	углааш <com>
найруулагчтай	найруулагч <com>
нүүрстөрөгчид	нүүрстөрөгч <dat>
чөтгөрөө	чөтгөр <voc>
батжилтаа	батжилт <voc>
дугтуйн	дугтуй <gen>
рационализмын	рационализм <gen>
зөгийд	зөгий <dat>
шошийг	шош <acc>
онолчид	онолч <dat>
гийгүүлэгчийг	гийгүүлэгч <acc>
давхаргыг	давхарга <acc>
үржвэртэй	үржвэр <com>
хөдөлмөрийн	хөдөлмөр <gen>
программаа	программ <voc>
өвөлтэй	өвөл <com>
завинаас	завь <abl>
зарлалд	зарлал <dat>
тагнуулын	тагнуул <gen>
залгаврыг	залгавар <acc>
дампуурлаа	дампуурал <voc>
сэргээшний	сэргээш <gen>
хөлсний	хөлс <gen>
зарааг	зараа <acc>
атаархалд	атаархал <dat>
сүүтэй	сүү <com>
устай	ус <com>
түйвээнд	түйвээн <dat>
муурт	муур <dat>
хүндийн	хүнд <gen>
түрүүгээ	түрүү <voc>
хөнөөлөө	хөнөөл <voc>
зөгийтэй	зөгий <com>
хязгаарлалтаас	хязгаарлалт <abl>
судлагчид	судлагч <dat>
хорхойн	хорхой <gen>
батганаас	батга <abl>
мануухайгаар	мануухай <ins>
урвалаас	урвал <abl>
завсарлагаар	завсарлага <ins>
обойтой	обой <com>
огторгуйгаа	огторгуй <voc>
хугацаатай	хугацаа <com>
жигшлээ	жигшил <voc>
хамсаатныг	хамсаатан <acc>
гөлгөө	гөлөг <voc>
материализмаа	материализм <voc>
таслалтаар	таслалт <ins>
мэргэжлийн	мэргэжил <gen>
өрөөгөө	өрөө <voc>
удиртгалын	удиртгал <gen>
самуунтай	самуун <com>
этгээдтэй	этгээд <com>
редактораас	редактор <abl>
хавиргаар	хавирга <ins>
үеийг	үе <acc>
хадгалалттай	хадгалалт <com>
халимтай	халим <com>
эргэлтэд	эргэлт <dat>
маягт	маяг <dat>
дохиоллоор	дохиолол <ins>
үнэмшлээр	үнэмшил <ins>
хатуужлаас	хатуужил <abl>
тоглолттой	тоглолт <com>
үлдэгдлээр	үлдэгдэл <ins>
амралтад	амралт <dat>
нүдтэй	нүд <com>
саналд	санал <dat>
уртрагийг	уртраг <acc>
хэсгээр	хэсэг <ins>
зайрмагаа	зайрмаг <voc>
урилгын	урилга <gen>
хэрмээс	хэрэм <abl>
сэжигтнийг	сэжигтэн <acc>
өтгөнөө	өтгөн <voc>
түүхэд	түүх <dat>
манангийн	манан <gen>
мэтгэлцээний	мэтгэлцээн <gen>
хүчлээ	хүчил <voc>
амралтаас	амралт <abl>
дамаас	дам <abl>
тэсрэлтийг	тэсрэлт <acc>
боолттой	боолт <com>
утсыг	утас <acc>
уртрагт	уртраг <dat>
гарыг	гар <acc>
егөөдлөөс	егөөдөл <abl>
тоормосны	тоормос <gen>
хавцлаар	хавцал <ins>
харвалтаар	харвалт <ins>
тусламжаас	тусламж <abl>
дүүжлүүрийг	дүүжлүүр <acc>
бариулаар	бариул <ins>
хуудасны	хуудас <gen>
шаардлагаа	шаардлага <voc>
конусаа	конус <voc>
мануухайн	мануухай <gen>
хоногийг	хоног <acc>
бамбараа	бамбар <voc>
булчинтай	булчин <com>
харшилдаантай	харшилдаан <com>
цалинтай	цалин <com>
хамтрагчтай	хамтрагч <com>
заншилтай	заншил <com>
хүрмээ	хүрэм <voc>
сонирхлыг	сонирхол <acc>
тооцоотой	тооцоо <com>
дуулгаа	дуулга <voc>
сэдлийн	сэдэл <gen>
халдлагад	халдлага <dat>
хангалттай	хангалт <com>
зээрэнцгийг	зээрэнцэг <acc>
ховилоор	ховил <ins>
сэлгээг	сэлгээ <acc>
хаалгачийг	хаалгач <acc>
үнэлгээнд	үнэлгээ <dat>
залбирлыг	залбирал <acc>
бэлхүүсэвчээр	бэлхүүсэвч <ins>
охинд	охин <dat>
гэмтлийн	гэмтэл <gen>
тайлбартай	тайлбар <com>
бөндгөрөөр	бөндгөр <ins>
гүзээлзгэнээр	гүзээлзгэнэ <ins>
жатгад	жатга <dat>
егөөдлийг	егөөдөл <acc>
түгжээгээ	түгжээ <voc>
элэгний	элэг <gen>
ертөнцтэй	ертөнц <com>
цөмөө	цөм <voc>
туйлын	туйлын <gen>
завхайрлаас	завхайрал <abl>
адилсалд	адилсал <dat>
жуулчинтай	жуулчин <com>
томууны	томуу <gen>
хөдөлмөрчнийг	хөдөлмөрчин <acc>
заргаас	зарга <abl>
эндүүрлийн	эндүүрэл <gen>
завхралд	завхрал <dat>
дургүйцлийг	дургүйцэл <acc>
гүтгэлгээ	гүтгэлэг <voc>
зартай	зар <com>
илгээгчээ	илгээгч <voc>
исэгт	исэг <dat>
мөхөөлдөснөөс	мөхөөлдөс <abl>
өөрчлөлтөөс	өөрчлөлт <abl>
ухагдахуунаас	ухагдахуун <abl>
сэтгэгдлийн	сэтгэгдэл <gen>
томилгоогоор	томилгоо <ins>
чөлөөг	чөлөө <acc>
тусламжид	тусламж <dat>
түрүүнд	түрүү <dat>
үнэлэлтээр	үнэлэлт <ins>
хэвлийгээ	хэвлий <voc>
барцадтай	барцад <com>
мэхлэгчийг	мэхлэгч <acc>
айзмаас	айзам <abl>
адилтгалаа	адилтгал <voc>
холгодсыг	холгодос <acc>
скаутыг	скаут <acc>
чидуныг	чидун <acc>
нийгмээс	нийгэм <abl>
айлчлалтай	айлчлал <com>
шүүхтэй	шүүх <com>
бамбайгаар	бамбай <ins>
саванг	саван <acc>
нэвтрүүлэгчийг	нэвтрүүлэгч <acc>
зангиагаар	зангиа <ins>
бахархалд	бахархал <dat>
хувьсгалаас	хувьсгал <abl>
сульдаанаас	сульдаа <abl>
зөвлөгөөнөөр	зөвлөгөөн <ins>
шүтэлцээгээр	шүтэлцээ <ins>
утсаа	утас <voc>
аялгууны	аялгуу <gen>
ширэнгийг	ширэнгэ <acc>
авсанд	авс <dat>
хэмжээсний	хэмжээс <gen>
тохитой	тохь <com>
зогдроос	зогдор <abl>
илбэчнээ	илбэчин <voc>
холбоосонд	холбоос <dat>
холестериноор	холестерин <ins>
жимсэнд	жимс <dat>
глюкозод	глюкоз <dat>
ваарын	ваар <gen>
мөлжлөгийг	мөлжлөг <acc>
хатаагуурын	хатаагуур <gen>
бэрхийн	бэрх <gen>
тоормосыг	тоормос <acc>
радиод	радио <dat>
компаниа	компани <voc>
гичийгээр	гичий <ins>
гялтгануурыг	гялтгануур <acc>
шүршүүртэй	шүршүүр <com>
хөдөлгөөнийг	хөдөлгөөн <acc>
элэгдэлтэй	элэгдэл <com>
тариураа	тариур <voc>
өмчөөр	өмч <ins>
тавд	тав <dat>
дуугаа	дуу <voc>
цондонгоо	цондон <voc>
төсөвт	төсөв <dat>
сульдаатай	сульдаа <com>
өчлөөс	өчил <abl>
хуульд	хууль <dat>
даажигналаас	даажигнал <abl>
хөгөө	хөг <voc>
толгойг	толгой <acc>
захидлыг	захидал <acc>
эдэлгээгээ	эдэлгээ <voc>
ширгээр	ширэг <ins>
устгалаас	устгал <abl>
солирт	солир <dat>
шингэлтийн	шингэлт <gen>
голионоос	голио <abl>
жүжгийг	жүжиг <acc>
зугаанд	зугаа <dat>
барилгыг	барилга <acc>
хожуулаар	хожуул <ins>
хаялтаар	хаялт <ins>
судраас	судар <abl>
булчингийн	булчин <gen>
гахиураар	гахиур <ins>
тивээр	тив <ins>
зардлаас	зардал <abl>
илбээ	илбэ <voc>
илтгэгчид	илтгэгч <dat>
салалттай	салалт <com>
очийг	оч <acc>
стандарттай	стандарт <com>
тэтгэмжээ	тэтгэмж <voc>
хоцрогчийн	хоцрогч <gen>
эрмэлзэлтэй	эрмэлзэл <com>
найрлагыг	найрлага <acc>
зочноор	зочин <ins>
цайгаа	цай <voc>
харууслаас	харуусал <abl>
керамиктай	керамик <com>
хоншоорын	хоншоор <gen>
сейфээр	сейф <ins>
товчлуурын	товчлуур <gen>
эвлэрлийг	эвлэрэл <acc>
хураангуйг	хураангуй <acc>
анкеттай	анкет <com>
шаналгаанаас	шаналгаа <abl>
нөхөрлөлөө	нөхөрлөл <voc>
давтлагаа	давтлага <voc>
эрэлтэд	эрэлт <dat>
хавсралтаас	хавсралт <abl>
андаа	анд <voc>
нийлэгт	нийлэг <dat>
хөвөнгөөр	хөвөн <ins>
амтаа	амт <voc>
линзтэй	линз <com>
бүртгэлээс	бүртгэл <abl>
амьдралд	амьдрал <dat>
ритмээ	ритм <voc>
өтөөр	өт <ins>
ичээнээс	ичээ <abl>
хоногоос	хоног <abl>
ослын	осол <gen>
шургуулгатай	шургуулга <com>
тэмдэглэлийн	тэмдэглэл <gen>
бүтээлд	бүтээл <dat>
хэвийн	хэвийн <gen>
тэмдэглэгээнд	тэмдэглэгээ <dat>
захиалагчтай	захиалагч <com>
долгионыг	долгион <acc>
адын	ад <gen>
довоос	дов <abl>
гаргалтаа	гаргалт <voc>
хэсэгтэй	хэсэг <com>
консулын	консул <gen>
охины	охин <gen>
сонирхогчоос	сонирхогчийн <abl>
эдэлгээтэй	эдэлгээ <com>
илгээгчтэй	илгээгч <com>
фракцаа	фракц <voc>
хөдөлгүүрээр	хөдөлгүүр <ins>
байлдагчийн	байлдагч <gen>
атомд	атом <dat>
баримтад	баримт <dat>
төлөөлөгчийн	төлөөлөгч <gen>
гараанаас	гараа <abl>
цайзаа	цайз <voc>
хүслээ	хүсэл <voc>
мэдээллээр	мэдээлэл <ins>
үүсгүүрийг	үүсгүүр <acc>
лавлагаатай	лавлагаа <com>
олсонд	олс <dat>
цуургаар	цуурга <ins>
картын	карт <gen>
дүүжинтэй	дүүжин <com>
бараагаа	бараа <voc>
шарилаа	шарил <voc>
уриалгаа	уриалга <voc>
огтлоостой	огтлоос <com>
цэцэгжүүлэлтээ	цэцэгжүүлэлт <voc>
найрууламжаас	найрууламж <abl>
хүсэлд	хүсэл <dat>
алхмын	алхам <gen>
дүрвэгчид	дүрвэгчид <dat>
хамтралаас	хамтрал <abl>
шошийн	шош <gen>
заншлын	заншил <gen>
нийтлэлээс	нийтлэл <abl>
онгодын	онгод <gen>
дайчнаа	дайчин <voc>
хасалтыг	хасалт <acc>
сахлаа	сахал <voc>
хамтатгалд	хамтатгал <dat>
зүйлийг	зүйл <acc>
нүхийг	нүх <acc>
мөрдлөгөөс	мөрдлөг <abl>
саадаар	саад <ins>
тоглоомтой	тоглоом <com>
тэжээлээр	тэжээл <ins>
конусаар	конус <ins>
сургаалаас	сургаал <abl>
лакийн	лак <gen>
өчлөөр	өчил <ins>
заргатай	зарга <com>
таазтай	тааз <com>
бичгээр	бичиг <ins>
даяанчийг	даяанч <acc>
цогцсын	цогцос <gen>
баяртай	баяр <com>
бичиглэлд	бичиглэл <dat>
махчинд	махчин <dat>
философиор	философи <ins>
хэрэгтний	хэрэгтэн <gen>
үйлчлүүлэгчээр	үйлчлүүлэгч <ins>
нүүрстөрөгчөө	нүүрстөрөгч <voc>
чимэглэлээр	чимэглэл <ins>
дэлгэрэлтээр	дэлгэрэлт <ins>
хэмжүүрийг	хэмжүүр <acc>
хормойгоор	хормой <ins>
шийдвэртэй	шийдвэр <com>
хурлаас	хурал <abl>
элчээр	элч <ins>
тариаг	тариа <acc>
язгууртныг	язгууртан <acc>
цилиндрээс	цилиндр <abl>
дуулиас	дууль <abl>
онгоцыг	онгоц <acc>
чихрийг	чихэр <acc>
үйлчлэлээ	үйлчлэл <voc>
кабельтай	кабель <com>
оршлоо	оршил <voc>
цуунаас	цуу <abl>
хасагдагчтай	хасагдагч <com>
оргилын	оргил <gen>
элэгтэй	элэг <com>
үйлтэй	үйл <com>
бичигт	бичиг <dat>
углаашийг	углааш <acc>
гацуураас	гацуур <abl>
ёзоороор	ёзоор <ins>
армид	арми <dat>
хувилбараас	хувилбар <abl>
засварчнаас	засварчин <abl>
санамжаар	санамж <ins>
худалдааны	худалдаа <gen>
хурдатгалаа	хурдатгал <voc>
зуршлаа	зуршил <voc>
зорчигчтой	зорчигч <com>
тэсрэлтээр	тэсрэлт <ins>
уулзварын	уулзвар <gen>
үхлийг	үхэл <acc>
шивнээг	шивнээ <acc>
услагчид	услагч <dat>
батжилтын	батжилт <gen>
хорсолтой	хорсол <com>
аймгаар	аймаг <ins>
шилжилтээ	шилжилт <voc>
холгодостой	холгодос <com>
клиникээ	клиник <voc>
анализын	анализ <gen>
зөвлөмжийн	зөвлөмж <gen>
амлалтаа	амлалт <voc>
амжилтаар	амжилт <ins>
видеогоор	видео <ins>
пүршний	пүрш <gen>
арийг	ари <acc>
лааг	лаа <acc>
дуудлагын	дуудлага <gen>
егөөдлөө	егөөдөл <voc>
өөрчлөгчөө	өөрчлөгч <voc>
тулаанд	тулаан <dat>
биеэс	бие <abl>
өгөгдлөөр	өгөгдөл <ins>
энгэсгээр	энгэсэг <ins>
хүчтэй	хүч <com>
үзүүлэлтээ	үзүүлэлт <voc>
журамтай	журам <com>
актаар	акт <ins>
нотолгооноос	нотолгоо <abl>
жагсаалтай	жагсаал <com>
уйтгарын	уйтгар <gen>
баривчилгааны	баривчилгаа <gen>
чичирхийллийг	чичирхийлэл <acc>
хийлчээ	хийлч <voc>
дарамтаар	дарамт <ins>
газрыг	газар <acc>
тушаалтай	тушаал <com>
явуулгаа	явуулга <voc>
шатыг	шат <acc>
залгамжлагчид	залгамжлагч <dat>
хаалганы	хаалга <gen>
ахлагчаа	ахлагч <voc>
гуйлгатай	гуйлга <com>
хүндрэлд	хүндрэл <dat>
нөхцөлийг	нөхцөл <acc>
дуртай	дураараа <com>
костюмаас	костюм <abl>
зурагчнаар	зурагчин <ins>
оргодлын	оргодол <gen>
хөгийг	хөг <acc>
хилэгнэлд	хилэгнэл <dat>
нэхийгээс	нэхий <abl>
масктай	маск <com>
дүрсээ	дүрс <voc>
зангиагаа	зангиа <voc>
пивоо	пиво <voc>
тэрслэгчээс	тэрслэгч <abl>
цэрэнд	цэр <dat>
гөрөөг	гөрөө <acc>
нидрүүлгийн	нидрүүлэг <gen>
завинд	завь <dat>
бөглөөтэй	бөглөө <com>
элэгдлээс	элэгдэл <abl>
лоозонгоос	лоозон <abl>
бамбайгаа	бамбай <voc>
ялгаатай	ялгаа <com>
засвартай	засвар <com>
иргэний	иргэн <gen>
гагнуурчнаас	гагнуурчин <abl>
хатаагчид	хатаагч <dat>
хонинд	хонь <dat>
онцлогт	онцлог <dat>
савлуураа	савлуур <voc>
уршгаар	уршиг <ins>
материализмтай	материализм <com>
шүүгчээс	шүүгч <abl>
шаталтын	шаталт <gen>
сүсгийн	сүсэг <gen>
махчныг	махчин <acc>
зангианы	зангиа <gen>
зарцаар	зарц <ins>
идеализмд	идеализм <dat>
бичээсийг	бичээс <acc>
ээрүүлд	ээрүүл <dat>
хэрсүүнээс	хэрсүү <abl>
илэрхийлэлд	илэрхийлэл <dat>
дуулганы	дуулга <gen>
галуунд	галуу <dat>
гүнжидтэй	гүнжид <com>
зогсцын	зогсоц <gen>
цэвэрлэгээнд	цэвэрлэгээ <dat>
сонирхлоор	сонирхол <ins>
хавиргатай	хавирга <com>
хэллэгээр	хэллэг <ins>
даяаныг	даяан <acc>
мөчрийг	мөчир <acc>
угсралтаар	угсралт <ins>
зарчмыг	зарчим <acc>
нохойгоор	нохой <ins>
мөлжлөгтэй	мөлжлөг <com>
ногдлын	ногдол <gen>
багштай	багш <com>
аюулын	аюул <gen>
мэрийлтээ	мэрийлт <voc>
найраар	найр <ins>
мөхөөлдсөөр	мөхөөлдөс <ins>
шээстэй	шээс <com>
өмсгөлтэй	өмсгөл <com>
совингоос	совин <abl>
дуудлагыг	дуудлага <acc>
гэрлэлтээс	гэрлэлт <abl>
хэвээс	хэвийн <abl>
дэнг	дэн <acc>
үдэшлэгтэй	үдэшлэг <com>
онд	он <dat>
хүүхдээс	хүүхэд <abl>
хэрэгцээнд	хэрэгцээ <dat>
хөтөчтэй	хөтөч <com>
талын	тал <gen>
өгүүлэгдэхүүнээ	өгүүлэгдэхүүн <voc>
багсны	багс <gen>
бэлгээр	бэлэг <ins>
өөрчлөлөө	өөрчлөл <voc>
түүхээр	түүх <ins>
хөгөөр	хөг <ins>
тосоо	тос <voc>
цуглуулгын	цуглуулга <gen>
суултуураас	суултуур <abl>
хучилтаа	хучилт <voc>
босуулаа	босуул <voc>
гавьяагаар	гавьяа <ins>
ачаа	ач <voc>
наалдцаас	наалдац <abl>
уншлагаар	уншлага <ins>
эмчээс	эмч <abl>
сөргөлдөөнд	сөргөлдөөн <dat>
шүүмжлэгчид	шүүмжлэгч <dat>
иргэнээс	иргэн <abl>
савангаа	саван <voc>
мансууралд	мансуурал <dat>
нөхөрлөлтэй	нөхөрлөл <com>
яамтай	яам <com>
ноёрхлыг	ноёрхол <acc>
үзэгдэлтэй	үзэгдэл <com>
төвлөрүүлэлтээ	төвлөрүүлэлт <voc>
карттай	карт <com>
бодолтыг	бодолт <acc>
дуулганаас	дуулга <abl>
давхаргын	давхарга <gen>
загасчнаар	загасчин <ins>
банзаа	банз <voc>
алгатай	алга <com>
төгсөгчөөр	төгсөгч <ins>
авгалдайнаас	авгалдай <abl>
тарилгаар	тарилга <ins>
тээрмийг	тээрэм <acc>
наймаагаар	наймаа <ins>
бараатай	бараа <com>
өтгөнд	өтгөн <dat>
давтлагаар	давтлага <ins>
дархлаагаа	дархлаа <voc>
туршилтаар	туршилт <ins>
тоглоомыг	тоглоом <acc>
хоцрогчид	хоцрогч <dat>
хураангуйд	хураангуй <dat>
шаналгаагаар	шаналгаа <ins>
талаас	тал <abl>
бухимдалд	бухимдал <dat>
товхимлын	товхимол <gen>
шидэлтэд	шидэлт <dat>
цохиогоор	цохио <ins>
эвлэрүүлэгчээ	эвлэрүүлэгч <voc>
бухимдлаа	бухимдал <voc>
цэнгүүнийг	цэнгүүн <acc>
удирдлагаар	удирдлага <ins>
ажиллагаанд	ажиллагаа <dat>
тахалд	тахал <dat>
хайчийг	хайч <acc>
уулзвартай	уулзвар <com>
угжийг	угж <acc>
тархалтаа	тархалт <voc>
цэрэгтэй	цэрэг <com>
ноёноор	ноён <ins>
хэмжигчээ	хэмжигч <voc>
салбарт	салбар <dat>
үүргэвчний	үүргэвч <gen>
хошуучаас	хошууч <abl>
үзлэгээр	үзлэг <ins>
молекулын	молекул <gen>
баримжаагаар	баримжаа <ins>
хүүхдээ	хүүхэд <voc>
тавилгаар	тавилга <ins>
харагдцад	харагдац <dat>
симфониос	симфони <abl>
анализад	анализ <dat>
хараанаас	хараа <abl>
сульдааны	сульдаа <gen>
ариутгалын	ариутгал <gen>
символизмтой	символизм <com>
тэмцлийн	тэмцэл <gen>
хонгоор	хонго <ins>
донтны	донтон <gen>
илээчид	илээч <dat>
судалгааны	судалгаа <gen>
тасалгаагаа	тасалгаа <voc>
угтвараас	угтвар <abl>
гаралд	гарал <dat>
үсрэлтээс	үсрэлт <abl>
хуанлийг	хуанли <acc>
боолоор	боол <ins>
ялгадсанд	ялгадас <dat>
мэтгэлцэгчийн	мэтгэлцэгч <gen>
нийлүүлэлтээс	нийлүүлэлт <abl>
зугтлагын	зугтлага <gen>
давстай	давс <com>
тоншуулыг	тоншуул <acc>
бэсрэгийн	бэсрэг <gen>
жаягийг	жаяг <acc>
утгыг	утга <acc>
эсээс	эс <abl>
хавсралтаа	хавсралт <voc>
хамартай	хамар <com>
тулгуураар	тулгуур <ins>
булангаа	булан <voc>
дэвтрийг	дэвтэр <acc>
хохирлын	хохирол <gen>
шугуйд	шугуй <dat>
нягтралын	нягтрал <gen>
гуалинг	гуалин <acc>
дайчнаар	дайчин <ins>
хоригийг	хориг <acc>
зугаалгаар	зугаалга <ins>
сүнстэй	сүнс <com>
бичээчид	бичээч <dat>
мөрөөдлөөс	мөрөөдөл <abl>
дарцгаар	дарцаг <ins>
олборлолтод	олборлолт <dat>
зогдроо	зогдор <voc>
жоотуугаа	жоотуу <voc>
дамчинд	дамчин <dat>
бэртэлтийг	бэртэлт <acc>
хадгалалтын	хадгалалт <gen>
угаалтуурт	угаалтуур <dat>
жигнэмэгт	жигнэмэг <dat>
хүчлийг	хүчил <acc>
асуултаа	асуулт <voc>
хэлэлцүүлгээр	хэлэлцүүлэг <ins>
хоригоо	хориг <voc>
багтрааг	багтраа <acc>
диваажинг	диваажин <acc>
булингараа	булингар <voc>
сэлгээтэй	сэлгээ <com>
оройгоос	орой <abl>
самбараас	самбар <abl>
тотиор	тоть <ins>
эдтэй	эд <com>
үдэшлэгт	үдэшлэг <dat>
билетээс	билет <abl>
сургамжид	сургамж <dat>
хуягаар	хуяг <ins>
сургаалд	сургаал <dat>
дискийг	диск <acc>
ургацгаас	ургацаг <abl>
егөөгөө	егөө <voc>
тасалгааг	тасалгаа <acc>
ванг	ван <acc>
эсэргүүцлээс	эсэргүүцэл <abl>
ёгтлолыг	ёгтлол <acc>
цохионы	цохио <gen>
хэмнэлтэй	хэмнэл <com>
зангаар	занга <ins>
дэнд	дэн <dat>
фронтоор	фронт <ins>
үргээгчийн	үргээгч <gen>
хавирганаас	хавирга <abl>
үдэшлэгээ	үдэшлэг <voc>
семинараас	семинар <abl>
ховилоо	ховил <voc>
хуурайд	хуурай <dat>
түрээслэгчээ	түрээслэгч <voc>
цэрээ	цэр <voc>
нуруунд	нуруу <dat>
уурхайчны	уурхайчин <gen>
шархлаанаас	шархлаа <abl>
гүзээлзгэнэд	гүзээлзгэнэ <dat>
хавчлагаас	хавчлага <abl>
найруулагчаас	найруулагч <abl>
хөөрөлттэй	хөөрөлт <com>
илтгэгчийн	илтгэгч <gen>
хөвгүүнээ	хөвгүүн <voc>
үнэгээс	үнэг <abl>
үнэлгээний	үнэлгээ <gen>
луйварчинтай	луйварчин <com>
суутгалтай	суутгал <com>
чимэгтэй	чимэг <com>
хавчаараа	хавчаар <voc>
ховоог	ховоо <acc>
бүжигчнээр	бүжигчин <ins>
үзүүлэлтээр	үзүүлэлт <ins>
шуналын	шунал <gen>
дагалдагчид	дагалдагч <dat>
бяслагаа	бяслаг <voc>
дүрвэгчийн	дүрвэгч <gen>
карантинаа	карантин <voc>
бахины	бахь <gen>
хөшүүргийг	хөшүүрэг <acc>
энэрлээс	энэрэл <abl>
товчлолыг	товчлол <acc>
гуйлтаар	гуйлт <ins>
богцноос	богц <abl>
хуйвалдаанаас	хуйвалдаан <abl>
хайрцгаас	хайрцаг <abl>
жатгаас	жатга <abl>
өвчнөө	өвчин <voc>
ахицын	ахиц <gen>
сэдлээ	сэдэл <voc>
гудамжнаас	гудамж <abl>
хариуцлагатай	хариуцлага <com>
гүнждээр	гүнжид <ins>
мэргэжилтнээ	мэргэжилтэн <voc>
хавчаартай	хавчаар <com>
тогтолцоогоор	тогтолцоо <ins>
алттай	алт <com>
нийцлээс	нийцэл <abl>
театраар	театр <ins>
цөлийн	цөл <gen>
зүүлтэд	зүүлт <dat>
аавтай	аавынх <com>
эрхсийг	эрхэс <acc>
өнгөнд	өнгө <dat>
андгайнаас	андгай <abl>
цондонгоос	цондон <abl>
цэнгүүнээ	цэнгүүн <voc>
ширэнгэтэй	ширэнгэ <com>
мэхлэлтээ	мэхлэлт <voc>
боломжтой	боломж <com>
тотемыг	тотем <acc>
төгсөгчөөс	төгсөгч <abl>
ширэнгээс	ширэнгэ <abl>
баталгаатай	баталгаа <com>
сагагаар	сагаг <ins>
үхлээ	үхэл <voc>
салд	сал <dat>
туслалцааны	туслалцаа <gen>
хамелеоноос	хамелеон <abl>
будгийн	будаг <gen>
бааштай	бааш <com>
ороолтод	ороолт <dat>
танхимыг	танхим <acc>
машинаар	машин <ins>
тодорхойлолтын	тодорхойлолт <gen>
аврагчид	аврагч <dat>
саадаас	саад <abl>
асраар	асар <ins>
найруулгатай	найруулга <com>
шүлтээ	шүлт <voc>
хэрэгжилтээ	хэрэгжилт <voc>
солиотой	солио <com>
нуруутай	нуруу <com>
цилиндртэй	цилиндр <com>
нөхөрлөлөөс	нөхөрлөл <abl>
ажиллагаагаа	ажиллагаа <voc>
хурандаатай	хурандаа <com>
хүзүүтэй	хүзүү <com>
боржинтой	боржин <com>
тамганаас	тамга <abl>
зөвшилцлөө	зөвшилцөл <voc>
фашизмаас	фашизм <abl>
залгамжлалтай	залгамжлал <com>
тэмдэгтэй	тэмдэг <com>
имийг	им <acc>
найруулгыг	найруулга <acc>
цоргоо	цорго <voc>
тохойгоо	тохой <voc>
шүүмжлэлийг	шүүмжлэл <acc>
адмиралын	адмирал <gen>
зохиолын	зохиол <gen>
өдөрт	өдөр <dat>
хагарлаас	хагарал <abl>
үерхлээ	үерхэл <voc>
лектортой	лектор <com>
өрөөний	өрөө <gen>
хунгийн	хун <gen>
ястантай	ястан <com>
толгойгоо	толгой <voc>
гуйлгад	гуйлга <dat>
капиталаас	капитал <abl>
тэгээс	тэг <abl>
хэмнэлийг	хэмнэл <acc>
солонгод	солонго <dat>
зараас	зар <abl>
ховсыг	ховс <acc>
сэргээлтээ	сэргээлт <voc>
үзмээ	үзэм <voc>
үйлээс	үйл <abl>
тасгаа	тасаг <voc>
захирамжаар	захирамж <ins>
хирст	хирс <dat>
зуунаа	зуун <voc>
тогтвороо	тогтвор <voc>
эдээ	эд <voc>
нийлэмжтэй	нийлэмж <com>
хөөсөө	хөөс <voc>
өдрөө	өдөр <voc>
хуулбараас	хуулбар <abl>
шилжилтийг	шилжилт <acc>
ёжлолыг	ёжлол <acc>
санхүүчид	санхүүч <dat>
төөрөгдлөө	төөрөгдөл <voc>
тэнхлэгээ	тэнхлэг <voc>
таргалалтаар	таргалалт <ins>
чимэглэлийн	чимэглэл <gen>
хэвлийгээс	хэвлий <abl>
ахицыг	ахиц <acc>
багшаа	багш <voc>
наадамд	наадам <dat>
сэдэгчээ	сэдэгч <voc>
сүйг	сүй <acc>
эвдрэлтэй	эвдрэл <com>
царцаанд	царцаа <dat>
дэвсгэрт	дэвсгэр <dat>
эргэцүүллээс	эргэцүүлэл <abl>
тагтаанаас	тагтаа <abl>
арбитраас	арбитр <abl>
харвалтаа	харвалт <voc>
бодлыг	бодол <acc>
архитектураар	архитектур <ins>
доргионд	доргио <dat>
хигээсээ	хигээс <voc>
хураангуйнаас	хураангуй <abl>
үсрэлтийг	үсрэлт <acc>
эдээс	эд <abl>
хуанлиас	хуанли <abl>
дасгалын	дасгал <gen>
ишээ	иш <voc>
ялгавраас	ялгавар <abl>
биежилттэй	биежилт <com>
хандиваар	хандив <ins>
шарилтай	шарил <com>
цөлтэй	цөл <com>
хагарлаа	хагарал <voc>
киног	кино <acc>
боловсруулалтаар	боловсруулалт <ins>
гавлаа	гавал <voc>
захидалд	захидал <dat>
товчийн	товч <gen>
тармуураар	тармуур <ins>
жүжгээр	жүжиг <ins>
айдсаа	айдас <voc>
асуулгаар	асуулга <ins>
клубийг	клуб <acc>
ахицаар	ахиц <ins>
дамжуулалттай	дамжуулалт <com>
үүсгэлд	үүсгэл <dat>
хамгааллыг	хамгаалал <acc>
хүртвэрт	хүртвэр <dat>
эхлэлийг	эхлэл <acc>
хадгаламжаа	хадгаламж <voc>
ээрүүлээр	ээрүүл <ins>
шүүмжлэлтэй	шүүмжлэл <com>
квадратаас	квадрат <abl>
тохиргоог	тохиргоо <acc>
товхимолтой	товхимол <com>
онооны	оноо <gen>
дамжуулалтаар	дамжуулалт <ins>
вальсаар	вальс <ins>
сэдвээр	сэдэв <ins>
донг	дон <acc>
залгаасыг	залгаас <acc>
бондоор	бонд <ins>
нугасны	нугас <gen>
дизайнераас	дизайнер <abl>
харилцаагаа	харилцаа <voc>
бариултай	бариул <com>
ганцаардалтай	ганцаардал <com>
тактикаа	тактик <voc>
гайхамшигтай	гайхамшиг <com>
чуулгаа	чуулга <voc>
уусмалтай	уусмал <com>
банкны	банк <gen>
ажиглалтаас	ажиглалт <abl>
үзэгдлээр	үзэгдэл <ins>
хөргийг	хөрөг <acc>
сүйтгэгчийн	сүйтгэгч <gen>
сайжруулалтаас	сайжруулалт <abl>
шүрэнд	шүр <dat>
өөрчлөлийн	өөрчлөл <gen>
бэлэгтэй	бэлэг <com>
амттанаа	амттан <voc>
торноос	торт <abl>
хулмастай	хулмас <com>
өсөлтөөр	өсөлт <ins>
зорилтод	зорилт <dat>
хүүрзгэнээр	хүүрзгэнэ <ins>
урсгалын	урсгал <gen>
нумаар	нум <ins>
тагттай	тагт <com>
симфониор	симфони <ins>
хавтастай	хавтас <com>
тэргүүлэгчтэй	тэргүүлэгчид <com>
заламгайгаар	заламгай <ins>
гялбаагаа	гялбаа <voc>
чимхүүрт	чимхүүр <dat>
тоосгыг	тоосго <acc>
карантины	карантин <gen>
буцалтаа	буцалт <voc>
зэрэглэлээ	зэрэглэл <voc>
аршаар	арш <ins>
унаганаас	унага <abl>
эзэгнэлээс	эзэгнэл <abl>
шивнээтэй	шивнээ <com>
масштабаа	масштаб <voc>
эхийг	эх <acc>
бодролоо	бодрол <voc>
бодисын	бодис <gen>
ялагдлыг	ялагдал <acc>
холбоонд	холбоо <dat>
хамсаатантай	хамсаатан <com>
сүсэгтэй	сүсэг <com>
илээ	ил <voc>
өдрийн	өдөр <gen>
тараалтад	тараалт <dat>
дархлаагаар	дархлаа <ins>
амьтнаас	амьтан <abl>
эсэргүүцлээ	эсэргүүцэл <voc>
постын	пост <gen>
үзлэгээс	үзлэг <abl>
хэрэгсэлтэй	хэрэгсэл <com>
амьсгалын	амьсгал <gen>
танилд	танил <dat>
зураачаар	зураач <ins>
оптимизмын	оптимизм <gen>
шилбэнд	шилбэ <dat>
яндангаа	яндан <voc>
туршилтын	туршилт <gen>
сэвтэй	сэв <com>
нислэгтэй	нислэг <com>
сургуультай	сургууль <com>
өмхийээс	өмхий <abl>
эргэлзлийг	эргэлзэл <acc>
ирмэгт	ирмэг <dat>
хоншоорыг	хоншоор <acc>
тавилангаа	тавилан <voc>
зөгнөлөө	зөгнөл <voc>
индукцтэй	индукц <com>
тэмдэглэлээ	тэмдэглэл <voc>
яндантай	яндан <com>
дусалд	дусал <dat>
хуваарилалтын	хуваарилалт <gen>
пуужингаа	пуужин <voc>
голомтоос	голомт <abl>
зогсцоо	зогсоц <voc>
ухааралтай	ухаарал <com>
шуудайнаас	шуудай <abl>
далдлалтаа	далдлалт <voc>
ирцийн	ирц <gen>
таазнаас	тааз <abl>
хайгуулыг	хайгуул <acc>
сонирхлын	сонирхол <gen>
гайхамшгаа	гайхамшиг <voc>
адгуусаар	адгуус <ins>
үйлчлэгчээ	үйлчлэгч <voc>
лавлахаас	лавлах <abl>
гурилтай	гурил <com>
хурданд	хурд <dat>
устгалыг	устгал <acc>
оноогоо	оноо <voc>
торны	тор <gen>
оврыг	овор <acc>
усталын	устал <gen>
хүзүүгээр	хүзүү <ins>
хаврын	хавар <gen>
цонхоо	цонх <voc>
зааврын	заавар <gen>
завхралтай	завхрал <com>
судлаачид	судлаач <dat>
чихэнд	чих <dat>
хуйвалдаанд	хуйвалдаан <dat>
нэмэлтээр	нэмэлт <ins>
толгойлогчоор	толгойлогч <ins>
суурьд	суурь <dat>
бололцоог	бололцоо <acc>
цуглуулгаар	цуглуулга <ins>
тоншуулаа	тоншуул <voc>
материализмаар	материализм <ins>
хавтантай	хавтан <com>
шошоо	шош <voc>
цондонтой	цондон <com>
зураглаачаа	зураглаач <voc>
командлагчад	командлагч <dat>
хорхойгоос	хорхой <abl>
доголдлоос	доголдол <abl>
шийрээ	шийр <voc>
даргад	дарга <dat>
бичгээс	бичиг <abl>
хэвлэлээс	хэвлэл <abl>
үечлэлтэй	үечлэл <com>
вирустэй	вирус <com>
хараалд	хараал <dat>
шүлэгчийн	шүлэгч <gen>
карантинд	карантин <dat>
луустай	луус <com>
журамд	журам <dat>
цахирмаанд	цахирмаа <dat>
мөрдсөөр	мөрдөс <ins>
тулалдаанаа	тулалдаан <voc>
бөөмд	бөөм <dat>
хориглолтод	хориглолт <dat>
бэрхээр	бэрх <ins>
дүрэмд	дүрмийн <dat>
халаасны	халаас <gen>
жаягаас	жаяг <abl>
задралын	задрал <gen>
эрэлттэй	эрэлт <com>
ширээсэнд	ширээс <dat>
онолчоо	онолч <voc>
байцаагчийн	байцаагч <gen>
оператортай	оператор <com>
хатгамлыг	хатгамал <acc>
тэтгэмжээр	тэтгэмж <ins>
уршигт	уршиг <dat>
шөлийг	шөл <acc>
трансформаторт	трансформатор <dat>
анчнаас	анчин <abl>
гэрлэлтээ	гэрлэлт <voc>
төрийн	төр <gen>
дохиураар	дохиур <ins>
азоттой	азот <com>
ёроолоос	ёроол <abl>
найрамдлыг	найрамдал <acc>
гэмшлийг	гэмшил <acc>
зуунаас	зуун <abl>
түрийвчээ	түрийвч <voc>
оргуулаа	оргуул <voc>
цохиурыг	цохиур <acc>
сауны	саун <gen>
инженерээр	инженер <ins>
төрлийн	төрөл <gen>
чагнаалын	чагнаал <gen>
асуулгаас	асуулга <abl>
оромжийн	оромж <gen>
хаалгачийн	хаалгач <gen>
уулаа	уул <voc>
шүүрлээ	шүүрэл <voc>
хөдөлгөгчөөс	хөдөлгөгч <abl>
дурсамжид	дурсамж <dat>
шангаар	шан <ins>
хөргүүртэй	хөргүүр <com>
хэлэлцүүлгийг	хэлэлцүүлэг <acc>
бөгсийг	бөгс <acc>
хамтрагчийн	хамтрагч <gen>
оргилд	оргил <dat>
зуршлаас	зуршил <abl>
ваарчинтай	ваарчин <com>
гэлэнмаагаа	гэлэнмаа <voc>
бэхээ	бэх <voc>
сэнсээ	сэнс <voc>
дэлбэрэлтийг	дэлбэрэлт <acc>
ороолтоос	ороолт <abl>
нэгтгэлээс	нэгтгэл <abl>
үүсвэрээс	үүсвэр <abl>
асраас	асар <abl>
шивээсний	шивээс <gen>
өмгөөлөлд	өмгөөлөл <dat>
шаантагтай	шаантаг <com>
шүлсний	шүлс <gen>
паспортыг	паспорт <acc>
торгуулиар	торгууль <ins>
дүрсээс	дүрс <abl>
ресторанаар	ресторан <ins>
постоо	пост <voc>
зэвсэгтэй	зэвсэг <com>
шархлаагаа	шархлаа <voc>
боломжоос	боломж <abl>
гарзаа	гарз <voc>
тоосноос	тоос <abl>
даажигналаа	даажигнал <voc>
тавилгын	тавилга <gen>
барилгаа	барилга <voc>
биеийг	бие <acc>
ааваар	аавынх <ins>
хэрчдэсэнд	хэрчдэс <dat>
давтамжийг	давтамж <acc>
өрсөлдөөний	өрсөлдөөн <gen>
гүтгэлгээс	гүтгэлэг <abl>
хөгжимчнөөс	хөгжимчин <abl>
дээрэмтэй	дээрэм <com>
дайралтаар	дайралт <ins>
сэтгүүлчтэй	сэтгүүлч <com>
гадаргаар	гадарга <ins>
аэробикээс	аэробик <abl>
үйлчлэлд	үйлчлэл <dat>
ялгаанд	ялгаа <dat>
түвшний	түвшин <gen>
барьцааны	барьцаа <gen>
хонхноос	хонх <abl>
далангийн	далан <gen>
амьтнаар	амьтан <ins>
шингэлтийг	шингэлт <acc>
дээрмийг	дээрэм <acc>
ангитай	анги <com>
гэргийгээс	гэргий <abl>
ичээг	ичээ <acc>
газрын	газар <gen>
мэдээллийг	мэдээлэл <acc>
могойг	могой <acc>
этгээдээс	этгээд <abl>
түгшүүрийн	түгшүүр <gen>
сэвээс	сэв <abl>
чиглэлээ	чиглэл <voc>
бүтээлгийг	бүтээлэг <acc>
бөгсөө	бөгс <voc>
хулмасанд	хулмас <dat>
зорилтоо	зорилт <voc>
хувьсагчтай	хувьсагч <com>
луужингаа	луужин <voc>
шүүмжлэгчээс	шүүмжлэгч <abl>
мөхөлд	мөхөл <dat>
илтгэгчээр	илтгэгч <ins>
диаметрээс	диаметр <abl>
багснаас	багс <abl>
мөргөлчний	мөргөлчин <gen>
хашилтаар	хашилт <ins>
уншигчийг	уншигч <acc>
наймаачныг	наймаачин <acc>
барцдаас	барцад <abl>
хадааснаас	хадаас <abl>
дуулаачаар	дуулаач <ins>
оргуултай	оргуул <com>
халимаа	халим <voc>
хаалгачаар	хаалгач <ins>
буртгаар	буртаг <ins>
пүршээ	пүрш <voc>
исгийн	исэг <gen>
шаталттай	шаталт <com>
тосгонд	тосгон <dat>
аршаас	арш <abl>
цохиуртай	цохиур <com>
жигнэмэгтэй	жигнэмэг <com>
далайцаар	далайц <ins>
суултуураар	суултуур <ins>
шүүртэй	шүүр <com>
царцаанаас	царцаа <abl>
үлгэрт	үлгэр <dat>
хүсэлтийг	хүсэлт <acc>
муураа	муур <voc>
гоймонд	гоймон <dat>
арбитрт	арбитр <dat>
зугаанаас	зугаа <abl>
ухагдахуунтай	ухагдахуун <com>
шпагеттины	шпагетти <gen>
зоригоор	зориг <ins>
шүүрэлтэй	шүүрэл <com>
гүнждийн	гүнжид <gen>
үнэрт	үнэр <dat>
маажингаас	маажин <abl>
хүнээ	хүн <voc>
эсийн	эс <gen>
даргаас	дарга <abl>
үрээ	үр <voc>
шинэчлэлээр	шинэчлэл <ins>
шинжийг	шинж <acc>
хошуучлагчтай	хошуучлагч <com>
засварыг	засвар <acc>
үнсэлтэд	үнсэлт <dat>
заавартай	заавар <com>
эмээ	эм <voc>
сейфтэй	сейф <com>
арлаа	арал <voc>
дарамтаас	дарамт <abl>
кафег	кафе <acc>
зөрчилдөөнийг	зөрчилдөөн <acc>
цэцэглэлтэд	цэцэглэлт <dat>
цохиог	цохио <acc>
урвагчийн	урвагч <gen>
хашаагаа	хашаа <voc>
жанжнаар	жанжин <ins>
талбайгаар	талбай <ins>
доргиотой	доргио <com>
эмнэлгээс	эмнэлэг <abl>
туурайнаас	туурай <abl>
бижрүүний	бижрүү <gen>
зургийг	зураг <acc>
шандсанд	шандас <dat>
гацаагаа	гацаа <voc>
тахаа	тах <voc>
цавуутай	цавуу <com>
мөрдөснөөс	мөрдөс <abl>
хязгаартай	хязгаар <com>
андыг	анд <acc>
тавиураа	тавиур <voc>
тооцооллоос	тооцоолол <abl>
үүнээс	үү <abl>
мастерыг	мастер <acc>
зүхлээ	зүхэл <voc>
түлхүүрээс	түлхүүр <abl>
зөвлөгөөнд	зөвлөгөө <dat>
бүрээсэнд	бүрээс <dat>
барьцаатай	барьцаа <com>
мэхлэгчид	мэхлэгч <dat>
наалдцаа	наалдац <voc>
дуншилтаар	дуншилт <ins>
ёжлолоор	ёжлол <ins>
ороолттой	ороолт <com>
голыг	голд <acc>
харвалтад	харвалт <dat>
хөршөө	хөрш <voc>
хондлойгоос	хондлой <abl>
хясаагаа	хясаа <voc>
сэнсийг	сэнс <acc>
аймгийг	аймаг <acc>
андаар	анд <ins>
сонгинотой	сонгино <com>
гоймонгоо	гоймон <voc>
мануухайгаа	мануухай <voc>
скаутаас	скаут <abl>
хичээлд	хичээл <dat>
буцалтыг	буцалт <acc>
адилтгалыг	адилтгал <acc>
аавтай	аав <com>
капиталын	капитал <gen>
хатуурлыг	хатуурал <acc>
наймаагаа	наймаа <voc>
үгүйсгэлээр	үгүйсгэл <ins>
саманд	сам <dat>
цардуулын	цардуул <gen>
бурхны	бурхан <gen>
шатаагчаас	шатаагч <abl>
үржвэрийг	үржвэр <acc>
хүнээр	хүн <ins>
жолоогоо	жолоо <voc>
нэхэмжлэгчийг	нэхэмжлэгч <acc>
зорилгын	зорилго <gen>
үргээгчид	үргээгч <dat>
жүчээгээ	жүчээ <voc>
даралттай	даралт <com>
харвинд	харвин <dat>
биологиор	биологи <ins>
барьцалдаанаас	барьцалдаа <abl>
инээмсэглэлийн	инээмсэглэл <gen>
алдагдлыг	алдагдал <acc>
зогсоолоос	зогсоол <abl>
жодоонд	жодоо <dat>
шүдээс	шүд <abl>
хөгтэй	хөг <com>
чангалуурыг	чангалуур <acc>
хатууралд	хатуурал <dat>
доройтолтой	доройтол <com>
хуягаас	хуяг <abl>
исэлдэлтээс	исэлдэлт <abl>
сурталчилгаанд	сурталчилгааны <dat>
эргэлзэлд	эргэлзэл <dat>
хөвөнгийн	хөвөн <gen>
жичээр	жич <ins>
хүүрзгэнэтэй	хүүрзгэнэ <com>
харьцуулалтад	харьцуулалт <dat>
дэвтрээр	дэвтэр <ins>
хэргээ	хэрэг <voc>
жүчээний	жүчээ <gen>
намтрыг	намтар <acc>
сүүдрээ	сүүдэр <voc>
боломжоор	боломж <ins>
шургаа	шураг <voc>
академитай	академи <com>
мэдэгдэлтэй	мэдэгдэл <com>
мэдүүлгийн	мэдүүлэг <gen>
эрэмбээс	эрэмбэ <abl>
цаазад	цааз <dat>
дарааллын	дараалал <gen>
зуучлагчаас	зуучлагч <abl>
хэрэгтэнд	хэрэгтэн <dat>
багцаас	багц <abl>
үлдэгдлийн	үлдэгдэл <gen>
туслалцаатай	туслалцаа <com>
аммиакаар	аммиак <ins>
баримтаас	баримт <abl>
авьяастнаар	авьяастан <ins>
заргыг	зарга <acc>
тарилгад	тарилга <dat>
гамшигтай	гамшиг <com>
батжилттай	батжилт <com>
амттанаар	амттан <ins>
хэлэлцүүлгийн	хэлэлцүүлэг <gen>
солиртой	солир <com>
бэлгэвчийн	бэлгэвч <gen>
ишид	иш <dat>
цагдаагаа	цагдаа <voc>
оргилоо	оргил <voc>
дүүжинд	дүүжин <dat>
төлбөрөөс	төлбөр <abl>
өрөмдлөгөө	өрөмдлөг <voc>
урамшууллаас	урамшуулал <abl>
аргаас	арга <abl>
аялагчийг	аялагч <acc>
бачимдалтай	бачимдал <com>
дурнаас	дураараа <abl>
сургуулиас	сургууль <abl>
талийгчтай	талийгч <com>
түрээслэгчээс	түрээслэгч <abl>
үхэлд	үхэл <dat>
цэнгүүнээс	цэнгүүн <abl>
тохироогоор	тохироо <ins>
болзлын	болзол <gen>
гэрлээ	гэрэл <voc>
ноогдлыг	ноогдол <acc>
уулчинтай	уулчин <com>
тэмцэлд	тэмцэл <dat>
хүслээс	хүсэл <abl>
тарилгаа	тарилга <voc>
давхаргад	давхарга <dat>
зөөгчийн	зөөгч <gen>
тэрслэгчид	тэрслэгч <dat>
гишүүнээс	гишүүн <abl>
шүтэлцээтэй	шүтэлцээ <com>
өндгөвчөө	өндгөвч <voc>
эмгэнэлийн	эмгэнэл <gen>
хатаагуурыг	хатаагуур <acc>
үүрэгтэй	үүрэг <com>
цөөрмийг	цөөрөм <acc>
хутгаа	хутга <voc>
сувдаас	сувд <abl>
бондтой	бонд <com>
эмчтэй	эмч <com>
харуусалд	харуусал <dat>
хөөрөлд	хөөрөл <dat>
хальстай	хальс <com>
хөдөлмөрөөс	хөдөлмөр <abl>
өрөмдлөгийн	өрөмдлөг <gen>
мөрөөдөлд	мөрөөдөл <dat>
зогсоолоор	зогсоол <ins>
сүлжээний	сүлжээ <gen>
ноёныг	ноён <acc>
ормоос	ором <abl>
бариатай	бариа <com>
мэдүүлгээ	мэдүүлэг <voc>
төөрөгдөлд	төөрөгдөл <dat>
баатрын	баатар <gen>
хүзүүнд	хүзүү <dat>
дөнжтэй	дөнжөө <com>
цуглуулгаас	цуглуулга <abl>
дуслаар	дусал <ins>
дадалтай	дадал <com>
индукцээр	индукц <ins>
хариуцагчийг	хариуцагч <acc>
товхимлоо	товхимол <voc>
бадгийн	бадаг <gen>
урхинд	урхи <dat>
хонхтой	хонх <com>
оёдолтой	оёдол <com>
гүнд	гүн <dat>
дадлыг	дадал <acc>
хамтралаар	хамтрал <ins>
салаагаар	салаа <ins>
хулганаар	хулгана <ins>
таазны	тааз <gen>
газраар	газар <ins>
сүлжээнд	сүлжээ <dat>
гаргалтаас	гаргалт <abl>
атаархлыг	атаархал <acc>
арбитраар	арбитр <ins>
битүүлэгт	битүүлэг <dat>
зээрэнцэгтэй	зээрэнцэг <com>
агаараа	агаар <voc>
мөгөөрстэй	мөгөөрс <com>
устгалаар	устгал <ins>
банкнаас	банк <abl>
цэнэглэгчийн	цэнэглэгч <gen>
ёроолын	ёроол <gen>
соруултай	соруул <com>
гадрын	гадар <gen>
оргуулаар	оргуул <ins>
тунхгийн	тунхаг <gen>
гайхамшгийг	гайхамшиг <acc>
үлгэртэй	үлгэр <com>
төгсгөлд	төгсгөл <dat>
жадаар	жад <ins>
графикаар	график <ins>
гадаргатай	гадарга <com>
алхааг	алхаа <acc>
продакшнтай	продакшн <com>
дуунаас	дуу <abl>
ахмадаа	ахмад <voc>
хөтлөгчийн	хөтлөгч <gen>
үүдээр	үүд <ins>
гүйлттэй	гүйлт <com>
шинэчлэлийг	шинэчлэл <acc>
шүүлтийн	шүүлт <gen>
дүнгээр	дүн <ins>
мэхээ	мэх <voc>
клубээ	клуб <voc>
уулчны	уулчин <gen>
тэнхлэгээр	тэнхлэг <ins>
дохиурт	дохиур <dat>
ажиглалтад	ажиглалт <dat>
зохиомжид	зохиомж <dat>
хүйтнээ	хүйтэн <voc>
хуурайгаар	хуурай <ins>
цээжний	цээж <gen>
жимээс	жим <abl>
үнсэлтийн	үнсэлт <gen>
тэсвэрээр	тэсвэр <ins>
засварчны	засварчин <gen>
трамвайд	трамвай <dat>
сампингийн	сампин <gen>
хурдасгууртай	хурдасгуур <com>
дайралтаас	дайралт <abl>
нийтлэлийг	нийтлэл <acc>
бартаагаа	бартаа <voc>
тодорхойлолтоос	тодорхойлолт <abl>
зардалтай	зардал <com>
түрийвчнээс	түрийвч <abl>
шингэлтээс	шингэлт <abl>
товчлолын	товчлол <gen>
иогийг	иог <acc>
зүслэгийн	зүслэг <gen>
хоцрогчоо	хоцрогч <voc>
найдварыг	найдвар <acc>
захиалагчаа	захиалагч <voc>
амбаарын	амбаар <gen>
организмоос	организм <abl>
зааварчилгааг	зааварчилгаа <acc>
шинжтэй	шинж <com>
моодыг	моод <acc>
тоглоомд	тоглоом <dat>
найрлагад	найрлага <dat>
уриалгаас	уриалга <abl>
хөршийг	хөрш <acc>
бололцооны	бололцоо <gen>
керамикийг	керамик <acc>
циркт	цирк <dat>
үнэмшилд	үнэмшил <dat>
дүүргэлтэд	дүүргэлт <dat>
үүсгүүрт	үүсгүүр <dat>
өвгөнөөс	өвгөн <abl>
зангилааг	зангилаа <acc>
завхайрлыг	завхайрал <acc>
мансуурлыг	мансуурал <acc>
хулуугаа	хулуу <voc>
хоньчноор	хоньчин <ins>
бутны	бут <gen>
зэвд	зэв <dat>
тэмүүлэлд	тэмүүлэл <dat>
шалгалтын	шалгалт <gen>
горимыг	горим <acc>
тангаргийн	тангараг <gen>
цэцэгжүүлэлтийн	цэцэгжүүлэлт <gen>
самбарт	самбар <dat>
урсгалд	урсгал <dat>
кодтой	код <com>
найдварын	найдвар <gen>
хүчээр	хүчээр <ins>
оройгоо	орой <voc>
слайдаас	слайд <abl>
цуглуулагчаас	цуглуулагч <abl>
давсаа	давс <voc>
сойзноос	сойз <abl>
сөнөөгчөөр	сөнөөгч <ins>
дадлагын	дадлага <gen>
донсолгоогоор	донсолгоо <ins>
сампингаас	сампин <abl>
давтлагын	давтлага <gen>
сэргээшээр	сэргээш <ins>
саатай	саа <com>
арилжааны	арилжаа <gen>
мэрийлтээс	мэрийлт <abl>
дэмжлэгийг	дэмжлэг <acc>
эрдэст	эрдэс <dat>
цагцгайг	цагцгай <acc>
заагчийг	заагч <acc>
ижилсэлд	ижилсэл <dat>
тэнгэрт	тэнгэр <dat>
отрядоос	отряд <abl>
таазаа	тааз <voc>
тэргүүлэгчийн	тэргүүлэгч <gen>
өмчийг	өмч <acc>
исгээс	исэг <abl>
духтай	дух <com>
зохицуулалтаас	зохицуулалт <abl>
доромжлолд	доромжлол <dat>
босгод	босго <dat>
жагсаалаар	жагсаал <ins>
аялгуугаар	аялгуу <ins>
хөргөө	хөрөг <voc>
дилертэй	дилер <com>
хавирганд	хавирга <dat>
тэлээг	тэлээ <acc>
суудлыг	суудал <acc>
борлуулалтаар	борлуулалт <ins>
манлайлагчтай	манлайлагч <com>
чулуугаар	чулуу <ins>
балеттай	балет <com>
нягтшилаар	нягтшил <ins>
хойгоор	хойг <ins>
хагацлаар	хагацал <ins>
хөдөлгөгчтэй	хөдөлгөгч <com>
унагыг	унага <acc>
бэлийн	бэл <gen>
хамтатгалаас	хамтатгал <abl>
онтой	он <com>
асарт	асар <dat>
зулайтай	зулай <com>
буурийг	буурь <acc>
өндгөвчийг	өндгөвч <acc>
үйлийн	үйл <gen>
бадмаарагт	бадмаараг <dat>
шүвтэртэй	шүвтэр <com>
салын	сал <gen>
дэрээс	дэр <abl>
харилцуураас	харилцуур <abl>
үнэлэлтийг	үнэлэлт <acc>
тэмцээнтэй	тэмцээн <com>
шарыг	шар <acc>
өмчөө	өмч <voc>
шүүгчтэй	шүүгч <com>
нэхэмжлэгчээ	нэхэмжлэгч <voc>
хэргээс	хэрэг <abl>
ятгалгатай	ятгалга <com>
үзэсгэлэнг	үзэсгэлэн <acc>
тулгуураас	тулгуур <abl>
тусламжаар	тусламж <ins>
засалтын	засалт <gen>
эргээс	эрэг <abl>
хангамжаар	хангамж <ins>
чивчүүрээс	чивчүүр <abl>
бээлийн	бээлий <gen>
завсарлагатай	завсарлага <com>
баазад	бааз <dat>
логиктой	логик <com>
хасалтын	хасалт <gen>
бөгжний	бөгж <gen>
үүсгүүртэй	үүсгүүр <com>
харшилдаанаа	харшилдаан <voc>
дүгнэлтээс	дүгнэлт <abl>
далайчинтай	далайчин <com>
шүршигчээс	шүршигч <abl>
этүүрээр	этүүр <ins>
тэнгэрээр	тэнгэр <ins>
харагдцыг	харагдац <acc>
биллиардыг	биллиард <acc>
эвлэрүүлэгчид	эвлэрүүлэгч <dat>
оёдлоор	оёдол <ins>
асфальттай	асфальт <com>
ажлын	ажил <gen>
хамгаалалтаас	хамгаалалт <abl>
нөхвөрт	нөхвөр <dat>
бүтэлгүйтлээр	бүтэлгүйтэл <ins>
иллэгийг	иллэг <acc>
хурднаас	хурд <abl>
пинд	пин <dat>
сумангаа	суман <voc>
ангилалттай	ангилалт <com>
цилиндрт	цилиндр <dat>
битүүлгийн	битүүлэг <gen>
төлгийг	төлөг <acc>
шатаагчийн	шатаагч <gen>
найзаас	найз <abl>
эмнэлгээ	эмнэлэг <voc>
мэтгэлцээнд	мэтгэлцээн <dat>
үсрэлттэй	үсрэлт <com>
салаагаа	салаа <voc>
чанарт	чанар <dat>
ялгалттай	ялгалт <com>
ногтоо	ногт <voc>
хагаралтай	хагарал <com>
чихнээс	чих <abl>
засвараар	засвар <ins>
диаметрт	диаметр <dat>
шүлэгчтэй	шүлэгч <com>
зааварчилгаанд	зааварчилгаа <dat>
төмөрт	төмөр <dat>
хөдөлмөрчнөө	хөдөлмөрчин <voc>
сургалтаас	сургалт <abl>
бүрээсийг	бүрээс <acc>
ахын	ах <gen>
чивчүүрт	чивчүүр <dat>
бөндгөрийн	бөндгөр <gen>
жишээний	жишээ <gen>
гашуудлыг	гашуудал <acc>
тээвэрлэлтийг	тээвэрлэлт <acc>
цэврүүнд	цэврүү <dat>
материализмд	материализм <dat>
хэмжээсээ	хэмжээс <voc>
рационализмд	рационализм <dat>
хэвшлээс	хэвшил <abl>
иогоор	иог <ins>
залгамжлагчаас	залгамжлагч <abl>
медальтай	медаль <com>
ааваар	аав <ins>
нөхрийн	нөхөр <gen>
төвлөрүүлэлтээс	төвлөрүүлэлт <abl>
бүйлсэнд	бүйлс <dat>
хөөрөлтөө	хөөрөлт <voc>
харьяаллаар	харьяалал <ins>
завийг	завь <acc>
зотонтой	зотон <com>
харшилд	харшил <dat>
гавьяаны	гавьяа <gen>
хочноос	хоч <abl>
улирлыг	улирал <acc>
хориглолтоо	хориглолт <voc>
тоглолтод	тоглолт <dat>
кассыг	касс <acc>
язгууртны	язгууртан <gen>
тэмцэгчийн	тэмцэгч <gen>
манлайлагчийг	манлайлагч <acc>
бүрээстэй	бүрээс <com>
мөчлөгийн	мөчлөг <gen>
хэмнэлтээ	хэмнэлт <voc>
совингоо	совин <voc>
шалтгаанд	шалтгаан <dat>
шүршүүрийн	шүршүүр <gen>
уяатай	уяа <com>
бичилтээс	бичилт <abl>
сэжүүрийг	сэжүүр <acc>
хайрцгийн	хайрцаг <gen>
тогтворжилтыг	тогтворжилт <acc>
ялагдагчаа	ялагдагч <voc>
уусмалаа	уусмал <voc>
наадмаас	наадам <abl>
ганхалтаар	ганхалт <ins>
савлуураар	савлуур <ins>
гивлүүртэй	гивлүүр <com>
сойзоо	сойз <voc>
тоолуураас	тоолуур <abl>
дээрмээр	дээрэм <ins>
инерцэд	инерц <dat>
болзооны	болзоо <gen>
сонирхогчтой	сонирхогчийн <com>
бэлхүүсэвчид	бэлхүүсэвч <dat>
гэрлийн	гэрэл <gen>
тосны	тос <gen>
сорвиор	сорви <ins>
самбарыг	самбар <acc>
амбаараа	амбаар <voc>
хацартай	хацар <com>
танилцуулгыг	танилцуулга <acc>
бариачаас	бариач <abl>
бөгжөөр	бөгж <ins>
маргааны	маргаан <gen>
коллежод	коллеж <dat>
радиусыг	радиус <acc>
хуйвалдаанаар	хуйвалдаан <ins>
дүүргэлтээр	дүүргэлт <ins>
ялагдалтай	ялагдал <com>
луунд	луу <dat>
цаастай	цаас <com>
мэдээг	мэдээ <acc>
заналхийллээр	заналхийлэл <ins>
судалтай	судал <com>
хүйтнээр	хүйтэн <ins>
капитализмаар	капитализм <ins>
түнштэй	түнш <com>
арлаар	арал <ins>
дээстэй	дээс <com>
цаасаа	цаас <voc>
заагтай	зааг <com>
шүдний	шүд <gen>
цэрдийн	цэрд <gen>
зэсээр	зэс <ins>
тээвэрлэлттэй	тээвэрлэлт <com>
хөдөлгүүрт	хөдөлгүүр <dat>
идэгдлийн	идэгдэл <gen>
зорилгод	зорилго <dat>
хадаасаар	хадаас <ins>
толгойтой	толгой <com>
язгууртнаа	язгууртан <voc>
бээлийтэй	бээлий <com>
дэлбэрэлтээс	дэлбэрэлт <abl>
төсөөлөлтэй	төсөөлөл <com>
бэсрэгт	бэсрэг <dat>
танканд	танк <dat>
хүчнээс	хүч <abl>
заламгайг	заламгай <acc>
тохируулгатай	тохируулга <com>
харьцуулалтыг	харьцуулалт <acc>
кофегоор	кофе <ins>
найрууламжийг	найрууламж <acc>
туйлтай	туйл <com>
уултай	уул <com>
бүтцийг	бүтэц <acc>
мөрдлөгөөр	мөрдлөг <ins>
тайтгаралд	тайтгарал <dat>
ажиглагчаас	ажиглагч <abl>
тэргэнд	тэрэг <dat>
пайзаар	пайз <ins>
тархалтаас	тархалт <abl>
гагнуурын	гагнуур <gen>
санхүүг	санхүү <acc>
халдлагаар	халдлага <ins>
жолоогоор	жолоо <ins>
үйлдлийн	үйлдэл <gen>
шувуугаа	шувуу <voc>
шүүмжлэлээ	шүүмжлэл <voc>
индекстэй	индекс <com>
архитектуртай	архитектур <com>
үсэглэлээ	үсэглэл <voc>
ойгоо	ой <voc>
цоожоо	цоож <voc>
заламгайнаас	заламгай <abl>
цилиндрийг	цилиндр <acc>
үйсээ	үйс <voc>
ургамлыг	ургамал <acc>
голомтоор	голомт <ins>
өнгөний	өнгө <gen>
хөхөвчөөр	хөхөвч <ins>
шаналалтай	шаналал <com>
исэлтэд	исэлт <dat>
шударгад	шударга <dat>
хуваагдлаар	хуваагдал <ins>
давталтад	давталт <dat>
тосгоноос	тосгон <abl>
нягтралтай	нягтрал <com>
өөрчлөгчөөс	өөрчлөгч <abl>
нөхөрлөлөөр	нөхөрлөл <ins>
сургамжаар	сургамж <ins>
дэмжлэгээ	дэмжлэг <voc>
тахиаг	тахиа <acc>
хэрчдэсээс	хэрчдэс <abl>
хайлтаа	хайлт <voc>
хормойг	хормой <acc>
хангалтыг	хангалт <acc>
агшилтын	агшилт <gen>
амьдралаа	амьдрал <voc>
шошгоос	шошго <abl>
хоолойд	хоолой <dat>
тээвэртэй	тээвэр <com>
гэрчийг	гэрч <acc>
янданд	яндан <dat>
дутагдалтай	дутагдал <com>
сонирхогчоор	сонирхогч <ins>
тогтвортой	тогтвор <com>
зэвсэгт	зэвсэг <dat>
үүлний	үүл <gen>
өгөгдлийн	өгөгдөл <gen>
майхныг	майхан <acc>
гэрээтэй	гэрээ <com>
мөнхтэй	мөнх <com>
посттой	пост <com>
индүүдлэгээс	индүүдлэг <abl>
тагтаагаа	тагтаа <voc>
гитарын	гитар <gen>
савхийг	савхи <acc>
сөргөлдөөний	сөргөлдөөн <gen>
геологиор	геологи <ins>
алдаатай	алдаа <com>
сануулгаар	сануулга <ins>
гичийн	гичий <gen>
шаазангаар	шаазан <ins>
худалдаанаас	худалдаа <abl>
оосрын	оосор <gen>
хүлээсээр	хүлээс <ins>
чийгээс	чийг <abl>
эвэрлэгт	эвэрлэг <dat>
мөрдөлттэй	мөрдөлт <com>
сонирхогчид	сонирхогч <dat>
таглаанд	таглаа <dat>
гаргалтын	гаргалт <gen>
зүгээ	зүг <voc>
өмхийд	өмхий <dat>
өмсгөлөөс	өмсгөл <abl>
өгүүлбэрээ	өгүүлбэр <voc>
судлагчийг	судлагч <acc>
барцдаа	барцад <voc>
сэлмээс	сэлэм <abl>
ангилалтад	ангилалт <dat>
ангийн	анги <gen>
хоолойг	хоолой <acc>
тэгтэй	тэг <com>
мэхлэлтэд	мэхлэлт <dat>
дампуурлаар	дампуурал <ins>
боолыг	боол <acc>
гажигтай	гажиг <com>
дуншилтыг	дуншилт <acc>
үзүүлбэрээ	үзүүлбэр <voc>
байлдагчаар	байлдагч <ins>
хурандаагаа	хурандаа <voc>
тохойтой	тохой <com>
байгууллагатай	байгууллага <com>
бараанаас	бараа <abl>
туршлагын	туршлага <gen>
бүсгүйн	бүсгүй <gen>
өмгөөлөгчийн	өмгөөлөгч <gen>
дарааны	дараа <gen>
чидунд	чидун <dat>
нүүдлээр	нүүдэл <ins>
үлгэрээс	үлгэр <abl>
төлөгчөөс	төлөгч <abl>
зардлын	зардал <gen>
эндлээ	эндэл <voc>
сургаалтай	сургаал <com>
өвгөнөөр	өвгөн <ins>
шийрийг	шийр <acc>
тусгалын	тусгал <gen>
сануулгаас	сануулга <abl>
эшлэлтэй	эшлэл <com>
хаягдалд	хаягдал <dat>
зардлыг	зардал <acc>
угжинд	угж <dat>
зугаатай	зугаа <com>
тэмцээнийг	тэмцээн <acc>
курсээр	курс <ins>
казиногийн	казино <gen>
үнэмшлийг	үнэмшил <acc>
гимнастикийг	гимнастик <acc>
судалгаатай	судалгаа <com>
санаачлагчаар	санаачлагч <ins>
жаднаас	жад <abl>
мэрэгчээ	мэрэгч <voc>
өгөөшөөр	өгөөш <ins>
хандивлагчид	хандивлагч <dat>
пингээс	пин <abl>
тэрэгнээс	тэрэг <abl>
шугуйтай	шугуй <com>
түрийвчийг	түрийвч <acc>
шархлаанд	шархлаа <dat>
тооны	тоо <gen>
хорвоогоор	хорвоо <ins>
хурдасгуурт	хурдасгуур <dat>
өмхийийг	өмхий <acc>
хувьсгалд	хувьсгал <dat>
дэгээнээс	дэгээ <abl>
зангааны	зангаа <gen>
эрхлэгчээр	эрхлэгч <ins>
шохойгоор	шохой <ins>
биежилтэд	биежилт <dat>
хочоор	хоч <ins>
сунгалтаар	сунгалт <ins>
кабелиар	кабель <ins>
гологдолтой	гологдол <com>
тохиролцооны	тохиролцоо <gen>
эрмэлзлээ	эрмэлзэл <voc>
баганаа	багана <voc>
шившигт	шившиг <dat>
тариачныг	тариачин <acc>
цэвэрлэгээгээ	цэвэрлэгээ <voc>
хамрыг	хамар <acc>
сүмийг	сүм <acc>
донсолгооны	донсолгоо <gen>
сэжигтэнд	сэжигтэн <dat>
хуримаар	хурим <ins>
өвгөнд	өвгөн <dat>
өчигдрөө	өчигдөр <voc>
эгчээс	эгч <abl>
бөөмөө	бөөм <voc>
гялбааны	гялбаа <gen>
хуйлаасыг	хуйлаас <acc>
зөрчигчид	зөрчигч <dat>
хамрын	хамар <gen>
тэгшитгэлтэй	тэгшитгэл <com>
мэтгэлцэгчийг	мэтгэлцэгч <acc>
үлгэрээр	үлгэр <ins>
тэмдэглэлээс	тэмдэглэл <abl>
ангид	анги <dat>
сүсгийг	сүсэг <acc>
эндэлтэй	эндэл <com>
мастертай	мастер <com>
сорилтын	сорилт <gen>
нумны	нум <gen>
хайрсаар	хайрс <ins>
харууслын	харуусал <gen>
гуанаас	гуа <abl>
үсчинтэй	үсчин <com>
туршуулыг	туршуул <acc>
зуслангаар	зуслан <ins>
эрэгчнээс	эрэгчин <abl>
худалдаачныг	худалдаачин <acc>
бичвэрийн	бичвэр <gen>
үгүйсгэлтэй	үгүйсгэл <com>
наадмаар	наадам <ins>
оролдлогын	оролдлого <gen>
исэлдэлттэй	исэлдэлт <com>
хавчийг	хавч <acc>
хөөсөнд	хөөс <dat>
эхлэлд	эхлэл <dat>
илэрхийллээр	илэрхийлэл <ins>
мөргөлдөөний	мөргөлдөөн <gen>
тавилангийн	тавилан <gen>
хэлцлээр	хэлцэл <ins>
боржингоо	боржин <voc>
шүүрээр	шүүр <ins>
цацрагаас	цацраг <abl>
ангилалтын	ангилалт <gen>
цээрээр	цээр <ins>
солироос	солир <abl>
далангаас	далан <abl>
хорвоогоо	хорвоо <voc>
тэргүүлэгчээр	тэргүүлэгч <ins>
зөвшөөрлөөр	зөвшөөрөл <ins>
зотонгоос	зотон <abl>
найдвараа	найдвар <voc>
таханд	тах <dat>
өнгөөр	өнгө <ins>
бодолттой	бодолт <com>
эзэгнэлтэй	эзэгнэл <com>
алиалагчтай	алиалагч <com>
худалдагчаар	худалдагч <ins>
дамнуургаар	дамнуурга <ins>
гологдлоо	гологдол <voc>
гашуудлаар	гашуудал <ins>
шинжээр	шинж <ins>
гачигдлын	гачигдал <gen>
тасгийг	тасаг <acc>
зээлдүүлэгчийг	зээлдүүлэгч <acc>
шийдвэрт	шийдвэр <dat>
биологитой	биологи <com>
ургацыг	ургац <acc>
даргатай	дарга <com>
ертөнцөд	ертөнц <dat>
авсаа	авс <voc>
системээр	систем <ins>
мэдэгдлийг	мэдэгдэл <acc>
хатуужилд	хатуужил <dat>
түгжээтэй	түгжээ <com>
зэвээс	зэв <abl>
зогсоцтой	зогсоц <com>
тосноос	тос <abl>
сүйтэй	сүй <com>
хүрхрээнд	хүрхрээ <dat>
хөгжимчинтэй	хөгжимчин <com>
чуулгын	чуулга <gen>
өөрчлөгчийг	өөрчлөгч <acc>
найруулгад	найруулга <dat>
хамелеоноо	хамелеон <voc>
өлсгөлөнд	өлсгөлөн <dat>
хөнөөлийн	хөнөөл <gen>
шошгоор	шошго <ins>
хасалтаас	хасалт <abl>
спиртэд	спирт <dat>
эхнэрийг	эхнэр <acc>
асфальтад	асфальт <dat>
гадилаас	гадил <abl>
хүчээ	хүчээр <voc>
бээлийгээс	бээлий <abl>
татвартай	татвар <com>
ноёнд	ноён <dat>
хоршлыг	хоршил <acc>
эзэмшигчээр	эзэмшигч <ins>
төмөртэй	төмөр <com>
угаалтуураас	угаалтуур <abl>
луувангийн	лууван <gen>
таргын	тарга <gen>
клубээр	клуб <ins>
алхаагаа	алхаа <voc>
ичээнд	ичээ <dat>
дуулгатай	дуулга <com>
дэгээгээр	дэгээ <ins>
ёслолоор	ёслол <ins>
урамшууллаа	урамшуулал <voc>
гадсаа	гадас <voc>
үйсээр	үйс <ins>
тоншуулын	тоншуул <gen>
дайчны	дайчин <gen>
мөөгөө	мөөг <voc>
дизайнераар	дизайнер <ins>
улиралтай	улирал <com>
зурхайтай	зурхай <com>
тойргоос	тойрог <abl>
гарзтай	гарз <com>
хошинд	хошин <dat>
титэмд	титэм <dat>
цаазын	цааз <gen>
зүлэгтэй	зүлэг <com>
аалзыг	аалз <acc>
тэмтрүүлээ	тэмтрүүл <voc>
хөрөнгөтний	хөрөнгөтөн <gen>
мөргөлтэй	мөргөл <com>
чансаанд	чансаа <dat>
бөглөөг	бөглөө <acc>
гурвалд	гурвал <dat>
байгальд	байгаль <dat>
тавын	тав <gen>
сөргөлдөөнөөр	сөргөлдөөн <ins>
араншингаа	араншин <voc>
тооцооллоор	тооцоолол <ins>
явуулгын	явуулга <gen>
хушганаас	хушга <abl>
хасалтад	хасалт <dat>
үзүүлбэртэй	үзүүлбэр <com>
бүйлсээс	бүйлс <abl>
гишүүнийг	гишүүн <acc>
эвслээ	эвсэл <voc>
жүжигчнээс	жүжигчин <abl>
командлагчаар	командлагч <ins>
багтаамжийн	багтаамж <gen>
уцаарын	уцаар <gen>
буудлаар	буудал <ins>
заналхийллийн	заналхийлэл <gen>
зарлалаа	зарлал <voc>
цуурайд	цуурай <dat>
бичээчээс	бичээч <abl>
цэнэглэгчээ	цэнэглэгч <voc>
илэрхийллээс	илэрхийлэл <abl>
цохилттой	цохилт <com>
харагдцаар	харагдац <ins>
өөрчлөгчөөр	өөрчлөгч <ins>
үсэглэлээр	үсэглэл <ins>
дүрмийн	дүрэм <gen>
загасчнаа	загасчин <voc>
дизайнерыг	дизайнер <acc>
хөгжлийг	хөгжил <acc>
булингарыг	булингар <acc>
тамхитай	тамхи <com>
далайчны	далайчин <gen>
зугтлагаас	зугтлага <abl>
таамагтай	таамаг <com>
мэдээллээс	мэдээлэл <abl>
довтолгооноос	довтолгоо <abl>
тогтолцоогоо	тогтолцоо <voc>
даяанчаа	даяанч <voc>
сагагаас	сагаг <abl>
хочны	хоч <gen>
мөрдлөгөө	мөрдлөг <voc>
ашгаа	ашиг <voc>
чансаатай	чансаа <com>
уутны	уут <gen>
мэдүүлгээр	мэдүүлэг <ins>
шөлний	шөл <gen>
тоолууртай	тоолуур <com>
цулбуураа	цулбуур <voc>
клиникээр	клиник <ins>
нягтшилтай	нягтшил <com>
зарчмаас	зарчим <abl>
мөрдөстэй	мөрдөс <com>
автай	ав <com>
задралаа	задрал <voc>
гэгээрлийг	гэгээрэл <acc>
машинаас	машин <abl>
протоколын	протокол <gen>
ваараар	ваар <ins>
хөшүүрэгт	хөшүүрэг <dat>
мөрөөдлийг	мөрөөдөл <acc>
байгалийг	байгаль <acc>
эсээ	эс <voc>
тугалганы	тугалга <gen>
хязгаарлалаас	хязгаарлал <abl>
ахмадад	ахмад <dat>
хагарлыг	хагарал <acc>
амралттай	амралт <com>
фракцын	фракц <gen>
заламгайд	заламгай <dat>
атгаар	атга <ins>
газартай	газар <com>
илгээмжээр	илгээмж <ins>
бөглөөнд	бөглөө <dat>
совинг	совин <acc>
давтлагыг	давтлага <acc>
бамбарт	бамбар <dat>
эрэгчинд	эрэгчин <dat>
инээмсэглэлд	инээмсэглэл <dat>
чөлөөнөөс	чөлөө <abl>
заншлаа	заншил <voc>
холбооноос	холбоо <abl>
өвөөр	өв <ins>
хөхөнд	хөх <dat>
эргэлзээтэй	эргэлзээ <com>
тотемоор	тотем <ins>
даралтаар	даралт <ins>
сүүгээр	сүү <ins>
гажгийг	гажиг <acc>
хонгонд	хонго <dat>
хориглолтоор	хориглолт <ins>
анхааруулгаа	анхааруулга <voc>
зөрчигчөөр	зөрчигч <ins>
уулзвараар	уулзвар <ins>
буурцгийн	буурцаг <gen>
даажигналтай	даажигнал <com>
оношоор	онош <ins>
дуулиар	дууль <ins>
байршлаа	байршил <voc>
хийсвэрлэлээс	хийсвэрлэл <abl>
ваараас	ваар <abl>
араагаа	араа <voc>
жараахайгаар	жараахай <ins>
бичгийг	бичиг <acc>
шарын	шар <gen>
болроо	болор <voc>
харуултай	харуул <com>
шпагеттинаас	шпагетти <abl>
нийцлийг	нийцэл <acc>
эмэгчнээс	эмэгчин <abl>
зэрэглээг	зэрэглээ <acc>
архитектураа	архитектур <voc>
дамжаагаа	дамжаа <voc>
захиргаагаа	захиргаа <voc>
видеоны	видео <gen>
гүзээлзгэнийн	гүзээлзгэнэ <gen>
шүгэлтэй	шүгэл <com>
эзэнд	эзэн <dat>
тунадсаар	тунадас <ins>
карантинаас	карантин <abl>
шилжилтээс	шилжилт <abl>
анкетын	анкет <gen>
луйварчинд	луйварчин <dat>
залиар	заль <ins>
сурталчилгаагаа	сурталчилгааны <voc>
үечлэлийг	үечлэл <acc>
алтнаас	алт <abl>
гүйцэтгэлээр	гүйцэтгэл <ins>
бариулаа	бариул <voc>
цөмийн	цөм <gen>
туршуулын	туршуул <gen>
дарцгаа	дарцаг <voc>
эзэмшигчийн	эзэмшигч <gen>
хүчилтөрөгчөө	хүчилтөрөгч <voc>
нугаснаас	нугас <abl>
таамгаас	таамаг <abl>
үсэглэлийг	үсэглэл <acc>
хэрэгжилтээр	хэрэгжилт <ins>
эргэлзээний	эргэлзээ <gen>
хэмжүүрээ	хэмжүүр <voc>
шүлсийг	шүлс <acc>
жинлүүрээ	жинлүүр <voc>
хоолойгоос	хоолой <abl>
уурагт	уураг <dat>
өмгөөлөгчөө	өмгөөлөгч <voc>
академийг	академи <acc>
хөдөлмөрөөр	хөдөлмөр <ins>
амьжиргаагаа	амьжиргаа <voc>
идеализмтай	идеализм <com>
үзүүлэнтэй	үзүүлэн <com>
үндэслэлээс	үндэслэл <abl>
жоотуутай	жоотуу <com>
мөсийг	мөс <acc>
хорхойг	хорхой <acc>
хурдасгагчаас	хурдасгагч <abl>
томуунаас	томуу <abl>
тамд	там <dat>
этүүртэй	этүүр <com>
таргалалтын	таргалалт <gen>
дадлагаас	дадлага <abl>
түншээр	түнш <ins>
үйлчилгээтэй	үйлчилгээ <com>
дураа	дураараа <voc>
эрхшээлээр	эрхшээл <ins>
дэрээ	дэр <voc>
дуншилтад	дуншилт <dat>
хавтсаар	хавтас <ins>
компьютерт	компьютер <dat>
үүсгүүрийн	үүсгүүр <gen>
гулсуураар	гулсуур <ins>
эргүүлийн	эргүүл <gen>
хошингоо	хошин <voc>
гүзээлзгэнээс	гүзээлзгэнэ <abl>
армиар	арми <ins>
пивотой	пиво <com>
үнээс	үнэ <abl>
даланд	далан <dat>
харилцааны	харилцаа <gen>
намтарт	намтар <dat>
нэмэлтийг	нэмэлт <acc>
дампуурлыг	дампуурал <acc>
мориор	морь <ins>
заагчаа	заагч <voc>
сонгиныг	сонгино <acc>
шоргоолжийг	шоргоолж <acc>
уурхайчнаа	уурхайчин <voc>
шарилаар	шарил <ins>
ханиадыг	ханиад <acc>
цөснөөс	цөс <abl>
шинэтгэлтэй	шинэтгэл <com>
шүтэлцээнээс	шүтэлцээ <abl>
гэрлээр	гэрэл <ins>
эргүүлгээс	эргүүлэг <abl>
шийдэд	шийд <dat>
тайлбарын	тайлбар <gen>
атгын	атга <gen>
таазыг	тааз <acc>
тэнхлэгтэй	тэнхлэг <com>
ариутгалтай	ариутгал <com>
баазын	бааз <gen>
болжморт	болжмор <dat>
цуурайтай	цуурай <com>
босуулд	босуул <dat>
бухимдлаас	бухимдал <abl>
дүгнэлтээ	дүгнэлт <voc>
шошгод	шошго <dat>
соёлоо	соёл <voc>
хайлшаа	хайлш <voc>
манангаар	манан <ins>
гаригаа	гариг <voc>
дэлхийтэй	дэлхий <com>
барилгын	барилга <gen>
зүслэгээ	зүслэг <voc>
цуваатай	цуваа <com>
сархдыг	сархад <acc>
зуунд	зуун <dat>
дэвсгэрийн	дэвсгэр <gen>
зөвлөмжтэй	зөвлөмж <com>
мэргэшлээ	мэргэшил <voc>
бөмбөрцгийн	бөмбөрцөг <gen>
кофеноос	кофе <abl>
гялтгануураар	гялтгануур <ins>
аймгаас	аймаг <abl>
холбоосны	холбоос <gen>
үеэлээр	үеэл <ins>
самны	сам <gen>
хүзүүг	хүзүү <acc>
засварын	засвар <gen>
гөрөөгөөр	гөрөө <ins>
тэгшитгэлд	тэгшитгэл <dat>
жүчээнд	жүчээ <dat>
боксоор	бокс <ins>
шавраас	шавар <abl>
заншлыг	заншил <acc>
сүйрлийг	сүйрэл <acc>
өмгөөлөгчөөс	өмгөөлөгч <abl>
илбээр	илбэ <ins>
дуншилтаа	дуншилт <voc>
пальтоны	пальто <gen>
үсэглэлийн	үсэглэл <gen>
харьцууллын	харьцуулал <gen>
буурцагт	буурцаг <dat>
хязгаарлалаар	хязгаарлал <ins>
эргэлтийг	эргэлт <acc>
сүлжээтэй	сүлжээ <com>
инерцээр	инерц <ins>
оргуулыг	оргуул <acc>
намгаас	намаг <abl>
хэрэглэгчээ	хэрэглэгч <voc>
баривчилгаатай	баривчилгаа <com>
студитэй	студи <com>
тамхичнаа	тамхичин <voc>
цөлөө	цөл <voc>
зөнд	зөн <dat>
гүйлтийн	гүйлт <gen>
хатгамлын	хатгамал <gen>
шумуулыг	шумуул <acc>
уутнаас	уут <abl>
сорилтоос	сорилт <abl>
социализмд	социализм <dat>
дуулгаар	дуулга <ins>
хэвлэгчээ	хэвлэгч <voc>
үйлдвэрлэгчээ	үйлдвэрлэгч <voc>
гэрлэлтийн	гэрлэлт <gen>
нягтаршлаас	нягтаршил <abl>
томуугаар	томуу <ins>
ухаарлаас	ухаарал <abl>
сүүдрэвчид	сүүдрэвч <dat>
ачаанд	ачаа <dat>
зуучлагчийг	зуучлагч <acc>
эрхшээлээс	эрхшээл <abl>
гитартай	гитар <com>
гүжирдлэгээ	гүжирдлэг <voc>
онооноос	оноо <abl>
соёотой	соёо <com>
тохиргоогоор	тохиргоо <ins>
хотжилтоос	хотжилт <abl>
оношноос	онош <abl>
хашлагатай	хашлага <com>
үнэрийг	үнэр <acc>
дагагчтай	дагагч <com>
сэтгэгдэлтэй	сэтгэгдэл <com>
оюутнаа	оюутан <voc>
зөрчилдөөнтэй	зөрчилдөөн <com>
цагцгайд	цагцгай <dat>
ялгаруулалтаа	ялгаруулалт <voc>
мандолинтай	мандолин <com>
эргэлтээс	эргэлт <abl>
хамгаалалтыг	хамгаалалт <acc>
маркийн	марк <gen>
маягийн	маяг <gen>
цилиндрээ	цилиндр <voc>
алдагдлын	алдагдал <gen>
дуализмтай	дуализм <com>
семинарын	семинар <gen>
бүлүүрээ	бүлүүр <voc>
дуализмд	дуализм <dat>
исэлдэлтийн	исэлдэлт <gen>
тамхичнаас	тамхичин <abl>
хадгалалтыг	хадгалалт <acc>
мандолинаас	мандолин <abl>
бүтцийн	бүтэц <gen>
үхлээр	үхэл <ins>
арсланд	арслан <dat>
гимнастикаа	гимнастик <voc>
тархалтын	тархалт <gen>
зэрэглэлээр	зэрэглэл <ins>
тотио	тоть <voc>
хэрэглэгчээс	хэрэглэгч <abl>
тогоочоос	тогооч <abl>
туулийн	тууль <gen>
компанийн	компани <gen>
сайдад	сайд <dat>
ээлжид	ээлж <dat>
маажингаа	маажин <voc>
тэгшитгэлийн	тэгшитгэл <gen>
хөдөлгөгчийн	хөдөлгөгч <gen>
бижрүүгээр	бижрүү <ins>
төсвийг	төсөв <acc>
иргэнээ	иргэн <voc>
эвсэлтэй	эвсэл <com>
сэргээлтэд	сэргээлт <dat>
найртай	найр <com>
цардуулаа	цардуул <voc>
гавлыг	гавал <acc>
гивлүүрийн	гивлүүр <gen>
шээсний	шээс <gen>
хүндэтгэлээс	хүндэтгэл <abl>
шуудуугаа	шуудуу <voc>
хайгуулаас	хайгуул <abl>
сонсогчоор	сонсогч <ins>
цочролоор	цочрол <ins>
дамнуургын	дамнуурга <gen>
цайзын	цайз <gen>
цахлайгаа	цахлай <voc>
кофейнд	кофейн <dat>
хацарт	хацар <dat>
оргодлыг	оргодол <acc>
уранаа	уран <voc>
тохироотой	тохироо <com>
долгионоор	долгион <ins>
дэлд	дэл <dat>
дуулаачаа	дуулаач <voc>
уурхайг	уурхай <acc>
сургуульд	сургууль <dat>
хүртвэрийг	хүртвэр <acc>
жигнэмгийн	жигнэмэг <gen>
шүүгчээр	шүүгч <ins>
чимгээр	чимэг <ins>
радиусаар	радиус <ins>
гарлыг	гарал <acc>
хэлбэрээ	хэлбэр <voc>
талбайд	талбай <dat>
чангарлын	чангарал <gen>
лазертай	лазер <com>
тэсвэрийн	тэсвэр <gen>
тулгуураа	тулгуур <voc>
эргэлзээнд	эргэлзээ <dat>
бэрхтэй	бэрх <com>
үнэд	үнэ <dat>
өгүүлэгдэхүүнтэй	өгүүлэгдэхүүн <com>
нотолгоонд	нотолгоо <dat>
найрлагаас	найрлага <abl>
дэлээс	дэл <abl>
урсгалаас	урсгал <abl>
бухимдалтай	бухимдал <com>
баримтыг	баримт <acc>
автомашинаас	автомашин <abl>
шатаагчтай	шатаагч <com>
яриагаа	яриа <voc>
удирдамжийг	удирдамж <acc>
хөргүүрийг	хөргүүр <acc>
хуваагдагчаар	хуваагдагч <ins>
зөрчигчөө	зөрчигч <voc>
үүсгүүрээс	үүсгүүр <abl>
балетын	балет <gen>
итгэлээр	итгэл <ins>
тохироогоо	тохироо <voc>
тахтай	тах <com>
бариулыг	бариул <acc>
жимсээс	жимс <abl>
таслалаа	таслал <voc>
цээрээс	цээр <abl>
үйлдвэрлэлтэй	үйлдвэрлэл <com>
дагаврыг	дагавар <acc>
түрэмгийллээс	түрэмгийлэл <abl>
уралдаантай	уралдаан <com>
бүрэлбааг	бүрэлбаа <acc>
организмоо	организм <voc>
нөхөрт	нөхөр <dat>
завхралаас	завхрал <abl>
хэлэлцэгчид	хэлэлцэгч <dat>
агуйнаас	агуй <abl>
самууны	самуун <gen>
дэвүүрээс	дэвүүр <abl>
ормыг	ором <acc>
тугалгаар	тугалга <ins>
сэрвээгээр	сэрвээ <ins>
зарааны	зараа <gen>
баривчилгаагаар	баривчилгаа <ins>
хилэгнэлтэй	хилэгнэл <com>
давсанд	давс <dat>
мөргөлдөөнөөс	мөргөлдөөн <abl>
хямралаа	хямрал <voc>
шаналалд	шаналал <dat>
соёоны	соёо <gen>
нэхийд	нэхий <dat>
өчгөөр	өчиг <ins>
гадасны	гадас <gen>
араншинг	араншин <acc>
дэвүүрээ	дэвүүр <voc>
аваргаас	аварга <abl>
төсөөлөлд	төсөөлөл <dat>
трансформатораар	трансформатор <ins>
эрмэлзлээс	эрмэлзэл <abl>
эргэлзэлтэй	эргэлзэл <com>
бэсрэгтэй	бэсрэг <com>
эхлэлтэй	эхлэл <com>
маслонд	масло <dat>
анкетаас	анкет <abl>
устгагчаас	устгагч <abl>
хөгжилд	хөгжил <dat>
лектороо	лектор <voc>
бариачтай	бариач <com>
хэрмээ	хэрэм <voc>
хураангуйгаа	хураангуй <voc>
илтгэгчээ	илтгэгч <voc>
хэлэхүйн	хэлэхүй <gen>
сонирхогчоо	сонирхогчийн <voc>
муураас	муур <abl>
ахлагчтай	ахлагч <com>
гарт	гар <dat>
хөдөлгүүрийн	хөдөлгүүр <gen>
гадуурхалд	гадуурхал <dat>
үсгээ	үсэг <voc>
шаардлагад	шаардлага <dat>
жичээ	жич <voc>
холгодосны	холгодос <gen>
пальтогоо	пальто <voc>
зөгнөлийг	зөгнөл <acc>
үнсэлтээ	үнсэлт <voc>
хуягаа	хуяг <voc>
хэвлэгчийг	хэвлэгч <acc>
сархдаар	сархад <ins>
эсэргүүцлээр	эсэргүүцэл <ins>
бурханд	бурхан <dat>
ухагдахуунаа	ухагдахуун <voc>
өрөнд	өр <dat>
шрифтээр	шрифт <ins>
пүршээр	пүрш <ins>
шивэгчинд	шивэгчин <dat>
тооцооллыг	тооцоолол <acc>
даралтын	даралт <gen>
соруулыг	соруул <acc>
бариулд	бариул <dat>
заагт	зааг <dat>
цоожтой	цоож <com>
савхинаас	савхи <abl>
зүрхийг	зүрх <acc>
аяганаас	аяга <abl>
академиа	академи <voc>
хангамжийг	хангамж <acc>
шийдээс	шийд <abl>
ходоодтой	ходоод <com>
урлалаа	урлал <voc>
клубээс	клуб <abl>
индүүдлэгийн	индүүдлэг <gen>
зөрөлдөөнөөс	зөрөлдөөн <abl>
аянгаас	аянга <abl>
сэдэгчид	сэдэгч <dat>
атираагаар	атираа <ins>
шүршигчээр	шүршигч <ins>
тотийг	тоть <acc>
сүсэгтний	сүсэгтэн <gen>
цэцэрлэгтэй	цэцэрлэг <com>
цуваагаар	цуваа <ins>
зөвлөгчөөр	зөвлөгч <ins>
бүсгүйгээр	бүсгүй <ins>
услагчтай	услагч <com>
засалтыг	засалт <acc>
зарцаа	зарц <voc>
тохижуулалтаас	тохижуулалт <abl>
тоосготой	тоосго <com>
хөдөлгөөнөөр	хөдөлгөөн <ins>
ослоор	осол <ins>
түгшүүрийг	түгшүүр <acc>
түрүүтэй	түрүү <com>
бүтээлээр	бүтээл <ins>
цацагтай	цацаг <com>
гажгаар	гажиг <ins>
сумангаас	суман <abl>
өрцөөр	өрц <ins>
өвчтөнөөр	өвчтөн <ins>
ажиглалтыг	ажиглалт <acc>
дарангуйлагчтай	дарангуйлагч <com>
тоглолтоор	тоглолт <ins>
харвинтай	харвин <com>
амралтын	амралт <gen>
хайлшнаас	хайлш <abl>
аялалд	аялал <dat>
хаягтай	хаяг <com>
хувьцаанаас	хувьцаа <abl>
зочны	зочин <gen>
урвагчийг	урвагч <acc>
гургуулыг	гургуул <acc>
шийдвэрлэгчид	шийдвэрлэгч <dat>
радиотой	радио <com>
овгийн	овог <gen>
зөгийн	зөгий <gen>
шатаар	шат <ins>
чигтэй	чиг <com>
зайгаа	зай <voc>
тохуурхалтай	тохуурхал <com>
тэмтрүүлд	тэмтрүүл <dat>
хамтралтай	хамтрал <com>
онолд	онол <dat>
шүүдрээ	шүүдэр <voc>
хүзүүнээс	хүзүү <abl>
мэтгэлцээнээс	мэтгэлцээн <abl>
картаар	карт <ins>
харвингаар	харвин <ins>
дуутай	дуу <com>
тохуурхлыг	тохуурхал <acc>
сурталчилгаагаар	сурталчилгааны <ins>
тостой	тос <com>
лууг	луу <acc>
тэмтрүүлээр	тэмтрүүл <ins>
дамарт	дамар <dat>
хүүрзгэнээс	хүүрзгэнэ <abl>
ховоонд	ховоо <dat>
ажиллагаатай	ажиллагаа <com>
гаансыг	гаанс <acc>
өгөгдөлд	өгөгдөл <dat>
булингараас	булингар <abl>
үсээр	үс <ins>
ухралтаа	ухралт <voc>
төсөөллийн	төсөөлөл <gen>
хандлагаар	хандлага <ins>
сувдын	сувд <gen>
мэхлэгчтэй	мэхлэгч <com>
доллартой	доллар <com>
зугаалгын	зугаалга <gen>
залиас	заль <abl>
хэрүүлд	хэрүүл <dat>
шаналгааг	шаналгаа <acc>
үзүүлбэрийн	үзүүлбэр <gen>
гуйлттай	гуйлт <com>
түвшнээ	түвшин <voc>
гийчинтэй	гийчин <com>
сэлмийг	сэлэм <acc>
зөвлөгөөний	зөвлөгөөн <gen>
ажиллагаанаас	ажиллагаа <abl>
дүрвэгчээр	дүрвэгч <ins>
дарааллаар	дараалал <ins>
хэрэгтэнтэй	хэрэгтэн <com>
үргүйдлээс	үргүйдэл <abl>
хормоос	хором <abl>
шүдээр	шүд <ins>
багцад	багц <dat>
хуваарилалтаа	хуваарилалт <voc>
түрээсэнд	түрээс <dat>
туршлагатай	туршлага <com>
дээсээр	дээс <ins>
найрлагатай	найрлага <com>
геологитой	геологи <com>
адмиралаас	адмирал <abl>
барменээ	бармен <voc>
шохойгоос	шохой <abl>
хулмасаа	хулмас <voc>
анхааруулгаас	анхааруулга <abl>
өвчтөнтэй	өвчтөн <com>
агуулахад	агуулах <dat>
бүрдлээр	бүрдэл <ins>
эдийн	эд <gen>
шумбагчаас	шумбагч <abl>
ахицтай	ахиц <com>
модернизмоос	модернизм <abl>
туулайтай	туулай <com>
оролцоогоор	оролцоо <ins>
хорхойгоо	хорхой <voc>
туршуулаа	туршуул <voc>
хунд	хун <dat>
завсарлагаас	завсарлага <abl>
худагт	худаг <dat>
пивоор	пиво <ins>
нурууг	нуруу <acc>
наалтаа	наалт <voc>
гуйлгаа	гуйлга <voc>
савангийн	саван <gen>
чанараар	чанар <ins>
эслэгтэй	эслэг <com>
шүүдрийг	шүүдэр <acc>
линзийг	линз <acc>
өвдөгнөөс	өвдөг <abl>
хувцастай	хувцас <com>
шивээсээ	шивээс <voc>
тэргүүлэгчээ	тэргүүлэгч <voc>
үдэшлэгийн	үдэшлэг <gen>
цоглогийн	цоглог <gen>
хэлцэлтэй	хэлцэл <com>
сахиусаа	сахиус <voc>
бөгжтэй	бөгж <com>
сүүдэрт	сүүдэр <dat>
найдвартай	найдвар <com>
армиа	арми <voc>
нэгтгэлтэй	нэгтгэл <com>
хариултаар	хариулт <ins>
өөрчлөгчийн	өөрчлөгч <gen>
харилцаанд	харилцаа <dat>
баясалтай	баясал <com>
ажилчинтай	ажилчин <com>
таргалалтад	таргалалт <dat>
дэлийг	дэл <acc>
шууданчид	шууданч <dat>
манантай	манан <com>
вальст	вальс <dat>
гуйлтын	гуйлт <gen>
спиртээр	спирт <ins>
асрыг	асар <acc>
өвдгийг	өвдөг <acc>
хотжилтын	хотжилт <gen>
эрдсээр	эрдэс <ins>
тайлангийн	тайлан <gen>
пайзны	пайз <gen>
тогтворжуулалтын	тогтворжуулалт <gen>
үндсэнд	үндэс <dat>
эзлэгчид	эзлэгч <dat>
бэлгийг	бэлэг <acc>
түлхүүрийг	түлхүүр <acc>
улсаар	улс <ins>
өгзгийг	өгзөг <acc>
ухааралд	ухаарал <dat>
хариуг	хариу <acc>
хөтөлбөрийг	хөтөлбөр <acc>
гагнуурчинд	гагнуурчин <dat>
хурдатгалаас	хурдатгал <abl>
сэтгэлтэй	сэтгэл <com>
хирсээ	хирс <voc>
хэвшилд	хэвшил <dat>
голиог	голио <acc>
номлолд	номлол <dat>
ашигт	ашиг <dat>
ширээсээ	ширээс <voc>
төмсгөө	төмсөг <voc>
үзүүрээр	үзүүр <ins>
даруулд	даруул <dat>
аяд	ая <dat>
хатаагчаар	хатаагч <ins>
нимбэгтэй	нимбэг <com>
хэмжигдэхүүний	хэмжигдэхүүн <gen>
аврагчаар	аврагч <ins>
бөөрийг	бөөр <acc>
дүрсэнд	дүрс <dat>
үдэшлэгээр	үдэшлэг <ins>
хэллэгтэй	хэллэг <com>
амттаныг	амттан <acc>
талхыг	талх <acc>
шумбагчтай	шумбагч <com>
далайчнаа	далайчин <voc>
гулсууртай	гулсуур <com>
хөхөвчийг	хөхөвч <acc>
бэлчээрээр	бэлчээр <ins>
гэмтэлтэй	гэмтэл <com>
хүрхрээгээр	хүрхрээ <ins>
агуулахын	агуулах <gen>
шархлаагаар	шархлаа <ins>
уулыг	уул <acc>
буцалтад	буцалт <dat>
аялгыг	аялга <acc>
залбиралтай	залбирал <com>
эргэцүүллийн	эргэцүүлэл <gen>
тэмцээнд	тэмцээн <dat>
мэргэжилтнээс	мэргэжилтэн <abl>
ойгоос	ой <abl>
баазыг	бааз <acc>
пуужингаас	пуужин <abl>
оройг	орой <acc>
төрлөөс	төрөл <abl>
эргэцүүлэлд	эргэцүүлэл <dat>
барилдлагын	барилдлага <gen>
аавд	аавынх <dat>
суутгалаа	суутгал <voc>
пүрштэй	пүрш <com>
амталгаагаа	амталгаа <voc>
хорвоотой	хорвоо <com>
гуйлгачнаар	гуйлгачин <ins>
буудлаас	буудал <abl>
кредитэд	кредит <dat>
далайчныг	далайчин <acc>
хайрцагтай	хайрцаг <com>
гадаргууг	гадаргуу <acc>
компанийг	компани <acc>
горхины	горхи <gen>
тайланд	тайлан <dat>
циркээ	цирк <voc>
хариултаа	хариулт <voc>
хатуужилтай	хатуужил <com>
наадмыг	наадам <acc>
зүлгүүрт	зүлгүүр <dat>
бадагтай	бадаг <com>
өлсгөлөнгөөс	өлсгөлөн <abl>
хэвээ	хэв <voc>
карантинтай	карантин <com>
босгыг	босго <acc>
чимээтэй	чимээ <com>
ёроолоор	ёроол <ins>
хэмжүүрээр	хэмжүүр <ins>
үргэлжлэлд	үргэлжлэл <dat>
хязгаарлалтай	хязгаарлал <com>
царцаагаар	царцаа <ins>
баазаас	бааз <abl>
цоргоноос	цорго <abl>
багшаар	багш <ins>
зөрлөгт	зөрлөг <dat>
хамсаатанд	хамсаатан <dat>
хуваагдагчаас	хуваагдагч <abl>
пивыг	пиво <acc>
эргүүлэгтэй	эргүүлэг <com>
тайрдаснаас	тайрдас <abl>
дэмжлэгтэй	дэмжлэг <com>
орлогчоос	орлогч <abl>
эсэргүүцэлд	эсэргүүцэл <dat>
видеотой	видео <com>
гадуурхлын	гадуурхал <gen>
байцаагчтай	байцаагч <com>
утгаас	утга <abl>
кабелийг	кабель <acc>
эзлэгчээ	эзлэгч <voc>
шүүхийн	шүүх <gen>
сургалтаар	сургалт <ins>
үерийг	үер <acc>
илдэнд	илд <dat>
санааг	санаа <acc>
жороо	жор <voc>
зарцын	зарц <gen>
зарцаас	зарц <abl>
тойрогт	тойрог <dat>
амталгаатай	амталгаа <com>
хөлслөгчид	хөлслөгч <dat>
биологийн	биологи <gen>
хоньчны	хоньчин <gen>
шүршүүрийг	шүршүүр <acc>
санамжаа	санамж <voc>
наадамтай	наадам <com>
шинжлэгчийн	шинжлэгч <gen>
доголдлоор	доголдол <ins>
саагаар	саа <ins>
эмд	эм <dat>
долгиогоо	долгио <voc>
дизайнерт	дизайнер <dat>
өсгөлтөө	өсгөлт <voc>
эзэнтэй	эзэн <com>
гүтгэлгийг	гүтгэлэг <acc>
хуваарилалтаас	хуваарилалт <abl>
бүтээлийг	бүтээл <acc>
дайсныг	дайсан <acc>
цэцэглэлтээ	цэцэглэлт <voc>
бэлтгэлийн	бэлтгэл <gen>
наадгайгаа	наадгай <voc>
маркетингийг	маркетинг <acc>
өргөргөө	өргөрөг <voc>
мужаанаар	мужаан <ins>
амттанд	амттан <dat>
молекулаар	молекул <ins>
буцалттай	буцалт <com>
эрлийн	эрэл <gen>
хорголжийг	хорголж <acc>
хэрэгтнээр	хэрэгтэн <ins>
зохицуулагчийг	зохицуулагч <acc>
зовлонгоо	зовлон <voc>
үрчлээтэй	үрчлээ <com>
симфонийг	симфони <acc>
усталаа	устал <voc>
лавлагаагаа	лавлагаа <voc>
хүсэлтээ	хүсэлт <voc>
гавлаас	гавал <abl>
гурилаас	гурил <abl>
прокурорт	прокурор <dat>
хэсгээс	хэсэг <abl>
ёгтлолоос	ёгтлол <abl>
дайсантай	дайсан <com>
цочролд	цочрол <dat>
сунгалттай	сунгалт <com>
амжилтаас	амжилт <abl>
унагаа	унага <voc>
зэвүүцлээр	зэвүүцэл <ins>
хатууралтай	хатуурал <com>
соёоноос	соёо <abl>
ашгийг	ашиг <acc>
тууралтаа	тууралт <voc>
халааснаас	халаас <abl>
бижрүүтэй	бижрүү <com>
нөхцөлөөс	нөхцөл <abl>
гоёлын	гоёл <gen>
амбаараас	амбаар <abl>
төлөгчийн	төлөгч <gen>
босуулаар	босуул <ins>
жодооноос	жодоо <abl>
аалзаар	аалз <ins>
далайгаар	далай <ins>
амьтныг	амьтан <acc>
эзлэгчийн	эзлэгч <gen>
ураар	ур <ins>
асартай	асар <com>
дадалд	дадал <dat>
хувирлаас	хувирал <abl>
цөлийг	цөл <acc>
урцыг	урц <acc>
эмнэлэгтэй	эмнэлэг <com>
хуримаа	хурим <voc>
эшлэлээ	эшлэл <voc>
генералтай	генерал <com>
сүүдрийн	сүүдэр <gen>
сэргээлтээс	сэргээлт <abl>
жилээ	жил <voc>
тулгуурын	тулгуур <gen>
үйлчилгээний	үйлчилгээ <gen>
ахад	ах <dat>
туршуулаас	туршуул <abl>
баяраа	баяр <voc>
зангилаатай	зангилаа <com>
зөгийнөөс	зөгий <abl>
солиог	солио <acc>
хуралд	хурал <dat>
эсрэгцлээс	эсрэгцэл <abl>
загасчныг	загасчин <acc>
ахлагчаар	ахлагч <ins>
логикоо	логик <voc>
тогтоолтой	тогтоол <com>
манлайлагчид	манлайлагч <dat>
тогтоолын	тогтоол <gen>
цомогтой	цомог <com>
арифметикийг	арифметик <acc>
ханиадтай	ханиад <com>
сандалд	сандал <dat>
эргэлзлээс	эргэлзэл <abl>
нооргоос	ноорог <abl>
мансуурлаа	мансуурал <voc>
таарамжаас	таарамж <abl>
хоногийн	хоног <gen>
хүлээсээ	хүлээс <voc>
автобусанд	автобус <dat>
угжаа	угж <voc>
гагнуурчныг	гагнуурчин <acc>
шохойтой	шохой <com>
өнгөтэй	өнгө <com>
цайнаас	цай <abl>
тоосгонд	тоосго <dat>
инээдэмд	инээдэм <dat>
социализмаас	социализм <abl>
галлалттай	галлалт <com>
өмгөөлөлтэй	өмгөөлөл <com>
шошготой	шошго <com>
найруулагчийг	найруулагч <acc>
керамикт	керамик <dat>
текстэд	текст <dat>
ангийг	анги <acc>
дохиурын	дохиур <gen>
зүгээс	зүг <abl>
стратегид	стратеги <dat>
үүслийг	үүсэл <acc>
тоглогчийг	тоглогч <acc>
тавиураас	тавиур <abl>
хамгаалалттай	хамгаалалт <com>
аяллаа	аялал <voc>
дүрсээр	дүрс <ins>
дүүжлүүрээр	дүүжлүүр <ins>
булингараар	булингар <ins>
хэмжүүрт	хэмжүүр <dat>
янханд	янхан <dat>
боксоо	бокс <voc>
байлдагчид	байлдагч <dat>
аяллын	аялал <gen>
хэмжүүртэй	хэмжүүр <com>
ханаа	хана <voc>
үржвэрт	үржвэр <dat>
үүргэвчинд	үүргэвч <dat>
аялагчаар	аялагч <ins>
сэргээшийг	сэргээш <acc>
өсгийгөө	өсгий <voc>
шалтгааныг	шалтгаан <acc>
хөлийг	хөл <acc>
сахлын	сахал <gen>
илүүдлээр	илүүдэл <ins>
дэлтэй	дэл <com>
чулууны	чулуу <gen>
хэрчдэсээ	хэрчдэс <voc>
ялгалтыг	ялгалт <acc>
сахлыг	сахал <acc>
тунхаглалаас	тунхаглал <abl>
шүүмжлэгчийг	шүүмжлэгч <acc>
магадлалаа	магадлал <voc>
хүнийг	хүн <acc>
гохонд	гох <dat>
найруулагчаар	найруулагч <ins>
шивээсийг	шивээс <acc>
зураасаа	зураас <voc>
химиэ	хими <voc>
цэнгэлд	цэнгэл <dat>
урлагийг	урлаг <acc>
тээвэрлэлтээс	тээвэрлэлт <abl>
ялгавартай	ялгавар <com>
хөлсөөр	хөлс <ins>
хөхнөөс	хөх <abl>
шүүхээр	шүүх <ins>
давхраагаа	давхраа <voc>
хичээлээр	хичээл <ins>
слайдтай	слайд <com>
онгодыг	онгод <acc>
эргэлттэй	эргэлт <com>
түвшнээс	түвшин <abl>
шоглоомын	шоглоом <gen>
судлаачаар	судлаач <ins>
молекулаас	молекул <abl>
тэнцвэрийг	тэнцвэр <acc>
модернизмоо	модернизм <voc>
амттаны	амттан <gen>
моодтой	моод <com>
гадсаар	гадас <ins>
идеализмаас	идеализм <abl>
томуугаа	томуу <voc>
хямралд	хямрал <dat>
дэвшлээс	дэвшил <abl>
суудалд	суудал <dat>
гүзээлзгэнийг	гүзээлзгэнэ <acc>
зүүдээ	зүүд <voc>
гаригт	гариг <dat>
мэрийлттэй	мэрийлт <com>
буудлагыг	буудлага <acc>
улангираас	улангир <abl>
үнэгийг	үнэг <acc>
саваа	сав <voc>
фокусын	фокус <gen>
тангарагтай	тангараг <com>
хайлтыг	хайлт <acc>
яншуйн	яншуй <gen>
ээлжийн	ээлж <gen>
хагацлыг	хагацал <acc>
иргэнийг	иргэн <acc>
ашиглалтыг	ашиглалт <acc>
загатнаанд	загатнаа <dat>
үсгийн	үсэг <gen>
дүүжлүүртэй	дүүжлүүр <com>
хуваариар	хуваарь <ins>
адыг	ад <acc>
халимыг	халим <acc>
аваарт	аваар <dat>
хашаанд	хашаа <dat>
өөрчлөлтөө	өөрчлөлт <voc>
танхимаар	танхим <ins>
шүүлтүүрээр	шүүлтүүр <ins>
сувгаа	суваг <voc>
явдалд	явдал <dat>
туйлаа	туйл <voc>
дамчнаа	дамчин <voc>
баашны	бааш <gen>
ургамлын	ургамал <gen>
маргааныг	маргаан <acc>
хаягдлаар	хаягдал <ins>
аваараас	аваар <abl>
анчны	анчин <gen>
дадлын	дадал <gen>
шүрийг	шүр <acc>
радиогоор	радио <ins>
будгаар	будаг <ins>
суудлаа	суудал <voc>
мангасаа	мангас <voc>
бүрэлбаанд	бүрэлбаа <dat>
хониор	хонь <ins>
гүтгэлэгт	гүтгэлэг <dat>
төлбөрөө	төлбөр <voc>
тармууртай	тармуур <com>
хөгт	хөг <dat>
шийдээ	шийд <voc>
ургамлаар	ургамал <ins>
залгавартай	залгавар <com>
өргөлтөөс	өргөлт <abl>
майхнаар	майхан <ins>
энгэсгийн	энгэсэг <gen>
архиа	архи <voc>
хэрэгслийг	хэрэгсэл <acc>
чийдэнгийн	чийдэн <gen>
язгуурыг	язгуур <acc>
капитализмаа	капитализм <voc>
биед	бие <dat>
хавцлаас	хавцал <abl>
болзоогоор	болзоо <ins>
илүүдлийн	илүүдэл <gen>
нууцтай	нууц <com>
сэргээлтийг	сэргээлт <acc>
мандолины	мандолин <gen>
зарцтай	зарц <com>
мандолинаар	мандолин <ins>
археологийн	археологи <gen>
авиаг	авиа <acc>
харьцаагаар	харьцаа <ins>
гүнтэй	гүн <com>
тулалдаантай	тулалдаан <com>
язгууртай	язгуур <com>
хангалтаар	хангалт <ins>
цавуунд	цавуу <dat>
чичирхийллээс	чичирхийлэл <abl>
элгээр	элэг <ins>
холестеринд	холестерин <dat>
семинарыг	семинар <acc>
чамархайгаа	чамархай <voc>
эхлэлийн	эхлэл <gen>
шугамаас	шугам <abl>
шүүрлийн	шүүрэл <gen>
туслалцаагаа	туслалцаа <voc>
гадартай	гадар <com>
оны	он <gen>
бяслагийг	бяслаг <acc>
тээвэрлэлтээр	тээвэрлэлт <ins>
тоосыг	тоос <acc>
даяанаа	даяан <voc>
гуагаа	гуа <voc>
сургуулийн	сургууль <gen>
эрэлтээс	эрэлт <abl>
илүүдэлтэй	илүүдэл <com>
программаар	программ <ins>
элементээ	элемент <voc>
масштабын	масштаб <gen>
аялгаа	аялга <voc>
асрын	асар <gen>
ёжлолоос	ёжлол <abl>
ахтай	ах <com>
тооцооллын	тооцоолол <gen>
хүчлээс	хүчил <abl>
постыг	пост <acc>
жүжигчний	жүжигчин <gen>
баганаас	багана <abl>
элэгнээс	элэг <abl>
гуяны	гуя <gen>
өвдөгтэй	өвдөг <com>
шинжилгээгээр	шинжилгээ <ins>
гурилаар	гурил <ins>
армийг	арми <acc>
мэрэгчид	мэрэгч <dat>
хүлээсийг	хүлээс <acc>
бүлэглэлээс	бүлэглэл <abl>
мэргэшилтэй	мэргэшил <com>
голомтыг	голомт <acc>
танилцуулгын	танилцуулга <gen>
асуудлын	асуудал <gen>
зурлагыг	зурлага <acc>
агуулахаа	агуулах <voc>
дагалдагчаар	дагалдагч <ins>
студиэ	студи <voc>
хойгоос	хойг <abl>
туурайг	туурай <acc>
зүтгэлээс	зүтгэл <abl>
амрыг	амар <acc>
хольцыг	хольц <acc>
намраа	намар <voc>
мөнгөөр	мөнгө <ins>
атомоор	атом <ins>
гэрчээ	гэрч <voc>
сууцын	сууц <gen>
эмэгчний	эмэгчин <gen>
хурдасгуураар	хурдасгуур <ins>
баганад	багана <dat>
керамикаар	керамик <ins>
туслагчаар	туслагч <ins>
сүйтгэгчээс	сүйтгэгч <abl>
аваргын	аварга <gen>
хэлэлцэгчээр	хэлэлцэгч <ins>
төлөөсийг	төлөөс <acc>
сургамжийн	сургамж <gen>
тойрогтой	тойрог <com>
ойтой	ой <com>
трамвайгаар	трамвай <ins>
дуулаачтай	дуулаач <com>
цууны	цуу <gen>
шпагеттиар	шпагетти <ins>
моделиос	модель <abl>
үүгээр	үү <ins>
оператораар	оператор <ins>
зочинтой	зочин <com>
ээжид	ээж <dat>
бэлийг	бэл <acc>
биежилтээ	биежилт <voc>
цээрт	цээр <dat>
зорчигчид	зорчигч <dat>
шээсээс	шээс <abl>
залгаанд	залгаа <dat>
гачигдлыг	гачигдал <acc>
сүнсний	сүнс <gen>
хэрэгслийн	хэрэгсэл <gen>
бэртэлттэй	бэртэлт <com>
очтой	оч <com>
шурагт	шураг <dat>
дэгдэлтээс	дэгдэлт <abl>
амууг	амуу <acc>
онгодоо	онгод <voc>
хуулбарт	хуулбар <dat>
зөвшөөрлийг	зөвшөөрөл <acc>
дэнгийн	дэн <gen>
урцаар	урц <ins>
ширээстэй	ширээс <com>
түрийвчтэй	түрийвч <com>
илдээр	илд <ins>
шившгээ	шившиг <voc>
үсчний	үсчин <gen>
саунаа	саун <voc>
дарааллыг	дараалал <acc>
агаарын	агаар <gen>
давтамжаас	давтамж <abl>
хөвгүүнийг	хөвгүүн <acc>
талийгаачид	талийгаач <dat>
хөшүүрэгтэй	хөшүүрэг <com>
хашилттай	хашилт <com>
эшлэлд	эшлэл <dat>
жараахайг	жараахай <acc>
зөвшилцлийг	зөвшилцөл <acc>
хүүрзгэнээ	хүүрзгэнэ <voc>
хурдасгагчаа	хурдасгагч <voc>
худалдаачинтай	худалдаачин <com>
тайрдсанд	тайрдас <dat>
жүжигчинтэй	жүжигчин <com>
ховилын	ховил <gen>
ёслолоо	ёслол <voc>
наалдцаар	наалдац <ins>
товчоос	товч <abl>
эргүүлгийн	эргүүлэг <gen>
байнгаа	байнгын <voc>
зурагт	зураг <dat>
шаардлагын	шаардлага <gen>
цуглуулгад	цуглуулга <dat>
төлбөрт	төлбөр <dat>
чигээ	чиг <voc>
багцын	багц <gen>
бүтээлээ	бүтээл <voc>
цуглуулгыг	цуглуулга <acc>
хувирлаа	хувирал <voc>
кассаар	касс <ins>
голомтод	голомт <dat>
циклд	цикл <dat>
гэлэнмааг	гэлэнмаа <acc>
атомтой	атом <com>
нягтшилын	нягтшил <gen>
хадуурыг	хадуур <acc>
урлагаас	урлаг <abl>
адгууснаас	адгуус <abl>
шүүрлийг	шүүрэл <acc>
тохируулгаа	тохируулга <voc>
дэгдэлтийн	дэгдэлт <gen>
араанаас	араа <abl>
дайныг	дайн <acc>
хошингоор	хошин <ins>
ажилчнаас	ажилчин <abl>
сэлэмтэй	сэлэм <com>
урлагаар	урлаг <ins>
хүндрэлийн	хүндрэл <gen>
мэргийг	мэргэ <acc>
цэвэрлэгээтэй	цэвэрлэгээ <com>
солонгоос	солонго <abl>
буцалтаар	буцалт <ins>
борлуулалтаа	борлуулалт <voc>
байшингаа	байшин <voc>
өгүүлэгдэхүүнийг	өгүүлэгдэхүүн <acc>
хайлтын	хайлт <gen>
текстийг	текст <acc>
мужаанаас	мужаан <abl>
философийн	философи <gen>
хошингийн	хошин <gen>
зөвлөмжөө	зөвлөмж <voc>
галлалтаа	галлалт <voc>
төлөвлөгөөг	төлөвлөгөө <acc>
гүнг	гүн <acc>
чиргүүлийн	чиргүүл <gen>
очны	оч <gen>
шударгатай	шударга <com>
гагнуурчинтай	гагнуурчин <com>
ходоодоор	ходоод <ins>
цуурайгаа	цуурай <voc>
зотонгоо	зотон <voc>
цулбуурт	цулбуур <dat>
тээрэмд	тээрэм <dat>
гомдлыг	гомдол <acc>
тогтворжилттой	тогтворжилт <com>
товчлолтой	товчлол <com>
гурвалаа	гурвал <voc>
коммунизмыг	коммунизм <acc>
хуурайтай	хуурай <com>
тагнуулаас	тагнуул <abl>
амуунаас	амуу <abl>
тэнцвэрт	тэнцвэр <dat>
ордноос	ордон <abl>
уриалгад	уриалга <dat>
дайралтад	дайралт <dat>
хигээснээс	хигээс <abl>
горьдлогоос	горьдлого <abl>
хэлээс	хэл <abl>
ногдлоо	ногдол <voc>
салтаанаас	салтаа <abl>
уулзварт	уулзвар <dat>
пүршнээс	пүрш <abl>
шаазангийн	шаазан <gen>
тариатай	тариа <com>
зөнгийн	зөн <gen>
кафены	кафе <gen>
амтнаас	амт <abl>
дохиогоор	дохио <ins>
ишээр	иш <ins>
жадаа	жад <voc>
буртагт	буртаг <dat>
гоймонгийн	гоймон <gen>
намгаа	намаг <voc>
ногдолд	ногдол <dat>
үсчнээс	үсчин <abl>
сэтгүүлчээр	сэтгүүлч <ins>
хэвлэлтэй	хэвлэл <com>
арьстай	арьс <com>
жишгээс	жишиг <abl>
шүүрийн	шүүр <gen>
ёслолтой	ёслол <com>
тогтворжуулалтыг	тогтворжуулалт <acc>
хондлойг	хондлой <acc>
гитарт	гитар <dat>
аавд	аав <dat>
усаар	ус <ins>
тамгаар	тамга <ins>
тасалбарын	тасалбар <gen>
алхамд	алхам <dat>
шүршигчээ	шүршигч <voc>
ялгааг	ялгаа <acc>
дутагдлаа	дутагдал <voc>
хавчлагаа	хавчлага <voc>
шүүмжтэй	шүүмж <com>
хямралтай	хямрал <com>
гудсаар	гудас <ins>
довыг	дов <acc>
болжмороор	болжмор <ins>
хамтатгалыг	хамтатгал <acc>
эргүүлэгт	эргүүлэг <dat>
гогцоотой	гогцоо <com>
цэрэгт	цэрэг <dat>
засалтад	засалт <dat>
болжморын	болжмор <gen>
болзлыг	болзол <acc>
мэдүүлгийг	мэдүүлэг <acc>
радиусаас	радиус <abl>
жорлонгийн	жорлон <gen>
өргөлтийн	өргөлт <gen>
архичныг	архичин <acc>
илжгийг	илжиг <acc>
бодолд	бодол <dat>
гарзны	гарз <gen>
линзийн	линз <gen>
редактортай	редактор <com>
хэвлэлттэй	хэвлэлт <com>
хандлагаа	хандлага <voc>
үнэрээ	үнэр <voc>
хувиар	хувь <ins>
нэрд	нэр <dat>
сууцыг	сууц <acc>
ургацад	ургац <dat>
голомтоо	голомт <voc>
квадратад	квадрат <dat>
хүндэтгэлтэй	хүндэтгэл <com>
бэрхшээлийг	бэрхшээл <acc>
өмгөөллийн	өмгөөлөл <gen>
дурсамжийн	дурсамж <gen>
захирамжид	захирамж <dat>
сахиусыг	сахиус <acc>
хүндэтгэлийг	хүндэтгэл <acc>
паспорттой	паспорт <com>
амарт	амар <dat>
эргэлтээ	эргэлт <voc>
үлгэрээ	үлгэр <voc>
боржингийн	боржин <gen>
солилцооноос	солилцоо <abl>
архитектураас	архитектур <abl>
харьцууллаас	харьцуулал <abl>
уянгын	уянга <gen>
протоколоо	протокол <voc>
ерөнхийлөгчөө	ерөнхийлөгч <voc>
хараалаас	хараал <abl>
нооргийг	ноорог <acc>
зуршлын	зуршил <gen>
автомашины	автомашин <gen>
семинараар	семинар <ins>
унагатай	унага <com>
үзэгдлээ	үзэгдэл <voc>
манлайлагчаар	манлайлагч <ins>
зураачтай	зураач <com>
өсгөлтөөр	өсгөлт <ins>
алхаатай	алхаа <com>
эндүүрлийг	эндүүрэл <acc>
ариутгалд	ариутгал <dat>
хатуулгыг	хатуулга <acc>
холболтод	холболт <dat>
бяслагтай	бяслаг <com>
шийдвэрлэгчээр	шийдвэрлэгч <ins>
туяагаар	туяа <ins>
чичиргээгээ	чичиргээ <voc>
төмсөгтэй	төмсөг <com>
бадмааргийн	бадмаараг <gen>
луусны	луус <gen>
төрөөр	төр <ins>
хэрэгцээнээс	хэрэгцээ <abl>
төглийн	төгөл <gen>
шүтэлцээг	шүтэлцээ <acc>
худалдааг	худалдаа <acc>
галлалтаас	галлалт <abl>
эстэй	эс <com>
хэвийг	хэвийн <acc>
ферменттэй	фермент <com>
совингоор	совин <ins>
сүсэгтнийг	сүсэгтэн <acc>
төгсөгчтэй	төгсөгч <com>
түлээчнээ	түлээчин <voc>
үүсгэлийг	үүсгэл <acc>
хориглолттой	хориглолт <com>
яндангийн	яндан <gen>
бөглөрлөөс	бөглөрөл <abl>
хуваарилалтаар	хуваарилалт <ins>
хавтсанд	хавтас <dat>
тушаалыг	тушаал <acc>
дунтай	дун <com>
шүүлттэй	шүүлт <com>
луунаас	луу <abl>
аймгаа	аймаг <voc>
ханшаа	ханш <voc>
дуслын	дусал <gen>
зураачид	зураач <dat>
уулзалтаа	уулзалт <voc>
зэвийн	зэв <gen>
сөнөөгчөөс	сөнөөгч <abl>
үзэмжид	үзэмж <dat>
тосгуурыг	тосгуур <acc>
жаягаа	жаяг <voc>
зарчмаа	зарчим <voc>
нахианаас	нахиа <abl>
сэтгэгдлээр	сэтгэгдэл <ins>
доллароор	доллар <ins>
итгэлд	итгэл <dat>
төлөвт	төлөв <dat>
үйлдвэрлэгчтэй	үйлдвэрлэгч <com>
сульдаанд	сульдаа <dat>
ураны	уран <gen>
шуналаа	шунал <voc>
вангаа	ван <voc>
эхнэрээ	эхнэр <voc>
салаатай	салаа <com>
гуйлгачны	гуйлгачин <gen>
цардастай	цардас <com>
авгалдайгаар	авгалдай <ins>
салаанаас	салаа <abl>
бүтцэд	бүтэц <dat>
гарагтай	гараг <com>
түйвээнийг	түйвээн <acc>
цомоо	цом <voc>
баривчилгаанд	баривчилгаа <dat>
төөрөгдлөөс	төөрөгдөл <abl>
гөлгөнд	гөлөг <dat>
хашлагаа	хашлага <voc>
ээлжээ	ээлж <voc>
богцоо	богц <voc>
хүчилтөрөгчийг	хүчилтөрөгч <acc>
андгайн	андгай <gen>
хувьсагчийг	хувьсагч <acc>
янжуураа	янжуур <voc>
хошуутай	хошуу <com>
айдсаас	айдас <abl>
эрэгчнээр	эрэгчин <ins>
ходоодны	ходоод <gen>
мөргөлдөөнөө	мөргөлдөөн <voc>
гивлүүрт	гивлүүр <dat>
дарангуйлагчаа	дарангуйлагч <voc>
саналаас	санал <abl>
бариачийг	бариач <acc>
товчоо	товч <voc>
цөөрөмтэй	цөөрөм <com>
зурагтай	зураг <com>
сурагчийн	сурагч <gen>
бүйлстэй	бүйлс <com>
эцсийн	эцэс <gen>
аврагчийн	аврагч <gen>
агшилтаас	агшилт <abl>
хэвлэлтээс	хэвлэлт <abl>
нягтшилаа	нягтшил <voc>
нөхөөсөөр	нөхөөс <ins>
агуйг	агуй <acc>
зүтгэлийн	зүтгэл <gen>
түрэмгийллийн	түрэмгийлэл <gen>
өмхийтэй	өмхий <com>
зорчигчоор	зорчигч <ins>
түрэмгийлэлтэй	түрэмгийлэл <com>
үзэсгэлэнтэй	үзэсгэлэн <com>
тогтолцоотой	тогтолцоо <com>
анхааруулгыг	анхааруулга <acc>
уургаар	уураг <ins>
залгамжлалаар	залгамжлал <ins>
хэмжигчийн	хэмжигч <gen>
жинлүүрийн	жинлүүр <gen>
эцгийн	эцэг <gen>
хаялтад	хаялт <dat>
ангилалтаа	ангилалт <voc>
шүхрийг	шүхэр <acc>
мастераар	мастер <ins>
отрядод	отряд <dat>
дүрсийг	дүрс <acc>
сэжигтнээр	сэжигтэн <ins>
хөгийн	хөг <gen>
бижрүүг	бижрүү <acc>
шуугианаас	шуугиан <abl>
ялгалтаас	ялгалт <abl>
ачаар	ач <ins>
яаманд	яам <dat>
цэнгэлийн	цэнгэл <gen>
шүлсээ	шүлс <voc>
тохижуулалттай	тохижуулалт <com>
төлөвлөгөөтэй	төлөвлөгөө <com>
сонинтой	сонин <com>
ногтноос	ногт <abl>
социализмын	социализм <gen>
хөвгүүнээс	хөвгүүн <abl>
байг	бай <acc>
үүлээс	үүл <abl>
эцгээ	эцэг <voc>
тотемтой	тотем <com>
элэгдлээ	элэгдэл <voc>
шаантгаа	шаантаг <voc>
янжуурт	янжуур <dat>
тамаас	там <abl>
огторгуйнаас	огторгуй <abl>
дэлээ	дэл <voc>
нэмэгдлээр	нэмэгдэл <ins>
доргионы	доргио <gen>
мэндчилгээний	мэндчилгээ <gen>
угаалтуураа	угаалтуур <voc>
сувдтай	сувд <com>
эдэлгээний	эдэлгээ <gen>
түлээчинтэй	түлээчин <com>
хичээлээ	хичээл <voc>
шилбэнээс	шилбэ <abl>
цайзаас	цайз <abl>
бахархлыг	бахархал <acc>
сэтгүүлийн	сэтгүүл <gen>
масштабаас	масштаб <abl>
давталтыг	давталт <acc>
шөнийн	шөнө <gen>
уулзалтад	уулзалт <dat>
лампанд	ламп <dat>
жорлонгоос	жорлон <abl>
нянгаар	нян <ins>
хурлаар	хурал <ins>
халамжаас	халамж <abl>
чигээс	чиг <abl>
жигшилд	жигшил <dat>
ослыг	осол <acc>
зурлагаа	зурлага <voc>
чивчүүрээр	чивчүүр <ins>
сувдаар	сувд <ins>
индексээ	индекс <voc>
сааталд	саатал <dat>
мөгөөрсөнд	мөгөөрс <dat>
биелэлтэд	биелэлт <dat>
дайнаар	дайн <ins>
далайнаас	далай <abl>
эрдэнэсээс	эрдэнэс <abl>
янзын	янз <gen>
мушгиаг	мушгиа <acc>
цөхрөлөөр	цөхрөл <ins>
эвслээс	эвсэл <abl>
дэвшлээр	дэвшил <ins>
төвлөрүүлэлттэй	төвлөрүүлэлт <com>
гялгараа	гялгар <voc>
шархтай	шарх <com>
мөрөөдлийн	мөрөөдөл <gen>
дамжаатай	дамжаа <com>
долгионд	долгион <dat>
арилжаагаа	арилжаа <voc>
алчуурыг	алчуур <acc>
зүүлттэй	зүүлт <com>
шуурганы	шуурга <gen>
оосроор	оосор <ins>
амлалтыг	амлалт <acc>
сандлыг	сандал <acc>
кредитээс	кредит <abl>
трамвайг	трамвай <acc>
дамаар	дам <ins>
хошуучийг	хошууч <acc>
суудалтай	суудал <com>
ирцээ	ирц <voc>
хиаманд	хиам <dat>
хүрээгээ	хүрээ <voc>
салбараа	салбар <voc>
дэлхийгээ	дэлхий <voc>
ялагдагчаар	ялагдагч <ins>
хэллэгийн	хэллэг <gen>
таглаатай	таглаа <com>
дахилтаас	дахилт <abl>
шуудайгаар	шуудай <ins>
тооцоог	тооцоо <acc>
будааны	будаа <gen>
зэвтэй	зэв <com>
хөрөнгөтөнд	хөрөнгөтөн <dat>
бууринаас	буурь <abl>
дэнлүүг	дэнлүү <acc>
амбицад	амбиц <dat>
дайнтай	дайн <com>
цамхгаа	цамхаг <voc>
гуунд	гуу <dat>
бүтэлгүйтлээс	бүтэлгүйтэл <abl>
шүүлтэд	шүүлт <dat>
эргүүтэй	эргүү <com>
медалийн	медаль <gen>
цомгоо	цомог <voc>
амттантай	амттан <com>
усыг	ус <acc>
байлдаанаа	байлдаан <voc>
хуанлиар	хуанли <ins>
загварт	загвар <dat>
пуужингийн	пуужин <gen>
жолооноос	жолоо <abl>
ташуурыг	ташуур <acc>
зуршилтай	зуршил <com>
дэрийг	дэр <acc>
туулайгаа	туулай <voc>
баашнаас	бааш <abl>
тэргүүлэгчийг	тэргүүлэгчид <acc>
хавчаар	хавч <ins>
хожуултай	хожуул <com>
зааварт	заавар <dat>
хувьсагчийн	хувьсагч <gen>
халамжийн	халамж <gen>
чөлөөлөлтөө	чөлөөлөлт <voc>
насаа	нас <voc>
хүрхрээг	хүрхрээ <acc>
эмчээр	эмч <ins>
турникийн	турник <gen>
тивээ	тив <voc>
тэнцвэрээс	тэнцвэр <abl>
хирсийн	хирс <gen>
жигнэмгээр	жигнэмэг <ins>
химитэй	хими <com>
өсгөлтөөс	өсгөлт <abl>
тогоочид	тогооч <dat>
улангирт	улангир <dat>
хадгаламжаар	хадгаламж <ins>
хөршид	хөрш <dat>
амлалтаас	амлалт <abl>
бөмбөрцгийг	бөмбөрцөг <acc>
шоглоомоор	шоглоом <ins>
зураглалтай	зураглал <com>
ахаар	ах <ins>
биежилтээс	биежилт <abl>
зайд	зай <dat>
холбоогоо	холбоо <voc>
хилэгнэлээ	хилэгнэл <voc>
баривчилгаанаас	баривчилгаа <abl>
шуудууны	шуудуу <gen>
дэнлүүгээ	дэнлүү <voc>
фронтыг	фронт <acc>
уулаар	уул <ins>
ванд	ван <dat>
салбараас	салбар <abl>
чихээр	чих <ins>
өлсгөлөнгөө	өлсгөлөн <voc>
тэвчээрээс	тэвчээр <abl>
салтаатай	салтаа <com>
шараар	шар <ins>
трамвайгаа	трамвай <voc>
түгжрэлээс	түгжрэл <abl>
хайлшаар	хайлш <ins>
түлхүүрээ	түлхүүр <voc>
алхмаа	алхам <voc>
цементийн	цемент <gen>
сүрдүүлгээ	сүрдүүлэг <voc>
чадвараа	чадвар <voc>
мөчрийн	мөчир <gen>
хүрхрээтэй	хүрхрээ <com>
нахиагаар	нахиа <ins>
хэлбэрээс	хэлбэр <abl>
исэлдэлтийг	исэлдэлт <acc>
бололцоонд	бололцоо <dat>
мөргөлөөр	мөргөл <ins>
гүйцэтгэлд	гүйцэтгэл <dat>
гагнуураас	гагнуур <abl>
пальтонд	пальто <dat>
эрэлтээ	эрэлт <voc>
шивнээгээр	шивнээ <ins>
дээврээр	дээвэр <ins>
лууванг	лууван <acc>
эрлээс	эрэл <abl>
шинжилгээг	шинжилгээ <acc>
дэнсийг	дэнс <acc>
археологитой	археологи <com>
тэнгисээс	тэнгис <abl>
дээсээс	дээс <abl>
сонгуультай	сонгууль <com>
илтгэгчээс	илтгэгч <abl>
уурхайчнаар	уурхайчин <ins>
трансформаторыг	трансформатор <acc>
хүртвэрийн	хүртвэр <gen>
гортигоос	гортиг <abl>
архичнаар	архичин <ins>
циклийн	цикл <gen>
үсгийг	үсэг <acc>
өвчтөнөө	өвчтөн <voc>
адад	ад <dat>
тарилгын	тарилга <gen>
солиоролтой	солиорол <com>
хүчтэй	хүчээр <com>
хоршлын	хоршил <gen>
ярилцлагаар	ярилцлага <ins>
чангалууртай	чангалуур <com>
засварт	засвар <dat>
хавсралттай	хавсралт <com>
хардлагаас	хардлага <abl>
санаагаар	санаа <ins>
моделийн	модель <gen>
хөшүүргээ	хөшүүрэг <voc>
хигээсээр	хигээс <ins>
болжмортой	болжмор <com>
үнэмшилтэй	үнэмшил <com>
үзүүлэлтийг	үзүүлэлт <acc>
баяраас	баяр <abl>
уншлагаа	уншлага <voc>
залгаагаа	залгаа <voc>
инженерийг	инженер <acc>
адилслаас	адилсал <abl>
хэрчмийг	хэрчим <acc>
тогтвороор	тогтвор <ins>
байгууллагаар	байгууллага <ins>
лавлахтай	лавлах <com>
шуналтай	шунал <com>
хувьцаатай	хувьцаа <com>
далайцтай	далайц <com>
голомтын	голомт <gen>
чийдэнг	чийдэн <acc>
эрсдэлийн	эрсдэл <gen>
хэрчимтэй	хэрчим <com>
нимбэгийг	нимбэг <acc>
фракцтай	фракц <com>
шүүмжлэгчээ	шүүмжлэгч <voc>
өсгийг	өсгий <acc>
дэлгэрэлтэд	дэлгэрэлт <dat>
бодист	бодис <dat>
далайд	далай <dat>
дүрвэгчийг	дүрвэгч <acc>
төгөлтэй	төгөл <com>
үргүйдэлтэй	үргүйдэл <com>
далайчинд	далайчин <dat>
хийлчээр	хийлч <ins>
цацгийн	цацаг <gen>
молекулыг	молекул <acc>
таслалттай	таслалт <com>
оройгоор	орой <ins>
дамжуулалтын	дамжуулалт <gen>
цэнгэлтэй	цэнгэл <com>
өрцнөөс	өрц <abl>
вирусээс	вирус <abl>
хаанаас	хаан <abl>
эндлийн	эндэл <gen>
тоолуурыг	тоолуур <acc>
зөнгөө	зөн <voc>
амьжиргаагаар	амьжиргаа <ins>
бэлтэй	бэл <com>
торыг	торт <acc>
хушгатай	хушга <com>
бэрхэд	бэрх <dat>
цөөрмөөр	цөөрөм <ins>
луусанд	луус <dat>
далангаар	далан <ins>
дараагаа	дараа <voc>
зорилгоо	зорилго <voc>
протоколтой	протокол <com>
нүүдэлтэй	нүүдэл <com>
чиргүүлээр	чиргүүл <ins>
пинг	пин <acc>
битүүлгийг	битүүлэг <acc>
зоригийг	зориг <acc>
боловсролоор	боловсрол <ins>
экологид	экологи <dat>
цэгээр	цэг <ins>
хоромд	хором <dat>
заагийн	зааг <gen>
жодооны	жодоо <gen>
зааврыг	заавар <acc>
халбагаа	халбага <voc>
дургүйцлээс	дургүйцэл <abl>
сойзонд	сойз <dat>
ритмтэй	ритм <com>
цагцгайгаа	цагцгай <voc>
язгууртантай	язгууртан <com>
мөрдөгчөө	мөрдөгч <voc>
оргодлоор	оргодол <ins>
царайн	царай <gen>
уршгаас	уршиг <abl>
жимстэй	жимс <com>
шүлсээс	шүлс <abl>
зээлдүүлэгчээ	зээлдүүлэгч <voc>
галуугаар	галуу <ins>
шийдвэрлэгчээ	шийдвэрлэгч <voc>
үүсгүүрээ	үүсгүүр <voc>
жагсаалд	жагсаал <dat>
медалиас	медаль <abl>
модельд	модель <dat>
товчлолоор	товчлол <ins>
мэхлэгчээс	мэхлэгч <abl>
үгний	үг <gen>
ичээгээр	ичээ <ins>
хөргөгчөөс	хөргөгч <abl>
царайтай	царай <com>
зөвлөмжийг	зөвлөмж <acc>
өөхнөөс	өөх <abl>
хайлтад	хайлт <dat>
довд	дов <dat>
довтолгооны	довтолгоо <gen>
үүслээ	үүсэл <voc>
зуушийг	зууш <acc>
экосистемийг	экосистем <acc>
тэмүүллээс	тэмүүлэл <abl>
зүлгүүрийн	зүлгүүр <gen>
хэргийн	хэрэг <gen>
донд	дон <dat>
дамраа	дамар <voc>
дизайнертай	дизайнер <com>
утастай	утас <com>
цэвэрлэгээний	цэвэрлэгээ <gen>
зарлалын	зарлал <gen>
царайг	царай <acc>
яншуйг	яншуй <acc>
отрядоор	отряд <ins>
зуршлыг	зуршил <acc>
доромжлолоо	доромжлол <voc>
тэмцлээ	тэмцэл <voc>
шүүлтүүрийн	шүүлтүүр <gen>
дагагчийг	дагагч <acc>
бөөмөөс	бөөм <abl>
стандартад	стандарт <dat>
ширээсээс	ширээс <abl>
урын	ур <gen>
шугамтай	шугам <com>
хэлэлцэгчийн	хэлэлцэгч <gen>
микробиологийн	микробиологи <gen>
лоозонтой	лоозон <com>
шүүхээс	шүүх <abl>
манлайллаар	манлайлал <ins>
сайдтай	сайд <com>
тэврэлтэд	тэврэлт <dat>
довтолгоог	довтолгоо <acc>
тээрмээс	тээрэм <abl>
үхлээс	үхэл <abl>
мангасаас	мангас <abl>
санхүүгийн	санхүү <gen>
шаттай	шат <com>
шүрээ	шүр <voc>
видеог	видео <acc>
товчлолд	товчлол <dat>
хамгааллаас	хамгаалал <abl>
аавын	аавынх <gen>
цэнгэлээс	цэнгэл <abl>
сонгинын	сонгино <gen>
магадлалаар	магадлал <ins>
дарангуйлалд	дарангуйлал <dat>
хоршилд	хоршил <dat>
үртэй	үр <com>
бөөгнөрлийг	бөөгнөрөл <acc>
үсчнийг	үсчин <acc>
продакшныг	продакшн <acc>
ёслолоос	ёслол <abl>
илгээгчээс	илгээгч <abl>
зургаас	зураг <abl>
тохууны	тохуу <gen>
гуугаа	гуу <voc>
жүржийн	жүрж <gen>
холболтыг	холболт <acc>
асуулгад	асуулга <dat>
ресторанд	ресторан <dat>
төрлөө	төрөл <voc>
тулгуурыг	тулгуур <acc>
тавиурын	тавиур <gen>
дуулаачийг	дуулаач <acc>
хувирлын	хувирал <gen>
хүндлэлээр	хүндлэл <ins>
эслэгээр	эслэг <ins>
жимээр	жим <ins>
тоглогчтой	тоглогч <com>
хамраас	хамар <abl>
сорилгоо	сорилго <voc>
бартааны	бартаа <gen>
мэдээгээр	мэдээ <ins>
ажилтанд	ажилтан <dat>
нэрээ	нэр <voc>
үрчлээнээс	үрчлээ <abl>
найзад	найз <dat>
хоцрогчийг	хоцрогч <acc>
чийгшлийн	чийгшил <gen>
царцааг	царцаа <acc>
таарамжтай	таарамж <com>
судраар	судар <ins>
туршилтыг	туршилт <acc>
үйлдвэрлэлийн	үйлдвэрлэл <gen>
өрөмдлөгтэй	өрөмдлөг <com>
саатлаас	саатал <abl>
уриалгаар	уриалга <ins>
бололцоотой	бололцоо <com>
хувьсгалын	хувьсгал <gen>
бослогод	бослого <dat>
бүтэцтэй	бүтэц <com>
байшинг	байшин <acc>
синдромоо	синдром <voc>
кодод	код <dat>
зайн	зай <gen>
философитой	философи <com>
совинд	совин <dat>
уурхайтай	уурхай <com>
диваажингийн	диваажин <gen>
ажилчны	ажилчин <gen>
чангаралтай	чангарал <com>
теннисээр	теннис <ins>
ормоо	ором <voc>
барианы	бариа <gen>
нооргийн	ноорог <gen>
эдэлгээнд	эдэлгээ <dat>
бэсрэгээр	бэсрэг <ins>
эзэгнэлийн	эзэгнэл <gen>
хэлэлцэгчээс	хэлэлцэгч <abl>
асуулгатай	асуулга <com>
хадуураар	хадуур <ins>
өгүүлэгдэхүүнээр	өгүүлэгдэхүүн <ins>
засалтаас	засалт <abl>
луугаа	луу <voc>
роботоос	робот <abl>
нотолгооны	нотолгоо <gen>
хэвшлийн	хэвшил <gen>
буудлагад	буудлага <dat>
хайрснаас	хайрс <abl>
хэллэгээс	хэллэг <abl>
цэврүүгээр	цэврүү <ins>
шүршигчид	шүршигч <dat>
академиас	академи <abl>
боловсруулалтыг	боловсруулалт <acc>
хөхний	хөх <gen>
нислэгийн	нислэг <gen>
сэрэмжлүүлгээр	сэрэмжлүүлэг <ins>
зуушны	зууш <gen>
илийн	ил <gen>
яриаг	яриа <acc>
ухуулгад	ухуулга <dat>
үрэлд	үрэл <dat>
маскаар	маск <ins>
зурвасын	зурвас <gen>
түгжрэлийн	түгжрэл <gen>
марктай	марк <com>
хөгжилтэй	хөгжил <com>
саадад	саад <dat>
хаврыг	хавар <acc>
шумбагчийг	шумбагч <acc>
организмыг	организм <acc>
заагчтай	заагч <com>
сайдын	сайд <gen>
авьяастантай	авьяастан <com>
мэдэгдлийн	мэдэгдэл <gen>
баримтлалаас	баримтлал <abl>
өмсгөлөө	өмсгөл <voc>
дарцгийг	дарцаг <acc>
янжуурын	янжуур <gen>
газраа	газар <voc>
ургацагт	ургацаг <dat>
дүгнэлтийг	дүгнэлт <acc>
бизнест	бизнес <dat>
стратегиа	стратеги <voc>
өрсөлдөөнөөс	өрсөлдөөн <abl>
тэрслэгчээр	тэрслэгч <ins>
хүчилтэй	хүчил <com>
таргалалтыг	таргалалт <acc>
мэтгэлцэгчид	мэтгэлцэгч <dat>
экосистемээс	экосистем <abl>
гурилын	гурил <gen>
байлдаанаар	байлдаан <ins>
жимсээр	жимс <ins>
толгойгоос	толгой <abl>
хуваагдлаас	хуваагдал <abl>
энэрэлд	энэрэл <dat>
гүйцэтгэлээс	гүйцэтгэл <abl>
удамшилд	удамшил <dat>
багцаанд	багцаа <dat>
ферментэд	фермент <dat>
долгионоос	долгион <abl>
химид	хими <dat>
сонсогчид	сонсогч <dat>
сорилгод	сорилго <dat>
зуслангаас	зуслан <abl>
хатаагуураа	хатаагуур <voc>
хариутай	хариу <com>
медалиа	медаль <voc>
хэрэглээний	хэрэглээ <gen>
хольцоор	хольц <ins>
энгэсгийг	энгэсэг <acc>
хучлагаас	хучлага <abl>
багтаамжаас	багтаамж <abl>
үрчлээний	үрчлээ <gen>
гүтгэлгээр	гүтгэлэг <ins>
тангог	танго <acc>
мэдээнээс	мэдээ <abl>
өгзөгтэй	өгзөг <com>
гохоо	гох <voc>
зохиолыг	зохиол <acc>
ноёноос	ноён <abl>
цахирмаагаа	цахирмаа <voc>
хоцрогдолтой	хоцрогдол <com>
бүжигчний	бүжигчин <gen>
туяатай	туяа <com>
гинжээ	гинж <voc>
хавчны	хавч <gen>
аэробикт	аэробик <dat>
хөлийн	хөл <gen>
үйлдвэрлэлд	үйлдвэрлэл <dat>
баталгаанаас	баталгаа <abl>
сампинг	сампин <acc>
ялгаанаас	ялгаа <abl>
луусаа	луус <voc>
байлдаантай	байлдаан <com>
хаялтаа	хаялт <voc>
мөрдөгчийн	мөрдөгч <gen>
бадминтоноо	бадминтон <voc>
үзүүлэнгээр	үзүүлэн <ins>
уутаа	уут <voc>
тоглоомын	тоглоом <gen>
журмын	журам <gen>
залуураар	залуур <ins>
цамцыг	цамц <acc>
төмсний	төмс <gen>
дүрмийн	дүрмийн <gen>
дилерээс	дилер <abl>
тагтнаас	тагт <abl>
шулмаа	шулам <voc>
тосгууртай	тосгуур <com>
социализмаар	социализм <ins>
нэгтгэлийн	нэгтгэл <gen>
гитараа	гитар <voc>
кассаа	касс <voc>
тойргийн	тойрог <gen>
махаа	мах <voc>
орлогчийг	орлогч <acc>
армитай	арми <com>
чиргүүлийг	чиргүүл <acc>
балетад	балет <dat>
эрхлэгчээ	эрхлэгч <voc>
үерхлээс	үерхэл <abl>
илгээмжийг	илгээмж <acc>
түгшүүрт	түгшүүр <dat>
маркетингаа	маркетинг <voc>
тулааныг	тулаан <acc>
нэвтрүүлэгчээ	нэвтрүүлэгч <voc>
исэлтийг	исэлт <acc>
шүтээнээр	шүтээн <ins>
урлалтай	урлал <com>
пальтоноос	пальто <abl>
цогцсоо	цогцос <voc>
тамхичнаар	тамхичин <ins>
эрдсээ	эрдэс <voc>
цохионоос	цохио <abl>
арбитраа	арбитр <voc>
мөрдлөгтэй	мөрдлөг <com>
нийцлийн	нийцэл <gen>
шуургатай	шуурга <com>
хөлслөгчөөс	хөлслөгч <abl>
хуваагдлаа	хуваагдал <voc>
бүрээсээ	бүрээс <voc>
жимээ	жим <voc>
линзээс	линз <abl>
дүрмийг	дүрмийн <acc>
шүхрийн	шүхэр <gen>
гарзыг	гарз <acc>
кофетой	кофе <com>
бүлэглэлд	бүлэглэл <dat>
засварчнаа	засварчин <voc>
хязгаарлалтыг	хязгаарлалт <acc>
маажинг	маажин <acc>
оёдолчинтой	оёдолчин <com>
болжмороо	болжмор <voc>
хошуучлагчид	хошуучлагч <dat>
ухралттай	ухралт <com>
орлогчоор	орлогч <ins>
шаталтаа	шаталт <voc>
уулаас	уул <abl>
амрагаар	амраг <ins>
авсыг	авс <acc>
дилерийн	дилер <gen>
дамчнаас	дамчин <abl>
онолчтой	онолч <com>
зохицуулалтыг	зохицуулалт <acc>
шрифтээс	шрифт <abl>
савхины	савхи <gen>
дэмжигчийн	дэмжигч <gen>
шавхайнаас	шавхай <abl>
символизмоо	символизм <voc>
алуурчнаас	алуурчин <abl>
дуулаачийн	дуулаач <gen>
алтны	алт <gen>
мэхлэлттэй	мэхлэлт <com>
эрэмбийн	эрэмбэ <gen>
эрдэмтнээс	эрдэмтэн <abl>
чидуны	чидун <gen>
гавьяагаа	гавьяа <voc>
экосистемээр	экосистем <ins>
зүйлээ	зүйл <voc>
дадлаа	дадал <voc>
өнцгөөр	өнцөг <ins>
кодоор	код <ins>
тохойгоос	тохой <abl>
шүдээ	шүд <voc>
мяндсаа	мяндас <voc>
үрэлтэй	үрэл <com>
туршлагаа	туршлага <voc>
шийдийг	шийд <acc>
хэрэгсэлд	хэрэгсэл <dat>
ялагчийн	ялагч <gen>
янзаас	янз <abl>
зэргээр	зэрэг <ins>
хөдөлмөртэй	хөдөлмөр <com>
сөргөлдөөнөө	сөргөлдөөн <voc>
туйлаа	туйлын <voc>
уриатай	уриа <com>
довтолгоогоор	довтолгоо <ins>
нүүдлээс	нүүдэл <abl>
үнэлгээнээс	үнэлгээ <abl>
хувилбарыг	хувилбар <acc>
дараатай	дараа <com>
зээлээс	зээл <abl>
будагт	будаг <dat>
ахыг	ах <acc>
өмгөөлөгчийг	өмгөөлөгч <acc>
мэргэнээс	мэргэ <abl>
сүргээр	сүрэг <ins>
ардчиллыг	ардчилал <acc>
хямдралаа	хямдрал <voc>
сэтгүүлчийг	сэтгүүлч <acc>
аршийг	арш <acc>
тагтаа	тагт <voc>
мэдүүлгээс	мэдүүлэг <abl>
санаанаас	санаа <abl>
судлаачийн	судлаач <gen>
илтгэлээс	илтгэл <abl>
хөхөвчтэй	хөхөвч <com>
дэнлүүний	дэнлүү <gen>
конуст	конус <dat>
хэрсүүг	хэрсүү <acc>
цогцсоос	цогцос <abl>
баталгаанд	баталгаа <dat>
ураныг	уран <acc>
гашуудалд	гашуудал <dat>
уншигчтай	уншигч <com>
хэцээ	хэц <voc>
тоонд	тоо <dat>
тэнүүлтэй	тэнүүл <com>
зурагчинд	зурагчин <dat>
тармуурыг	тармуур <acc>
тортой	торт <com>
хоцрогдлын	хоцрогдол <gen>
бахиа	бахь <voc>
оношийг	онош <acc>
дамд	дам <dat>
зоригтой	зориг <com>
автобуснаас	автобус <abl>
үйлдвэрт	үйлдвэр <dat>
логикийг	логик <acc>
банкаар	банк <ins>
жүчээгээр	жүчээ <ins>
намтрын	намтар <gen>
цардсанд	цардас <dat>
актаа	акт <voc>
явцаас	явц <abl>
амьдралаас	амьдрал <abl>
жолоочид	жолооч <dat>
үзүүлэнгээс	үзүүлэн <abl>
зүгийн	зүг <gen>
хуулбараа	хуулбар <voc>
шаналлаа	шаналал <voc>
хуримтлалаар	хуримтлал <ins>
спиртээс	спирт <abl>
жүжгээс	жүжиг <abl>
үүднээс	үүд <abl>
зуучлагчтай	зуучлагч <com>
доройтолд	доройтол <dat>
бөөлжсөө	бөөлжис <voc>
занганд	занга <dat>
алдааны	алдаа <gen>
зөвшөөрлөө	зөвшөөрөл <voc>
багажаар	багаж <ins>
зорилттой	зорилт <com>
ганхалтаас	ганхалт <abl>
үзүүлэнгээ	үзүүлэн <voc>
хонхоор	хонх <ins>
цоожноос	цоож <abl>
биологийг	биологи <acc>
илтгэлийг	илтгэл <acc>
уриагаар	уриа <ins>
гахиураас	гахиур <abl>
паспортоор	паспорт <ins>
залгаасаар	залгаас <ins>
аюулаас	аюул <abl>
дугтуйгаар	дугтуй <ins>
эрсдэлээр	эрсдэл <ins>
гаслангаас	гаслан <abl>
өргөргийн	өргөрөг <gen>
хуваарьд	хуваарь <dat>
хочтой	хоч <com>
тоолуурт	тоолуур <dat>
нисгэгчтэй	нисгэгч <com>
солонгоо	солонго <voc>
мөнгийг	мөнгө <acc>
заавраа	заавар <voc>
бүсгүйтэй	бүсгүй <com>
дамчныг	дамчин <acc>
салыг	сал <acc>
консулаа	консул <voc>
биеллийг	биелэл <acc>
хаягдлаа	хаягдал <voc>
хулганыг	хулгана <acc>
угсралтын	угсралт <gen>
тэмцэгчээ	тэмцэгч <voc>
багсанд	багс <dat>
гүжирдлэгтэй	гүжирдлэг <com>
хувцсанд	хувцас <dat>
шавхайгаар	шавхай <ins>
дутагдалд	дутагдал <dat>
мастерын	мастер <gen>
завсарлагыг	завсарлага <acc>
удмын	удам <gen>
нягтралд	нягтрал <dat>
фракцаас	фракц <abl>
анхааруулгатай	анхааруулга <com>
тэмүүлэлтэй	тэмүүлэл <com>
томилгоог	томилгоо <acc>
мөсний	мөс <gen>
өгүүлэгдэхүүнд	өгүүлэгдэхүүн <dat>
татвараа	татвар <voc>
болжморыг	болжмор <acc>
овогт	овог <dat>
турникийг	турник <acc>
тохижуулалтад	тохижуулалт <dat>
дамартай	дамар <com>
зүгт	зүг <dat>
ёгтлолоо	ёгтлол <voc>
өрсөлдөгчтэй	өрсөлдөгч <com>
үртсээ	үртэс <voc>
бахархлаар	бахархал <ins>
хасагдагчаас	хасагдагч <abl>
дүрмээ	дүрэм <voc>
сүрээр	сүр <ins>
цавьтай	цавь <com>
багцааг	багцаа <acc>
гэгээрлээс	гэгээрэл <abl>
ирмэгийн	ирмэг <gen>
мушгианаас	мушгиа <abl>
видеоноос	видео <abl>
мөчлөгөө	мөчлөг <voc>
лавлахаа	лавлах <voc>
хуанлийн	хуанли <gen>
тахиагаа	тахиа <voc>
нүхэнд	нүх <dat>
мөчрөөс	мөчир <abl>
оптимизмыг	оптимизм <acc>
хаалгачаас	хаалгач <abl>
хэрэгтнийг	хэрэгтэн <acc>
хананд	хана <dat>
баярыг	баяр <acc>
хандивлагчийн	хандивлагч <gen>
тосонд	тос <dat>
цилиндрийн	цилиндр <gen>
хавчтай	хавч <com>
махнаас	мах <abl>
тариураас	тариур <abl>
андаас	анд <abl>
шүтэлцээнд	шүтэлцээ <dat>
ангиллаа	ангилал <voc>
костюмын	костюм <gen>
шийдвэрлэгчтэй	шийдвэрлэгч <com>
хязгаарлалттай	хязгаарлалт <com>
зааварчилгаатай	зааварчилгаа <com>
тусгалтай	тусгал <com>
гавлаар	гавал <ins>
дүүжингээ	дүүжин <voc>
атгыг	атга <acc>
системтэй	систем <com>
пингийн	пин <gen>
энгэртэй	энгэр <com>
шулмаас	шулам <abl>
төсөөллөө	төсөөлөл <voc>
түүхээс	түүх <abl>
дараанаас	дараа <abl>
гунигийн	гуниг <gen>
оромжоор	оромж <ins>
барцдыг	барцад <acc>
эврийг	эвэр <acc>
баримтлалыг	баримтлал <acc>
салааг	салаа <acc>
ослоос	осол <abl>
урлагтай	урлаг <com>
холестериныг	холестерин <acc>
шинэтгэлд	шинэтгэл <dat>
эрхшээлтэй	эрхшээл <com>
шүхрээр	шүхэр <ins>
туульд	тууль <dat>
торгуулийн	торгууль <gen>
тавиураар	тавиур <ins>
судрыг	судар <acc>
найрамдлаа	найрамдал <voc>
физиологиос	физиологи <abl>
ээрүүлээ	ээрүүл <voc>
дайнаа	дайн <voc>
дүнзийг	дүнз <acc>
хүүхэлдэйг	хүүхэлдэй <acc>
гудамжаа	гудамж <voc>
зорилтоор	зорилт <ins>
өчигдрөөр	өчигдөр <ins>
уянгад	уянга <dat>
өргөтгөлд	өргөтгөл <dat>
гаргалтад	гаргалт <dat>
алхмыг	алхам <acc>
хурдаар	хурд <ins>
холболтын	холболт <gen>
шархны	шарх <gen>
үйлийг	үйл <acc>
эсрэгцэлтэй	эсрэгцэл <com>
хугарлаас	хугарал <abl>
заанд	заан <dat>
засварчинтай	засварчин <com>
костюмыг	костюм <acc>
талбарын	талбар <gen>
орцоо	орц <voc>
дархлааг	дархлаа <acc>
эвэрлэгийг	эвэрлэг <acc>
капиталаа	капитал <voc>
амбаарт	амбаар <dat>
нөхцөлтэй	нөхцөл <com>
ширээтэй	ширээ <com>
үнэлэлтэд	үнэлэлт <dat>
бэлчээрээс	бэлчээр <abl>
ургацгаар	ургацаг <ins>
шөнөд	шөнө <dat>
дунгийн	дун <gen>
цэрний	цэр <gen>
загасыг	загас <acc>
хариултыг	хариулт <acc>
хоцрогдлыг	хоцрогдол <acc>
ойлтоор	ойлт <ins>
гайхамшгаас	гайхамшиг <abl>
хамгааллын	хамгаалал <gen>
соёлыг	соёл <acc>
хошуунаас	хошуу <abl>
ханшид	ханш <dat>
ногтны	ногт <gen>
индүүдлэгээр	индүүдлэг <ins>
буцалтаас	буцалт <abl>
мансуурлаас	мансуурал <abl>
гомдолтой	гомдол <com>
экватораа	экватор <voc>
дамрын	дамар <gen>
найдлагаар	найдлага <ins>
гарчгаар	гарчиг <ins>
харьяалалд	харьяалал <dat>
тэмдэглэлийг	тэмдэглэл <acc>
салтай	сал <com>
хохирлоос	хохирол <abl>
хэмжигчтэй	хэмжигч <com>
төвлөрүүлэлтээр	төвлөрүүлэлт <ins>
курсийг	курс <acc>
актыг	акт <acc>
зөөгчид	зөөгч <dat>
улсын	улс <gen>
элгийг	элэг <acc>
үндэслэлийн	үндэслэл <gen>
хавиргаа	хавирга <voc>
шонгоор	шон <ins>
тагнуулаа	тагнуул <voc>
эргүүг	эргүү <acc>
донтонтой	донтон <com>
тасагтай	тасаг <com>
барьцаагаа	барьцаа <voc>
хунг	хун <acc>
авгалдайд	авгалдай <dat>
аавын	аав <gen>
оёдолчинд	оёдолчин <dat>
маажингийн	маажин <gen>
хакераас	хакер <abl>
маргаанаас	маргаан <abl>
хавчаараар	хавчаар <ins>
хавчаа	хавч <voc>
харвалтаас	харвалт <abl>
хагацлын	хагацал <gen>
сэтгэлээр	сэтгэл <ins>
түлээчнээр	түлээчин <ins>
шавхайд	шавхай <dat>
булангаас	булан <abl>
төвлөрөлд	төвлөрөл <dat>
магтаалыг	магтаал <acc>
цаазаа	цааз <voc>
уншигчаар	уншигч <ins>
харьцуулалтаа	харьцуулалт <voc>
эрэлтэй	эрэл <com>
хайчтай	хайч <com>
дамжуулалтаа	дамжуулалт <voc>
эрхсээ	эрхэс <voc>
боолтод	боолт <dat>
нийтлэлд	нийтлэл <dat>
хөнгөлөлтөд	хөнгөлөлт <dat>
чийгийг	чийг <acc>
титмээс	титэм <abl>
трансформатораас	трансформатор <abl>
сумангаар	суман <ins>
үүргэвчтэй	үүргэвч <com>
гарцаас	гарц <abl>
үлдэгдлээс	үлдэгдэл <abl>
оршилтой	оршил <com>
цуугаа	цуу <voc>
боолтоо	боолт <voc>
хэвлэлийн	хэвлэл <gen>
утгаар	утга <ins>
бэлээс	бэл <abl>
тунхаглалын	тунхаглал <gen>
санаачлагчаа	санаачлагч <voc>
мөлжлөгт	мөлжлөг <dat>
зэмлэлд	зэмлэл <dat>
зөгийгөө	зөгий <voc>
өвдгөнд	өвдөг <dat>
тонуулаа	тонуул <voc>
тагтны	тагт <gen>
цуургыг	цуурга <acc>
бүлэглэлийн	бүлэглэл <gen>
ичээгээ	ичээ <voc>
зөнгөөр	зөн <ins>
гөрөөтэй	гөрөө <com>
зарлалыг	зарлал <acc>
боловсролтой	боловсрол <com>
өгөөштэй	өгөөш <com>
хэвээр	хэв <ins>
цөмийг	цөм <acc>
хардлагыг	хардлага <acc>
егөөдлийн	егөөдөл <gen>
бүтээгдэхүүнээс	бүтээгдэхүүн <abl>
харилцууртай	харилцуур <com>
ирцээс	ирц <abl>
спиртээ	спирт <voc>
өөрчлөлтөөр	өөрчлөлт <ins>
тээврийг	тээвэр <acc>
бүтцээр	бүтэц <ins>
хэвд	хэв <dat>
хошуугаа	хошуу <voc>
сэжүүртэй	сэжүүр <com>
тэнгэрийн	тэнгэр <gen>
мэдэгдлээс	мэдэгдэл <abl>
орчуулгаас	орчуулга <abl>
шоглоомыг	шоглоом <acc>
шаардлагатай	шаардлага <com>
хувьсгагчид	хувьсгагч <dat>
семинараа	семинар <voc>
эргийг	эрэг <acc>
шрифтээ	шрифт <voc>
болзоонд	болзоо <dat>
гэрээг	гэрээ <acc>
нөхрөө	нөхөр <voc>
асфальтын	асфальт <gen>
зангатай	занга <com>
духны	дух <gen>
салалтыг	салалт <acc>
мөхөөлдсөнд	мөхөөлдөс <dat>
дарцгаас	дарцаг <abl>
дэмжигчийг	дэмжигч <acc>
цээрийг	цээр <acc>
диаметртэй	диаметр <com>
бөмбөгийг	бөмбөг <acc>
дэвсгэртэй	дэвсгэр <com>
хаалганаас	хаалга <abl>
залуурт	залуур <dat>
ширээнд	ширээ <dat>
хуульчаас	хуульч <abl>
ишийн	иш <gen>
загаснаас	загас <abl>
дэлгэцээс	дэлгэц <abl>
жишгээ	жишиг <voc>
донгоос	дон <abl>
соруулын	соруул <gen>
сэрэмжлүүлэгт	сэрэмжлүүлэг <dat>
амуугаа	амуу <voc>
генералаар	генерал <ins>
могойгоос	могой <abl>
дараалалтай	дараалал <com>
ходоодыг	ходоод <acc>
зурагчинтай	зурагчин <com>
эрдэмтэнд	эрдэмтэн <dat>
хуудсаа	хуудас <voc>
теннисээ	теннис <voc>
бараанд	бараа <dat>
урагт	ургийнхан <dat>
бачимдлын	бачимдал <gen>
өгөөшний	өгөөш <gen>
ээрүүлийг	ээрүүл <acc>
үнэлэмжээр	үнэлэмж <ins>
шинэтгэлийн	шинэтгэл <gen>
тэгшитгэлээс	тэгшитгэл <abl>
үзүүртэй	үзүүр <com>
хувьсгагчтай	хувьсгагч <com>
залгаатай	залгаа <com>
чадварт	чадвар <dat>
холболтоо	холболт <voc>
санхүүчээр	санхүүч <ins>
хасагдагчид	хасагдагч <dat>
зөвлөгчид	зөвлөгч <dat>
ялагдлаас	ялагдал <abl>
төлбөрөөр	төлбөр <ins>
хөргөгчийн	хөргөгч <gen>
шумбагчид	шумбагч <dat>
оргилоос	оргил <abl>
бугаар	буга <ins>
линзээр	линз <ins>
байгууламжийг	байгууламж <acc>
аавыг	аавынх <acc>
ойлголтыг	ойлголт <acc>
драмыг	драм <acc>
голыг	гол <acc>
хөөрлөөс	хөөрөл <abl>
амиа	амь <voc>
утасны	утас <gen>
өндгөө	өндөг <voc>
фронтод	фронт <dat>
сэргээштэй	сэргээш <com>
тайлбарлагчид	тайлбарлагч <dat>
ойлголтоор	ойлголт <ins>
жүжигчнээр	жүжигчин <ins>
давталтаа	давталт <voc>
гортигт	гортиг <dat>
бичгийн	бичиг <gen>
нэхийгээр	нэхий <ins>
гуйлгаас	гуйлга <abl>
цомгоос	цомог <abl>
туршуултай	туршуул <com>
шургуулгын	шургуулга <gen>
гэдсийг	гэдэс <acc>
нийлэмжийн	нийлэмж <gen>
логикийн	логик <gen>
чонотой	чоно <com>
зүйрлэлд	зүйрлэл <dat>
бөгснөөс	бөгс <abl>
тагтанд	тагт <dat>
хэлтэй	хэл <com>
эрхшээлд	эрхшээл <dat>
булшнаас	булш <abl>
слайдаар	слайд <ins>
драмаа	драм <voc>
туйлын	туйл <gen>
видеонд	видео <dat>
багцаар	багц <ins>
бутралын	бутрал <gen>
цэнгэлээр	цэнгэл <ins>
тулаанаар	тулаан <ins>
уцаартай	уцаар <com>
шүүдэрт	шүүдэр <dat>
таргаа	тарга <voc>
хайрцгийг	хайрцаг <acc>
гүнждийг	гүнжид <acc>
хуулийн	хууль <gen>
төмсөгт	төмсөг <dat>
хуваариас	хуваарь <abl>
үзүүрийн	үзүүр <gen>
гаргалттай	гаргалт <com>
судлаар	судал <ins>
оршлоор	оршил <ins>
таамаглалын	таамаглал <gen>
залгаасны	залгаас <gen>
олсыг	олс <acc>
архичинтай	архичин <com>
адгуусны	адгуус <gen>
хэлбэрийг	хэлбэр <acc>
тэмцэгчид	тэмцэгч <dat>
нөхөөсөнд	нөхөөс <dat>
бүтээгдэхүүнд	бүтээгдэхүүн <dat>
хүчирхийллийг	хүчирхийлэл <acc>
тасалбарт	тасалбар <dat>
гурилаа	гурил <voc>
үрчлээгээ	үрчлээ <voc>
шалгагчаа	шалгагч <voc>
аянгад	аянга <dat>
мөөгнөөс	мөөг <abl>
инерцийг	инерц <acc>
хүндрэлтэй	хүндрэл <com>
оёдлоос	оёдол <abl>
үнийн	үнэ <gen>
тодорхойлолтоо	тодорхойлолт <voc>
боолтыг	боолт <acc>
шөрмөсийг	шөрмөс <acc>
завины	завь <gen>
зохицуулалттай	зохицуулалт <com>
өсгийнөөс	өсгий <abl>
бэртэлтээр	бэртэлт <ins>
өгөгдлөө	өгөгдөл <voc>
үүг	үү <acc>
нойроор	нойр <ins>
дөнжид	дөнжөө <dat>
дайралтаа	дайралт <voc>
шившгийг	шившиг <acc>
өрөө	өр <voc>
дарангуйллаас	дарангуйлал <abl>
дүүжинг	дүүжин <acc>
талийгчийг	талийгч <acc>
багцтай	багц <com>
гэрчид	гэрч <dat>
үнэгээ	үнэг <voc>
буттай	бут <com>
бэлчээрийг	бэлчээр <acc>
аэробикээр	аэробик <ins>
маркийг	марк <acc>
үрлэгээр	үрлэг <ins>
биллиардаар	биллиард <ins>
хадаасаа	хадаас <voc>
соёогоо	соёо <voc>
гуйлгачнаас	гуйлгачин <abl>
үзэмжээ	үзэмж <voc>
алиалагчийг	алиалагч <acc>
хөхөө	хөх <voc>
цэрдэд	цэрд <dat>
бохины	бохь <gen>
эриний	эрин <gen>
наалтын	наалт <gen>
дайчилгаагаар	дайчилгаа <ins>
хуанлид	хуанли <dat>
хоцрогдлоос	хоцрогдол <abl>
тарилгатай	тарилга <com>
харилцаатай	харилцаа <com>
романаас	роман <abl>
оптимизмоор	оптимизм <ins>
онгодод	онгод <dat>
үрд	үр <dat>
тэнгэрийг	тэнгэр <acc>
хэцээр	хэц <ins>
авралыг	аврал <acc>
амталгаагаар	амталгаа <ins>
цамцаар	цамц <ins>
буурцагтай	буурцаг <com>
зэрэглээнд	зэрэглээ <dat>
тунадастай	тунадас <com>
шалгагчийн	шалгагч <gen>
тушаалаа	тушаал <voc>
бариагаар	бариа <ins>
пивонд	пиво <dat>
үзэмд	үзэм <dat>
хурдатгалаар	хурдатгал <ins>
төвлөрлөөс	төвлөрөл <abl>
бэрийг	бэр <acc>
зарлагын	зарлага <gen>
хорхойгоор	хорхой <ins>
чимэглэлээ	чимэглэл <voc>
зөрчлөөр	зөрчил <ins>
зангыг	занга <acc>
товчлуурт	товчлуур <dat>
устгагчаар	устгагч <ins>
зүйлд	зүйл <dat>
бадминтонтой	бадминтон <com>
будаатай	будаа <com>
тамыг	там <acc>
шууданчаар	шууданч <ins>
гогцоогоо	гогцоо <voc>
хөөсний	хөөс <gen>
нууцлалд	нууцлал <dat>
махлагаа	махлаг <voc>
ялагчаас	ялагч <abl>
ноорогт	ноорог <dat>
тасралаас	тасрал <abl>
чийгшлээр	чийгшил <ins>
гуутай	гуу <com>
анчнаар	анчин <ins>
хүндрэлээ	хүндрэл <voc>
гэмтэлд	гэмтэл <dat>
лазераа	лазер <voc>
хаалтаа	хаалт <voc>
энэрлийн	энэрэл <gen>
туулиас	тууль <abl>
амрагийг	амраг <acc>
сануулгаа	сануулга <voc>
синдромд	синдром <dat>
хорвоог	хорвоо <acc>
сүсэгт	сүсэг <dat>
цогцостой	цогцос <com>
бүтээлгээс	бүтээлэг <abl>
тархалтаар	тархалт <ins>
илтгэлийн	илтгэл <gen>
хэвлэлтээ	хэвлэлт <voc>
харилцаагаар	харилцаа <ins>
цувралд	цуврал <dat>
хохирлоо	хохирол <voc>
фронттой	фронт <com>
зэрэглэлтэй	зэрэглэл <com>
морио	морь <voc>
алчуураас	алчуур <abl>
бөмбөрцгөөс	бөмбөрцөг <abl>
дасгалаас	дасгал <abl>
хаялтыг	хаялт <acc>
багажийн	багаж <gen>
уургийг	уураг <acc>
салалтаа	салалт <voc>
аврагчтай	аврагч <com>
гэмшлээ	гэмшил <voc>
чөлөөгөө	чөлөө <voc>
хайлтаас	хайлт <abl>
шавхайг	шавхай <acc>
худалдаанд	худалдаа <dat>
алдартнаас	алдартан <abl>
хагарлаар	хагарал <ins>
зугтуулын	зугтуул <gen>
хүндийг	хүнд <acc>
шивнээгээ	шивнээ <voc>
талбараас	талбар <abl>
бэлхүүсэвчийн	бэлхүүсэвч <gen>
төгсгөлийн	төгсгөл <gen>
бохирдлоо	бохирдол <voc>
амтанд	амт <dat>
нохойн	нохой <gen>
айзмаа	айзам <voc>
хөгжимчинд	хөгжимчин <dat>
чивчүүрийг	чивчүүр <acc>
үсэгт	үсэг <dat>
тавиланд	тавилан <dat>
гайхамшигт	гайхамшиг <dat>
дургүйцлийн	дургүйцэл <gen>
протоколоос	протокол <abl>
өөхтэй	өөх <com>
цөмд	цөм <dat>
дэвтрийн	дэвтэр <gen>
оролцооны	оролцоо <gen>
бариулын	бариул <gen>
стандартаар	стандарт <ins>
саадыг	саад <acc>
үзмээс	үзэм <abl>
дилерийг	дилер <acc>
танкнаас	танк <abl>
хөдөлмөрчинтэй	хөдөлмөрчин <com>
солиогоо	солио <voc>
төглөө	төгөл <voc>
суултуурын	суултуур <gen>
гашуудалтай	гашуудал <com>
зодооноо	зодоон <voc>
хоньчинд	хоньчин <dat>
талийгчаар	талийгч <ins>
танилаа	танил <voc>
өвийн	өв <gen>
элементтэй	элемент <com>
цоожны	цоож <gen>
зүйлийн	зүйл <gen>
гаансны	гаанс <gen>
цусанд	цус <dat>
айдсаар	айдас <ins>
магтаалаар	магтаал <ins>
гэлэнмаагаас	гэлэнмаа <abl>
адаас	ад <abl>
нөлөөтэй	нөлөө <com>
зүхлээр	зүхэл <ins>
лектороор	лектор <ins>
тарилгаас	тарилга <abl>
гаслангийн	гаслан <gen>
турникт	турник <dat>
мэргэжлээр	мэргэжил <ins>
бололцооноос	бололцоо <abl>
экологийг	экологи <acc>
халимаар	халим <ins>
гялгарыг	гялгар <acc>
реализмаас	реализм <abl>
хүүрзгэнэд	хүүрзгэнэ <dat>
оюутнаар	оюутан <ins>
урианаас	уриа <abl>
дэвсгэрээр	дэвсгэр <ins>
бартааг	бартаа <acc>
ялагчаар	ялагч <ins>
удиртгалтай	удиртгал <com>
нүхний	нүх <gen>
гүнждээ	гүнжид <voc>
томтой	том <com>
гаргаар	гараг <ins>
эзэмшигчид	эзэмшигч <dat>
үерхлийг	үерхэл <acc>
тохижуулалтаар	тохижуулалт <ins>
яншуйгаа	яншуй <voc>
задралаас	задрал <abl>
ухралтаас	ухралт <abl>
барилгад	барилга <dat>
авд	ав <dat>
завиар	завь <ins>
огтлолцлоо	огтлолцол <voc>
тахианаас	тахиа <abl>
хөвөнгөө	хөвөн <voc>
танилцуулгаар	танилцуулга <ins>
үүслээс	үүсэл <abl>
огтлоосоор	огтлоос <ins>
тээрмийн	тээрэм <gen>
тэвчээртэй	тэвчээр <com>
сүмээр	сүм <ins>
эмтэй	эм <com>
хүчинд	хүч <dat>
текстээс	текст <abl>
паспортод	паспорт <dat>
хөршийн	хөрш <gen>
циркээр	цирк <ins>
өсгийний	өсгий <gen>
тайлбарлагчтай	тайлбарлагч <com>
андтай	анд <com>
орчуулгаа	орчуулга <voc>
дархлаанд	дархлаа <dat>
ирцээр	ирц <ins>
цөхрөлөө	цөхрөл <voc>
сайдыг	сайд <acc>
тоотой	тоо <com>
хондлойгоор	хондлой <ins>
хөнгөлөлтөөс	хөнгөлөлт <abl>
гахайг	гахай <acc>
бүтээгдэхүүний	бүтээгдэхүүн <gen>
шувуугаар	шувуу <ins>
долларыг	доллар <acc>
нууцлалаа	нууцлал <voc>
чихрээр	чихэр <ins>
бичвэрт	бичвэр <dat>
ээжээ	ээж <voc>
агшилтаа	агшилт <voc>
байцаагчаар	байцаагч <ins>
ажиглагчаар	ажиглагч <ins>
урлагт	урлаг <dat>
цагцгайтай	цагцгай <com>
тэмцээний	тэмцээн <gen>
зангааг	зангаа <acc>
сагагтай	сагаг <com>
ноёрхлын	ноёрхол <gen>
хагацалтай	хагацал <com>
задралтай	задрал <com>
прокурортой	прокурор <com>
оёдлын	оёдол <gen>
туяанд	туяа <dat>
эврээр	эвэр <ins>
хамсаатнаа	хамсаатан <voc>
устгагчаа	устгагч <voc>
будаагаа	будаа <voc>
тэмүүллийг	тэмүүлэл <acc>
луйварчныг	луйварчин <acc>
хувьцаанд	хувьцаа <dat>
чимэглэлд	чимэглэл <dat>
зохицолтой	зохицол <com>
ханатай	хана <com>
гялгарт	гялгар <dat>
ялгавраар	ялгавар <ins>
буудлагын	буудлага <gen>
хувилбараар	хувилбар <ins>
хэргээр	хэрэг <ins>
бичвэртэй	бичвэр <com>
тэмдгийн	тэмдэг <gen>
фонтын	фонт <gen>
арифметикт	арифметик <dat>
илгээгчийн	илгээгч <gen>
гоймонг	гоймон <acc>
бөөлжиснөөс	бөөлжис <abl>
бөөмтэй	бөөм <com>
үнэлэмжийг	үнэлэмж <acc>
хирсээр	хирс <ins>
циклийг	цикл <acc>
гэрээс	гэр <abl>
танилаас	танил <abl>
гаригтай	гариг <com>
таарамжийн	таарамж <gen>
мэрэгчтэй	мэрэгч <com>
эсийг	эс <acc>
бөөрнөөс	бөөр <abl>
яамны	яам <gen>
хэмнэлээ	хэмнэл <voc>
таргад	тарга <dat>
томьёотой	томьёо <com>
тунхгаас	тунхаг <abl>
илбэчнийг	илбэчин <acc>
чийгшлийг	чийгшил <acc>
алтаар	алт <ins>
ангилалтыг	ангилалт <acc>
анкетыг	анкет <acc>
зорчигчийн	зорчигч <gen>
хянагчийн	хянагч <gen>
эрхийг	эрх <acc>
хуримтлалд	хуримтлал <dat>
заагчаас	заагч <abl>
хандлагатай	хандлага <com>
дүгнэлттэй	дүгнэлт <com>
ухагдахуунаар	ухагдахуун <ins>
шүлсэвчээр	шүлсэвч <ins>
нойртой	нойр <com>
бөөрөнд	бөөр <dat>
залхуурлаа	залхуурал <voc>
сониноо	сонин <voc>
шуламтай	шулам <com>
залуурын	залуур <gen>
агуйгаа	агуй <voc>
самбараа	самбар <voc>
сурагчтай	сурагч <com>
үүргэвчээ	үүргэвч <voc>
найрамдлаар	найрамдал <ins>
зангиатай	зангиа <com>
хатуулгаа	хатуулга <voc>
жинлүүрт	жинлүүр <dat>
боргионд	боргио <dat>
аринд	ари <dat>
тэлэлтээ	тэлэлт <voc>
уяагаа	уяа <voc>
дэгдэлттэй	дэгдэлт <com>
өчигдөрт	өчигдөр <dat>
эшлэлийг	эшлэл <acc>
зүхэлд	зүхэл <dat>
хайрцгаа	хайрцаг <voc>
тэлээтэй	тэлээ <com>
самбараар	самбар <ins>
шидэлттэй	шидэлт <com>
булшийг	булш <acc>
чихрээс	чихэр <abl>
ойлтын	ойлт <gen>
зөрөлдөөний	зөрөлдөөн <gen>
ханиадаа	ханиад <voc>
ваарт	ваар <dat>
улирлын	улирал <gen>
гудамжны	гудамж <gen>
ганцаардлаа	ганцаардал <voc>
чөлөөлөлтөөр	чөлөөлөлт <ins>
өмгөөллөө	өмгөөлөл <voc>
хөдөлгөгчөөр	хөдөлгөгч <ins>
худалдаагаар	худалдаа <ins>
касснаас	касс <abl>
нийгэмтэй	нийгэм <com>
шургийн	шураг <gen>
бүжигчинтэй	бүжигчин <com>
эрхийн	эрх <gen>
урамшууллын	урамшуулал <gen>
амбицаас	амбиц <abl>
эрхсээс	эрхэс <abl>
шүглээ	шүгэл <voc>
балетаар	балет <ins>
хурдатгалыг	хурдатгал <acc>
залхууралтай	залхуурал <com>
биологио	биологи <voc>
төгсөгчийн	төгсөгч <gen>
сануулгад	сануулга <dat>
багцаагаар	багцаа <ins>
адилслаа	адилсал <voc>
өргөлтөө	өргөлт <voc>
сэтгэлийг	сэтгэл <acc>
удирдамжтай	удирдамж <com>
мушгианд	мушгиа <dat>
хэрсүүнд	хэрсүү <dat>
уулзалтын	уулзалт <gen>
шархаа	шарх <voc>
манлайллаас	манлайлал <abl>
углаашийн	углааш <gen>
хүнтэй	хүн <com>
тотемын	тотем <gen>
бүрэлбаагаа	бүрэлбаа <voc>
гарцтай	гарц <com>
буудалтай	буудал <com>
ханшийн	ханш <gen>
ухаарлыг	ухаарал <acc>
символизмын	символизм <gen>
салаа	сал <voc>
болзлоо	болзол <voc>
шүрээр	шүр <ins>
бугад	буга <dat>
танкаа	танк <voc>
байнгыг	байнгын <acc>
өвтэй	өв <com>
биелэлттэй	биелэлт <com>
самаар	сам <ins>
зараагаа	зараа <voc>
чивчүүрийн	чивчүүр <gen>
төлөвийн	төлөв <gen>
түншид	түнш <dat>
загвартай	загвар <com>
хошуучтай	хошууч <com>
нийгэмлэгээс	нийгэмлэг <abl>
сүүний	сүү <gen>
эмэгчнээ	эмэгчин <voc>
зөрчилдөөнд	зөрчилдөөн <dat>
заншлаар	заншил <ins>
тушаалын	тушаал <gen>
өөхөөр	өөх <ins>
нянгаас	нян <abl>
үйлдвэрийг	үйлдвэр <acc>
бутралд	бутрал <dat>
нэхийтэй	нэхий <com>
араагаар	араа <ins>
хэлэлцүүлгээ	хэлэлцүүлэг <voc>
анкетад	анкет <dat>
хэмжээсээр	хэмжээс <ins>
жараахайгаа	жараахай <voc>
радиуст	радиус <dat>
төвлөрөлтэй	төвлөрөл <com>
болжмороос	болжмор <abl>
бөмбөгнөөс	бөмбөг <abl>
зангилаагаа	зангилаа <voc>
биологид	биологи <dat>
гадсыг	гадас <acc>
эцсээс	эцэс <abl>
талыг	тал <acc>
түрүүнээс	түрүү <abl>
ялгалтаар	ялгалт <ins>
пайзтай	пайз <com>
талд	тал <dat>
пивоны	пиво <gen>
мэхэнд	мэх <dat>
адгуусанд	адгуус <dat>
эмчид	эмч <dat>
үрчлээг	үрчлээ <acc>
тангоноос	танго <abl>
хөргөгчөө	хөргөгч <voc>
савнаас	сав <abl>
нянг	нян <acc>
дайчилгаатай	дайчилгаа <com>
оргуулд	оргуул <dat>
жишээгээ	жишээ <voc>
зуушинд	зууш <dat>
армиас	арми <abl>
хэцтэй	хэц <com>
хүлээсний	хүлээс <gen>
хандивлагчтай	хандивлагч <com>
пайзнаас	пайз <abl>
танхимын	танхим <gen>
тараалттай	тараалт <com>
өргөлттэй	өргөлт <com>
мөнхөд	мөнх <dat>
тэгшитгэлийг	тэгшитгэл <acc>
уртрагтай	уртраг <com>
хорголжоо	хорголж <voc>
тайлбарт	тайлбар <dat>
зөвлөгөөгөөр	зөвлөгөө <ins>
таслалаар	таслал <ins>
найраа	найр <voc>
үнэлэмжтэй	үнэлэмж <com>
хавтангаас	хавтан <abl>
лазерыг	лазер <acc>
нийлэмжийг	нийлэмж <acc>
тахыг	тах <acc>
шаардлагаар	шаардлага <ins>
бүтэлгүйтлийг	бүтэлгүйтэл <acc>
цайтай	цай <com>
хүүгээс	хүү <abl>
бизнесээ	бизнес <voc>
үерээс	үер <abl>
залуураа	залуур <voc>
солилцоог	солилцоо <acc>
нохойг	нохой <acc>
дүүжлүүрт	дүүжлүүр <dat>
харагдцын	харагдац <gen>
курст	курс <dat>
гацууртай	гацуур <com>
хоньчныг	хоньчин <acc>
цувааг	цуваа <acc>
өөдөстэй	өөдөс <com>
тууралттай	тууралт <com>
хатгамлаар	хатгамал <ins>
тосгуураас	тосгуур <abl>
сургуулийг	сургууль <acc>
дампууралтай	дампуурал <com>
маркетингтай	маркетинг <com>
шалтгаанаар	шалтгаан <ins>
өрсөлдөөнөө	өрсөлдөөн <voc>
наймаачинтай	наймаачин <com>
хуримд	хурим <dat>
үзмийг	үзэм <acc>
цулбуурыг	цулбуур <acc>
өвдгөөр	өвдөг <ins>
ухуулгаар	ухуулга <ins>
ангаахайн	ангаахай <gen>
хатуужлыг	хатуужил <acc>
анхаарлаас	анхаарал <abl>
цамцаа	цамц <voc>
актын	акт <gen>
завхайрлаа	завхайрал <voc>
чөлөөний	чөлөө <gen>
утаанаас	утаа <abl>
хүслэнгээр	хүслэн <ins>
төвөөр	төв <ins>
өрийг	өр <acc>
чанараа	чанар <voc>
гүүрээр	гүүр <ins>
уйтгараар	уйтгар <ins>
зэрэглээнээс	зэрэглээ <abl>
бичээсний	бичээс <gen>
зөгнөлд	зөгнөл <dat>
экологиос	экологи <abl>
завхралыг	завхрал <acc>
сэдлийг	сэдэл <acc>
араншингийн	араншин <gen>
тэмцэгчээс	тэмцэгч <abl>
хамтатгалтай	хамтатгал <com>
чимгийн	чимэг <gen>
эзний	эзэн <gen>
хэмнэлтийн	хэмнэлт <gen>
сүнсээр	сүнс <ins>
мөгөөрсөөр	мөгөөрс <ins>
биелэлтийг	биелэлт <acc>
титэмтэй	титэм <com>
экосистемтэй	экосистем <com>
ослоо	осол <voc>
ажилтай	ажил <com>
эргэлзээг	эргэлзээ <acc>
хөөрөлтийн	хөөрөлт <gen>
радиогийн	радио <gen>
синдромоос	синдром <abl>
хөдлөлд	хөдлөл <dat>
хуягийг	хуяг <acc>
харшилдаанд	харшилдаан <dat>
нидрүүлгээ	нидрүүлэг <voc>
алуурчинд	алуурчин <dat>
сүүгээ	сүү <voc>
тогтоолоос	тогтоол <abl>
санаачлагчийг	санаачлагч <acc>
адилтгалтай	адилтгал <com>
сэлгээгээ	сэлгээ <voc>
иллэгт	иллэг <dat>
шошид	шош <dat>
цуунд	цуу <dat>
хунгаар	хун <ins>
төгсөгчөө	төгсөгч <voc>
санамжийг	санамж <acc>
лавлагаанаас	лавлагаа <abl>
довцгийн	довцог <gen>
ааваас	аав <abl>
үүргийг	үүрэг <acc>
арьсаа	арьс <voc>
гудамжинд	гудамж <dat>
тэмтрүүлтэй	тэмтрүүл <com>
луйварчнаар	луйварчин <ins>
зохицлын	зохицол <gen>
байгаа	бай <voc>
хэрэгцээгээр	хэрэгцээ <ins>
хүзүүний	хүзүү <gen>
ангилалтай	ангилал <com>
егөөгөөр	егөө <ins>
нэвтрүүлэгчээс	нэвтрүүлэгч <abl>
шивээсээр	шивээс <ins>
гадилтай	гадил <com>
тодорхойлолттой	тодорхойлолт <com>
нүдийг	нүд <acc>
тогоочоор	тогооч <ins>
адилтгалд	адилтгал <dat>
ёжлолоо	ёжлол <voc>
шивнээний	шивнээ <gen>
тавыг	тав <acc>
экваторт	экватор <dat>
ороолтоор	ороолт <ins>
дуслаас	дусал <abl>
дарцагтай	дарцаг <com>
тэмцлийг	тэмцэл <acc>
ууршилтыг	ууршилт <acc>
туршлагаас	туршлага <abl>
хавчаарт	хавчаар <dat>
биелэлтэй	биелэл <com>
асуулгын	асуулга <gen>
эрхээ	эрх <voc>
өттэй	өт <com>
үзэсгэлэнгээ	үзэсгэлэн <voc>
бугаас	буга <abl>
кабелийн	кабель <gen>
хүндлэлээс	хүндлэл <abl>
энгэрийн	энгэр <gen>
санхүүчтэй	санхүүч <com>
ховилоос	ховил <abl>
лаазыг	лааз <acc>
исэлдэлтээ	исэлдэлт <voc>
олсноос	олс <abl>
маягтай	маяг <com>
аммиакийг	аммиак <acc>
цохиурт	цохиур <dat>
илтгэлээр	илтгэл <ins>
тариачнаар	тариачин <ins>
дадлагатай	дадлага <com>
хэрэглээнд	хэрэглээ <dat>
зөвшилцөлтэй	зөвшилцөл <com>
үзэмжээс	үзэмж <abl>
мэрийлтээр	мэрийлт <ins>
амбицаа	амбиц <voc>
компьютероор	компьютер <ins>
хөдөлмөрт	хөдөлмөр <dat>
ухуулгыг	ухуулга <acc>
хөшүүргийн	хөшүүрэг <gen>
вальсаас	вальс <abl>
харьцааны	харьцаа <gen>
хөлөгт	хөлөг <dat>
татвараар	татвар <ins>
суудлаас	суудал <abl>
тоглогчоос	тоглогч <abl>
урсгалыг	урсгал <acc>
шрифтэд	шрифт <dat>
хугацаагаар	хугацаа <ins>
шийрээс	шийр <abl>
уриагаа	уриа <voc>
бэлгийн	бэлэг <gen>
донсолгоог	донсолгоо <acc>
цонхыг	цонх <acc>
шонтой	шон <com>
ялгалтаа	ялгалт <voc>
зураглаачийн	зураглаач <gen>
илбэчинд	илбэчин <dat>
өөдсийг	өөдөс <acc>
шингэлттэй	шингэлт <com>
хулганын	хулгана <gen>
дарангуйллаар	дарангуйлал <ins>
хүндрэлийг	хүндрэл <acc>
гунигаас	гуниг <abl>
өнцгөө	өнцөг <voc>
тавиурт	тавиур <dat>
анхааруулгын	анхааруулга <gen>
зарлалаар	зарлал <ins>
архинд	архи <dat>
курстэй	курс <com>
устгагчийг	устгагч <acc>
борлуулалтыг	борлуулалт <acc>
тулгууртай	тулгуур <com>
шүглээр	шүгэл <ins>
шивэгчнээ	шивэгчин <voc>
урантай	уран <com>
хавчлагын	хавчлага <gen>
бартаанд	бартаа <dat>
сунгалтад	сунгалт <dat>
зөвлөгөөнөө	зөвлөгөөн <voc>
эрдсийн	эрдэс <gen>
дунг	дун <acc>
тариачнаас	тариачин <abl>
хулмасны	хулмас <gen>
эмнэлгээр	эмнэлэг <ins>
дасгалыг	дасгал <acc>
бадминтонд	бадминтон <dat>
шувууны	шувуу <gen>
хальсаар	хальс <ins>
рестораны	ресторан <gen>
дэлгүүрийг	дэлгүүр <acc>
сандлаас	сандал <abl>
командлагчийн	командлагч <gen>
шөрмөсний	шөрмөс <gen>
язгууртнаар	язгууртан <ins>
хошинг	хошин <acc>
командлагчаас	командлагч <abl>
өвлөөс	өвөл <abl>
уурагтай	уураг <com>
асуулгыг	асуулга <acc>
хариуны	хариу <gen>
ганхалтаа	ганхалт <voc>
үзлэгт	үзлэг <dat>
илжгээ	илжиг <voc>
хугацаагаа	хугацаа <voc>
бөглөөгөөр	бөглөө <ins>
эцэгтэй	эцэг <com>
махлагт	махлаг <dat>
манлайллын	манлайлал <gen>
гүжирдлэгийн	гүжирдлэг <gen>
голд	голд <dat>
ахмадтай	ахмад <com>
үнсэлтийг	үнсэлт <acc>
үнэлэмжийн	үнэлэмж <gen>
нэвтрүүлэгчтэй	нэвтрүүлэгч <com>
микробиологиос	микробиологи <abl>
насны	нас <gen>
амталгаанаас	амталгаа <abl>
чимгээ	чимэг <voc>
сургаалаар	сургаал <ins>
клубийн	клуб <gen>
тайлбараа	тайлбар <voc>
биллиардад	биллиард <dat>
шилжилтийн	шилжилт <gen>
сэтгүүлчид	сэтгүүлч <dat>
хөдлөлөөр	хөдлөл <ins>
жараахайтай	жараахай <com>
илтгэгчтэй	илтгэгч <com>
уургаа	уураг <voc>
дээрмийн	дээрэм <gen>
жатгыг	жатга <acc>
хэлэлцүүлгээс	хэлэлцүүлэг <abl>
анализаар	анализ <ins>
этүүрээ	этүүр <voc>
исэлтээр	исэлт <ins>
шугамаа	шугам <voc>
дэвүүртэй	дэвүүр <com>
генералаас	генерал <abl>
зугааны	зугаа <gen>
сахалд	сахал <dat>
амрын	амар <gen>
шуугианаар	шуугиан <ins>
жигнэмгээс	жигнэмэг <abl>
чөмөгтэй	чөмөг <com>
талийгаачтай	талийгаач <com>
харьцуулалд	харьцуулал <dat>
өрөөг	өрөө <acc>
хулмасаар	хулмас <ins>
глюкозоос	глюкоз <abl>
бизнестэй	бизнес <com>
хайгуулд	хайгуул <dat>
урилгад	урилга <dat>
түншийг	түнш <acc>
эрхэд	эрх <dat>
жүжигчнийг	жүжигчин <acc>
урцаа	урц <voc>
ололтоо	ололт <voc>
бөглөөгөө	бөглөө <voc>
шөнөөр	шөнө <ins>
зургийн	зураг <gen>
эхээс	эх <abl>
бодисоо	бодис <voc>
алчуураар	алчуур <ins>
үрчлээгээр	үрчлээ <ins>
тайтгарлаас	тайтгарал <abl>
шалгагчтай	шалгагч <com>
адилтгалын	адилтгал <gen>
чөлөөнд	чөлөө <dat>
хасагдагчийг	хасагдагч <acc>
заантай	заан <com>
хайгуулын	хайгуул <gen>
шившгээс	шившиг <abl>
тангаргийг	тангараг <acc>
барилдлагаас	барилдлага <abl>
жигшлийн	жигшил <gen>
гудасыг	гудас <acc>
шаазанд	шаазан <dat>
халбагыг	халбага <acc>
залхууралд	залхуурал <dat>
санхүүчийн	санхүүч <gen>
гажигт	гажиг <dat>
үүдтэй	үүд <com>
чөлөөлөлтийн	чөлөөлөлт <gen>
медальд	медаль <dat>
зэвүүцлээ	зэвүүцэл <voc>
хигээстэй	хигээс <com>
чимээгээ	чимээ <voc>
хэрэглээгээ	хэрэглээ <voc>
соёог	соёо <acc>
соруулаа	соруул <voc>
бичээчээр	бичээч <ins>
тивд	тив <dat>
хуримтлалаас	хуримтлал <abl>
эсрэгцэлд	эсрэгцэл <dat>
лекторыг	лектор <acc>
рационализмтай	рационализм <com>
гоёлоо	гоёл <voc>
мэхлэгчээр	мэхлэгч <ins>
уурхайн	уурхай <gen>
уртай	ур <com>
сүүдэртэй	сүүдэр <com>
чоныг	чоно <acc>
дугуйг	дугуй <acc>
явдлын	явдал <gen>
сунгалтыг	сунгалт <acc>
шороонд	шороо <dat>
хуваариа	хуваарь <voc>
хөөстэй	хөөс <com>
хөлөөс	хөл <abl>
шаврыг	шавар <acc>
олстой	олс <com>
нэмэгдлээ	нэмэгдэл <voc>
хоршлоо	хоршил <voc>
арааг	араа <acc>
тэргүүлэгчид	тэргүүлэгчид <dat>
судартай	судар <com>
зөгнөлтэй	зөгнөл <com>
дахилтад	дахилт <dat>
постоос	пост <abl>
машинд	машин <dat>
диваажингаар	диваажин <ins>
цамхгаар	цамхаг <ins>
хурдасгагчийг	хурдасгагч <acc>
диаграммыг	диаграмм <acc>
үгүйсгэлийн	үгүйсгэл <gen>
мөстэй	мөс <com>
дарангуйлагчийн	дарангуйлагч <gen>
удиртгалаа	удиртгал <voc>
төөрөгдлөөр	төөрөгдөл <ins>
нийлбэрт	нийлбэр <dat>
цомд	цом <dat>
цөстэй	цөс <com>
тактиктай	тактик <com>
зурхайнаас	зурхай <abl>
зангилаагаар	зангилаа <ins>
нумнаас	нум <abl>
шүүмжлэгчээр	шүүмжлэгч <ins>
тэсвэрээс	тэсвэр <abl>
эрмэлзэлд	эрмэлзэл <dat>
номтой	ном <com>
махчнаар	махчин <ins>
жолоочоо	жолооч <voc>
наснаас	нас <abl>
зөнтэй	зөн <com>
илээс	ил <abl>
нооргоор	ноорог <ins>
молекулаа	молекул <voc>
пингээ	пин <voc>
ховооноос	ховоо <abl>
трансформатортай	трансформатор <com>
суудлын	суудал <gen>
бөөлжсөнд	бөөлжис <dat>
хяналтаар	хяналт <ins>
очноос	оч <abl>
төгсгөлөө	төгсгөл <voc>
шинжилгээний	шинжилгээ <gen>
дарлалаас	дарлал <abl>
хийлчийн	хийлч <gen>
арбитрыг	арбитр <acc>
үржвэрээр	үржвэр <ins>
шидэлтээр	шидэлт <ins>
дамраар	дамар <ins>
эвдрэлээс	эвдрэл <abl>
гадаргыг	гадарга <acc>
зангаагаа	зангаа <voc>
санаачлагчид	санаачлагч <dat>
өрсөлдөөнтэй	өрсөлдөөн <com>
даралтаа	даралт <voc>
агаартай	агаар <com>
бамбайтай	бамбай <com>
ястанд	ястан <dat>
туурайн	туурай <gen>
галзуурлыг	галзуурал <acc>
донтонд	донтон <dat>
амьтнаа	амьтан <voc>
гялбаагаар	гялбаа <ins>
хэвлэлтээр	хэвлэлт <ins>
нуруугаа	нуруу <voc>
эвлэрүүлэгчээр	эвлэрүүлэгч <ins>
арсланг	арслан <acc>
шрифтийг	шрифт <acc>
цоглогт	цоглог <dat>
шошгыг	шошго <acc>
зугтуултай	зугтуул <com>
иргэнд	иргэн <dat>
бохинд	бохь <dat>
уяанаас	уяа <abl>
байгууллагаас	байгууллага <abl>
бугыг	буга <acc>
ахаас	ах <abl>
зуслантай	зуслан <com>
гарчгаа	гарчиг <voc>
ашиглалтаас	ашиглалт <abl>
судалд	судал <dat>
зарлалаас	зарлал <abl>
сууриа	суурь <voc>
огторгуйгаар	огторгуй <ins>
шуналаар	шунал <ins>
гахайгаа	гахай <voc>
сахиуснаас	сахиус <abl>
агаарыг	агаар <acc>
тархалттай	тархалт <com>
алиалагчийн	алиалагч <gen>
шидэлтийг	шидэлт <acc>
гэрээгээ	гэрээ <voc>
барилдлагаа	барилдлага <voc>
хүртвэртэй	хүртвэр <com>
орчуулгын	орчуулга <gen>
холбоотой	холбоо <com>
дагавраа	дагавар <voc>
хянагчаа	хянагч <voc>
босгоо	босго <voc>
хуулбарын	хуулбар <gen>
ээжээс	ээж <abl>
материализмыг	материализм <acc>
амьдчиллаар	амьдчилал <ins>
хэвлэлтэд	хэвлэлт <dat>
барилдлагаар	барилдлага <ins>
цохиураас	цохиур <abl>
нэхийгээ	нэхий <voc>
хөдөлгөгчөө	хөдөлгөгч <voc>
тохиролцоогоор	тохиролцоо <ins>
мэрийлтэд	мэрийлт <dat>
сүнсээ	сүнс <voc>
тэргүүлэгчээс	тэргүүлэгчид <abl>
үндэслэлээр	үндэслэл <ins>
хэрүүлтэй	хэрүүл <com>
индексээр	индекс <ins>
даргын	дарга <gen>
цардсаа	цардас <voc>
хонгоноос	хонго <abl>
түгжрэлээ	түгжрэл <voc>
дэлбэрэлттэй	дэлбэрэлт <com>
цуурайнаас	цуурай <abl>
шүүрээ	шүүр <voc>
цоглогтой	цоглог <com>
өчгөө	өчиг <voc>
хамгаалагчаа	хамгаалагч <voc>
орцоор	орц <ins>
жүчээг	жүчээ <acc>
обойгоо	обой <voc>
бондоос	бонд <abl>
тодорхойлолтод	тодорхойлолт <dat>
илээчээр	илээч <ins>
боолоо	боол <voc>
амьтны	амьтан <gen>
цөөрмөөс	цөөрөм <abl>
хяналтаас	хяналт <abl>
нийгэмлэгийн	нийгэмлэг <gen>
өрцийг	өрц <acc>
үүсгэлтэй	үүсгэл <com>
зөрчилд	зөрчил <dat>
цахлайд	цахлай <dat>
уялдаагаар	уялдаа <ins>
зохиолоо	зохиол <voc>
стандартыг	стандарт <acc>
үечлэлийн	үечлэл <gen>
үйсийг	үйс <acc>
чанартай	чанар <com>
шүршүүрээр	шүршүүр <ins>
өвчнөөс	өвчин <abl>
тохижуулалтын	тохижуулалт <gen>
дарамттай	дарамт <com>
дэнлүүнд	дэнлүү <dat>
тарианаас	тариа <abl>
овортой	овор <com>
мушгиагаа	мушгиа <voc>
ялгадсыг	ялгадас <acc>
угтвараар	угтвар <ins>
бөглөрлөө	бөглөрөл <voc>
зодооноос	зодоон <abl>
баталгаагаар	баталгаа <ins>
лоозонгийн	лоозон <gen>
бүлүүрээр	бүлүүр <ins>
халдлагатай	халдлага <com>
цээжнээс	цээж <abl>
хандивлагчаа	хандивлагч <voc>
солиорлоос	солиорол <abl>
шүүдрээр	шүүдэр <ins>
таамгийн	таамаг <gen>
наалдцад	наалдац <dat>
өмгөөллөөр	өмгөөлөл <ins>
хошууны	хошуу <gen>
дамжуулагчаар	дамжуулагч <ins>
сэжгийг	сэжиг <acc>
хөгжимд	хөгжим <dat>
гэрлэлттэй	гэрлэлт <com>
имийн	им <gen>
завсарлагын	завсарлага <gen>
орцтой	орц <com>
философиос	философи <abl>
зүслэгийг	зүслэг <acc>
роботын	робот <gen>
хэлэхүйгээ	хэлэхүй <voc>
таамаглалыг	таамаглал <acc>
ултай	ул <com>
боргиог	боргио <acc>
найрамдлын	найрамдал <gen>
шаардлагыг	шаардлага <acc>
туурайд	туурай <dat>
мэргэшлээр	мэргэшил <ins>
сөнөөгчөө	сөнөөгч <voc>
бэлгэвчтэй	бэлгэвч <com>
уусмалд	уусмал <dat>
өгөгдлөөс	өгөгдөл <abl>
эхлэлээс	эхлэл <abl>
керамикаа	керамик <voc>
өвлийг	өвөл <acc>
зулайд	зулай <dat>
тэмцээнээ	тэмцээн <voc>
гэдсээр	гэдэс <ins>
гинжинд	гинж <dat>
нийлүүлэлтэд	нийлүүлэлт <dat>
донтой	дон <com>
мэргэшлийг	мэргэшил <acc>
зүслэгтэй	зүслэг <com>
сүсэгтнээ	сүсэгтэн <voc>
хөлөөр	хөл <ins>
организмын	организм <gen>
хоншоороо	хоншоор <voc>
үүсгүүрээр	үүсгүүр <ins>
хэмжээнээс	хэмжээ <abl>
эвслээр	эвсэл <ins>
тээврийн	тээвэр <gen>
мууртай	муур <com>
дэнсээр	дэнс <ins>
луувангаас	лууван <abl>
бичигтэй	бичиг <com>
инженерт	инженер <dat>
индүүдлэгийг	индүүдлэг <acc>
сагагийг	сагаг <acc>
нэмэгдлийн	нэмэгдэл <gen>
хандлагад	хандлага <dat>
суралцагчийн	суралцагч <gen>
хөтөлбөрөө	хөтөлбөр <voc>
доромжлолтой	доромжлол <com>
бурхныг	бурхан <acc>
оролцоотой	оролцоо <com>
хайрцгаар	хайрцаг <ins>
чононд	чоно <dat>
найдвараас	найдвар <abl>
таглаанаас	таглаа <abl>
үерхлийн	үерхэл <gen>
удамшлаар	удамшил <ins>
бэхэнд	бэх <dat>
судлаачаас	судлаач <abl>
бялууны	бялуу <gen>
оноос	он <abl>
тамхийг	тамхи <acc>
хэрэглэгчээр	хэрэглэгч <ins>
дураар	дураараа <ins>
яншуйгаар	яншуй <ins>
тайрдастай	тайрдас <com>
зохицуулалтад	зохицуулалт <dat>
цэцэрлэгийг	цэцэрлэг <acc>
эзэгнэлийг	эзэгнэл <acc>
няцаалттай	няцаалт <com>
заргаар	зарга <ins>
шүүлтүүрээс	шүүлтүүр <abl>
зохиогчоос	зохиогч <abl>
ноорогтой	ноорог <com>
эвдрэлд	эвдрэл <dat>
мөчлөгөөр	мөчлөг <ins>
цацрагийн	цацраг <gen>
тивийг	тив <acc>
хуримыг	хурим <acc>
хандивт	хандив <dat>
жорд	жор <dat>
зэрэглээгээр	зэрэглээ <ins>
сүрэгтэй	сүрэг <com>
трансформаторын	трансформатор <gen>
бөөмийн	бөөм <gen>
ваарчнаар	ваарчин <ins>
айлчлалаар	айлчлал <ins>
өтгөнийг	өтгөн <acc>
эсэргүүцлийг	эсэргүүцэл <acc>
боловсролоос	боловсрол <abl>
эргэцүүллийг	эргэцүүлэл <acc>
тавцанд	тавцан <dat>
мужаанд	мужаан <dat>
дугуйгаар	дугуй <ins>
хөтчийн	хөтөч <gen>
банзны	банз <gen>
биеэ	бие <voc>
ханшаар	ханш <ins>
торны	торт <gen>
харагдацтай	харагдац <com>
цувралаа	цуврал <voc>
хүрхрээгээ	хүрхрээ <voc>
зураачаас	зураач <abl>
муурыг	муур <acc>
зураглаачаар	зураглаач <ins>
төлгөө	төлөг <voc>
хөлсийг	хөлс <acc>
хамгаалалтаар	хамгаалалт <ins>
мяндсаар	мяндас <ins>
бичээсэнд	бичээс <dat>
чийдэнд	чийдэн <dat>
зөвшилцлөөр	зөвшилцөл <ins>
шархнаас	шарх <abl>
төлөвлөгөөнд	төлөвлөгөө <dat>
асуултаас	асуулт <abl>
номлолыг	номлол <acc>
баашийг	бааш <acc>
амбаартай	амбаар <com>
зөвшөөрлөөс	зөвшөөрөл <abl>
харшилдаанаас	харшилдаан <abl>
эврээ	эвэр <voc>
шивэгчинтэй	шивэгчин <com>
залилангаа	залилан <voc>
далайг	далай <acc>
мэдрэмжээр	мэдрэмж <ins>
зүтгэлд	зүтгэл <dat>
зүтгэлтэй	зүтгэл <com>
соёлд	соёл <dat>
төрлөөр	төрөл <ins>
хурдатгалтай	хурдатгал <com>
эхнэрт	эхнэр <dat>
хэцийг	хэц <acc>
хэмжүүрийн	хэмжүүр <gen>
далдлалтаас	далдлалт <abl>
доллароос	доллар <abl>
ээрүүлтэй	ээрүүл <com>
хувиралд	хувирал <dat>
жимд	жим <dat>
сургаалын	сургаал <gen>
сэрэмжлүүлгийн	сэрэмжлүүлэг <gen>
чагтыг	чагт <acc>
эзэгнэлд	эзэгнэл <dat>
лууванд	лууван <dat>
дамжуулалтыг	дамжуулалт <acc>
ажиглалттай	ажиглалт <com>
хайрсаа	хайрс <voc>
баримтлалаар	баримтлал <ins>
агааржуулагчийг	агааржуулагч <acc>
вирусэнд	вирус <dat>
бутралыг	бутрал <acc>
мөөгтэй	мөөг <com>
хэлцлийн	хэлцэл <gen>
сүйд	сүй <dat>
уулзалтыг	уулзалт <acc>
шуурганд	шуурга <dat>
дуугаар	дуу <ins>
байгууламжаас	байгууламж <abl>
хараагаа	хараа <voc>
тараалтаа	тараалт <voc>
янжууртай	янжуур <com>
гишүүнээ	гишүүн <voc>
аэробикээ	аэробик <voc>
хөдсийг	хөдөс <acc>
тэнгисийн	тэнгис <gen>
аврагчийг	аврагч <acc>
горимтой	горим <com>
шүүсээр	шүүс <ins>
хоногоор	хоног <ins>
цулбуураас	цулбуур <abl>
зээрэнцгийн	зээрэнцэг <gen>
цайнд	цай <dat>
хүрээнээс	хүрээ <abl>
дохиог	дохио <acc>
няцаалтаар	няцаалт <ins>
мансуурлаар	мансуурал <ins>
далдлалтын	далдлалт <gen>
ханцуйг	ханцуй <acc>
хэлбэртэй	хэлбэр <com>
үсрэлтийн	үсрэлт <gen>
амталгаанд	амталгаа <dat>
цардасны	цардас <gen>
хуулбарыг	хуулбар <acc>
төслөөс	төсөл <abl>
системийн	систем <gen>
ээлжээс	ээлж <abl>
нугасаар	нугас <ins>
хэвлэлийг	хэвлэл <acc>
асуудлыг	асуудал <acc>
зохицлоос	зохицол <abl>
нууртай	нуур <com>
сэрвээгээ	сэрвээ <voc>
чийгшлээс	чийгшил <abl>
гортигийн	гортиг <gen>
жанжинтай	жанжин <com>
залиланд	залилан <dat>
адрын	адар <gen>
гадилын	гадил <gen>
ишийг	иш <acc>
илгээмжид	илгээмж <dat>
гийгүүлэгчтэй	гийгүүлэгч <com>
амьжиргаатай	амьжиргаа <com>
тариурын	тариур <gen>
текстээр	текст <ins>
хошуучлагчийн	хошуучлагч <gen>
бэлгэдэлтэй	бэлгэдэл <com>
ачид	ач <dat>
зохицлоор	зохицол <ins>
луйвраас	луйвар <abl>
хурдасгагчид	хурдасгагч <dat>
өчигдөртэй	өчигдөр <com>
хясаанаас	хясаа <abl>
элгээ	элэг <voc>
будгийг	будаг <acc>
хоригоор	хориг <ins>
засалттай	засалт <com>
нүдний	нүд <gen>
цавийг	цавь <acc>
керамикийн	керамик <gen>
зохиогчид	зохиогч <dat>
уцаараар	уцаар <ins>
удирдамжаас	удирдамж <abl>
хориотой	хорио <com>
чидунаа	чидун <voc>
солионоос	солио <abl>
диаграммын	диаграмм <gen>
хандивлагчаар	хандивлагч <ins>
бялдуучлалд	бялдуучлал <dat>
эслэгээ	эслэг <voc>
удамтай	удам <com>
хамгааллаар	хамгаалал <ins>
ханиаднаас	ханиад <abl>
дэлхийгээр	дэлхий <ins>
хормоор	хором <ins>
суралцагчийг	суралцагч <acc>
банзлаас	банзал <abl>
бялдуучлалын	бялдуучлал <gen>
шпагеттитай	шпагетти <com>
хийлийн	хийл <gen>
үлдэгдэлтэй	үлдэгдэл <com>
зээтүүнд	зээтүү <dat>
нягтаршлаа	нягтаршил <voc>
алдаанд	алдаа <dat>
зүйрлэлээс	зүйрлэл <abl>
өрсөлдөгчөөр	өрсөлдөгч <ins>
тэнгэрээс	тэнгэр <abl>
орлогчийн	орлогч <gen>
оромжтой	оромж <com>
шидэлтээ	шидэлт <voc>
этүүрийг	этүүр <acc>
төлөгний	төлөг <gen>
хэмжигдэхүүнд	хэмжигдэхүүн <dat>
үргүйдэлд	үргүйдэл <dat>
үйлдлээс	үйлдэл <abl>
хатгамалд	хатгамал <dat>
аяын	ая <gen>
эмгэнэлд	эмгэнэл <dat>
таслалтын	таслалт <gen>
диаграммтай	диаграмм <com>
махлагийг	махлаг <acc>
ритмд	ритм <dat>
залгаагаар	залгаа <ins>
бодролоос	бодрол <abl>
эрэлтийн	эрэлт <gen>
чангалуурын	чангалуур <gen>
дүүргэлтээс	дүүргэлт <abl>
уяаг	уяа <acc>
хананы	хана <gen>
эзнээс	эзэн <abl>
хоолойгоо	хоолой <voc>
зогсцыг	зогсоц <acc>
багцаатай	багцаа <com>
тэргээр	тэрэг <ins>
тоормосоор	тоормос <ins>
засвараас	засвар <abl>
урлагаа	урлаг <voc>
ядаргааг	ядаргаа <acc>
батжилтаар	батжилт <ins>
захиргаатай	захиргаа <com>
захиалагчийг	захиалагч <acc>
онцлогоос	онцлог <abl>
үзэгдлийг	үзэгдэл <acc>
чимээг	чимээ <acc>
хадгаламжтай	хадгаламж <com>
агааржуулагчаас	агааржуулагч <abl>
шивээсээс	шивээс <abl>
оноог	оноо <acc>
намагтай	намаг <com>
төслийн	төсөл <gen>
тэсрэлтээ	тэсрэлт <voc>
хэмжигчид	хэмжигч <dat>
хуваарийг	хуваарь <acc>
торонд	тор <dat>
гимнастиктай	гимнастик <com>
хоршилтой	хоршил <com>
бассейнд	бассейн <dat>
тэнгисийг	тэнгис <acc>
зараар	зар <ins>
товчинд	товч <dat>
бондыг	бонд <acc>
кафенд	кафе <dat>
бичиглэлээр	бичиглэл <ins>
сурагчаа	сурагч <voc>
гуйлтад	гуйлт <dat>
дамжааны	дамжаа <gen>
бэлхүүсэвчтэй	бэлхүүсэвч <com>
гэрлээс	гэрэл <abl>
эсрэгцлээ	эсрэгцэл <voc>
тонуулын	тонуул <gen>
синдромоор	синдром <ins>
инерцийн	инерц <gen>
романд	роман <dat>
бадмааргаар	бадмаараг <ins>
зарчмын	зарчим <gen>
харааг	хараа <acc>
хадууртай	хадуур <com>
товхимолд	товхимол <dat>
зээлээ	зээл <voc>
ботаникаас	ботаник <abl>
илжигнээс	илжиг <abl>
радиусаа	радиус <voc>
зүлгээ	зүлэг <voc>
сэвээ	сэв <voc>
хариулттай	хариулт <com>
бялуугаа	бялуу <voc>
амрагаа	амраг <voc>
хэрчимд	хэрчим <dat>
гөлөгтэй	гөлөг <com>
дагагчид	дагагч <dat>
айзмын	айзам <gen>
инээмсэглэлээр	инээмсэглэл <ins>
тэлэлттэй	тэлэлт <com>
босуулыг	босуул <acc>
хуйвалдаантай	хуйвалдаан <com>
цохионд	цохио <dat>
тэврэлттэй	тэврэлт <com>
салтааг	салтаа <acc>
хотжилтыг	хотжилт <acc>
орчуулгад	орчуулга <dat>
чигт	чиг <dat>
цардаснаас	цардас <abl>
чийгийн	чийг <gen>
эргэцүүллээ	эргэцүүлэл <voc>
төрөлд	төрөл <dat>
шангийн	шан <gen>
зодоонтой	зодоон <com>
гагнуурыг	гагнуур <acc>
гэрэлтэй	гэрэл <com>
дамын	дам <gen>
хүрмийн	хүрэм <gen>
геологид	геологи <dat>
автомашиныг	автомашин <acc>
ачаатай	ачаа <com>
гинжнээс	гинж <abl>
маскийг	маск <acc>
гуйлгыг	гуйлга <acc>
талаа	тал <voc>
дэгээнд	дэгээ <dat>
жоотуунд	жоотуу <dat>
шалгагчид	шалгагч <dat>
тармуурын	тармуур <gen>
хүүхэлдэйтэй	хүүхэлдэй <com>
авралтай	аврал <com>
хүйтэнтэй	хүйтэн <com>
тариачнаа	тариачин <voc>
дайснаас	дайсан <abl>
хаалтад	хаалт <dat>
гарааг	гараа <acc>
төлөөлөгчөөр	төлөөлөгч <ins>
халдлагаа	халдлага <voc>
цондонгийн	цондон <gen>
залбирлаас	залбирал <abl>
угаалтуурын	угаалтуур <gen>
нумаа	нум <voc>
манлайлагчаа	манлайлагч <voc>
зангаагаар	зангаа <ins>
модернизмыг	модернизм <acc>
бугуйн	бугуй <gen>
карантинаар	карантин <ins>
жолоог	жолоо <acc>
үеэлийг	үеэл <acc>
чагтанд	чагт <dat>
хатуурлаа	хатуурал <voc>
бэрхээ	бэрх <voc>
амьжиргааг	амьжиргаа <acc>
гоймонтой	гоймон <com>
найзаар	найз <ins>
тоосоор	тоос <ins>
долгиогоор	долгио <ins>
бохирдолд	бохирдол <dat>
байгууллагыг	байгууллага <acc>
хөдөснөөс	хөдөс <abl>
аалзаа	аалз <voc>
байцаагчаа	байцаагч <voc>
зургаар	зураг <ins>
зохицолд	зохицол <dat>
романаа	роман <voc>
зорилгоос	зорилго <abl>
зэргээ	зэрэг <voc>
агуулахтай	агуулах <com>
онолчоос	онолч <abl>
нэмэгдэлтэй	нэмэгдэл <com>
нэгтгэлээр	нэгтгэл <ins>
солилцоогоор	солилцоо <ins>
зайрмагаас	зайрмаг <abl>
майхнаа	майхан <voc>
нээлтийг	нээлт <acc>
хирсийг	хирс <acc>
хоолойгоор	хоолой <ins>
тусгаарлалтаар	тусгаарлалт <ins>
алхамтай	алхам <com>
чагнаалтай	чагнаал <com>
найруулгын	найруулга <gen>
тэлэлтийг	тэлэлт <acc>
цементээс	цемент <abl>
цувралыг	цуврал <acc>
оргилтой	оргил <com>
тэтгэмжид	тэтгэмж <dat>
ариар	ари <ins>
хүчийг	хүч <acc>
булчингаар	булчин <ins>
семинартай	семинар <com>
сэтгүүлчээ	сэтгүүлч <voc>
дамнуургаас	дамнуурга <abl>
эсэргүүцэлтэй	эсэргүүцэл <com>
зэвийг	зэв <acc>
ажиглалтаа	ажиглалт <voc>
биелэлтийн	биелэлт <gen>
амралтаа	амралт <voc>
бөөлжистэй	бөөлжис <com>
ахмадаас	ахмад <abl>
ходоодонд	ходоод <dat>
тусгаарлалтын	тусгаарлалт <gen>
студиэр	студи <ins>
харуулаар	харуул <ins>
махаар	мах <ins>
үечлэлээ	үечлэл <voc>
намгийг	намаг <acc>
обойгоос	обой <abl>
аваартай	аваар <com>
автобустай	автобус <com>
мэдүүлэгт	мэдүүлэг <dat>
гуйлгачнаа	гуйлгачин <voc>
инерцтэй	инерц <com>
арилжаатай	арилжаа <com>
бичилтийг	бичилт <acc>
хэвлэлээ	хэвлэл <voc>
тоглогчоор	тоглогч <ins>
театрыг	театр <acc>
үргээгчтэй	үргээгч <com>
тасралаар	тасрал <ins>
наалтыг	наалт <acc>
уянгатай	уянга <com>
видеогоо	видео <voc>
хүүхэлдэйгээ	хүүхэлдэй <voc>
залийн	заль <gen>
амралтыг	амралт <acc>
жанжны	жанжин <gen>
хардалтаа	хардалт <voc>
зогсоолоо	зогсоол <voc>
төмрөөс	төмөр <abl>
хүүд	хүү <dat>
турникээ	турник <voc>
тармуурт	тармуур <dat>
шийдвэрээс	шийдвэр <abl>
тэнүүлийн	тэнүүл <gen>
гаргалтыг	гаргалт <acc>
хугаралтай	хугарал <com>
хувилбарын	хувилбар <gen>
ритмийн	ритм <gen>
хавчаарын	хавчаар <gen>
хүлээсэнд	хүлээс <dat>
лекторт	лектор <dat>
гүнждэд	гүнжид <dat>
багтрааны	багтраа <gen>
кодоо	код <voc>
барменээр	бармен <ins>
дагаварт	дагавар <dat>
зээтүүгээ	зээтүү <voc>
сэргээлтийн	сэргээлт <gen>
ижилслээ	ижилсэл <voc>
шинжид	шинж <dat>
дарлалаар	дарлал <ins>
охиноор	охин <ins>
гичийгээ	гичий <voc>
дохиололтой	дохиолол <com>
чөлөөлөлттэй	чөлөөлөлт <com>
нээлтээ	нээлт <voc>
цонхны	цонх <gen>
наалтаас	наалт <abl>
зээтүүний	зээтүү <gen>
гүжирдлэгийг	гүжирдлэг <acc>
жинлүүртэй	жинлүүр <com>
бичвэрээр	бичвэр <ins>
эрэгчинтэй	эрэгчин <com>
товчлууртай	товчлуур <com>
залхуурлаас	залхуурал <abl>
хөргөгчтэй	хөргөгч <com>
шивэгчний	шивэгчин <gen>
мануухайд	мануухай <dat>
илээчтэй	илээч <com>
зөрөлдөөнтэй	зөрөлдөөн <com>
өөдсөнд	өөдөс <dat>
шуудууг	шуудуу <acc>
хуудаснаас	хуудас <abl>
булингарт	булингар <dat>
хадуурт	хадуур <dat>
бичиглэлээс	бичиглэл <abl>
командлагчаа	командлагч <voc>
алганаас	алга <abl>
шархаар	шарх <ins>
бичээчийн	бичээч <gen>
инээмсэглэлээс	инээмсэглэл <abl>
хутганд	хутга <dat>
дүрслэлд	дүрслэл <dat>
гитарыг	гитар <acc>
гарчигтай	гарчиг <com>
оёдолчноос	оёдолчин <abl>
ашиглалтын	ашиглалт <gen>
шүлсэнд	шүлс <dat>
адилслыг	адилсал <acc>
магтаалаас	магтаал <abl>
уншлагад	уншлага <dat>
зохиолтой	зохиол <com>
улангиртай	улангир <com>
итгэлээс	итгэл <abl>
гуйлгын	гуйлга <gen>
мэрэгчийг	мэрэгч <acc>
хаягт	хаяг <dat>
саадаа	саад <voc>
шуналаас	шунал <abl>
эргэлтээр	эргэлт <ins>
хөлслөгчийн	хөлслөгч <gen>
уутанд	уут <dat>
залгамжлагчийн	залгамжлагч <gen>
ритмээс	ритм <abl>
жүжигчинд	жүжигчин <dat>
ядаргаагаа	ядаргаа <voc>
хакерт	хакер <dat>
зөөгчийг	зөөгч <acc>
армийн	арми <gen>
агшилттай	агшилт <com>
тэнцвэртэй	тэнцвэр <com>
ялгаруулалтад	ялгаруулалт <dat>
хэрүүлээр	хэрүүл <ins>
хочинд	хоч <dat>
гэрэлд	гэрэл <dat>
өнцгийн	өнцөг <gen>
булдруугаа	булдруу <voc>
харвалтын	харвалт <gen>
үймээний	үймээн <gen>
андгайд	андгай <dat>
зурхайг	зурхай <acc>
үнэлэмжид	үнэлэмж <dat>
гахайнаас	гахай <abl>
үлгэрийг	үлгэр <acc>
тасалгаатай	тасалгаа <com>
хэвлийг	хэвлий <acc>
тэлээнээс	тэлээ <abl>
тээрэмтэй	тээрэм <com>
могойн	могой <gen>
түгжээг	түгжээ <acc>
танилын	танил <gen>
урвалд	урвал <dat>
мэнгэнээс	мэнгэ <abl>
гишүүнд	гишүүн <dat>
дарангуйллаа	дарангуйлал <voc>
зөвлөлийг	зөвлөл <acc>
тэтгэмжийг	тэтгэмж <acc>
бэлчээрт	бэлчээр <dat>
зорчигчоос	зорчигч <abl>
донтноос	донтон <abl>
шатаа	шат <voc>
андад	анд <dat>
сүүг	сүү <acc>
хамсаатнаар	хамсаатан <ins>
шандсыг	шандас <acc>
ашиглалтад	ашиглалт <dat>
тусгаарлалтаа	тусгаарлалт <voc>
хатуужлаа	хатуужил <voc>
дасгалжуулагчаас	дасгалжуулагч <abl>
загатнааг	загатнаа <acc>
эринээс	эрин <abl>
сэжигтэй	сэжиг <com>
даажигналыг	даажигнал <acc>
маркт	марк <dat>
зурхайд	зурхай <dat>
морины	морь <gen>
үрлэгээ	үрлэг <voc>
шүүгчийг	шүүгч <acc>
нислэгээс	нислэг <abl>
төсөөллөөс	төсөөлөл <abl>
шударгаар	шударга <ins>
явуулгад	явуулга <dat>
баримжааны	баримжаа <gen>
мөрдөсний	мөрдөс <gen>
шивээстэй	шивээс <com>
тэмцээнээс	тэмцээн <abl>
бичгээ	бичиг <voc>
мөрдөгчид	мөрдөгч <dat>
анализтай	анализ <com>
экологитой	экологи <com>
туулайгаар	туулай <ins>
араншинд	араншин <dat>
ололтоор	ололт <ins>
савыг	сав <acc>
хөхөөр	хөх <ins>
хувилбараа	хувилбар <voc>
бухимдлаар	бухимдал <ins>
аялагчаа	аялагч <voc>
үйлд	үйл <dat>
дэлгүүрээр	дэлгүүр <ins>
бялуутай	бялуу <com>
идеализмын	идеализм <gen>
худалдагчийн	худалдагч <gen>
тэнхлэгийн	тэнхлэг <gen>
уйтгараа	уйтгар <voc>
хондлойгоо	хондлой <voc>
үйлчлэгчээс	үйлчлэгч <abl>
үнэлэлтээ	үнэлэлт <voc>
ахицаас	ахиц <abl>
өндгөвчийн	өндгөвч <gen>
иогоо	иог <voc>
спиртийн	спирт <gen>
холгодсоо	холгодос <voc>
дэмжигчтэй	дэмжигч <com>
ажлаа	ажил <voc>
сархдаа	сархад <voc>
нидрүүлгээр	нидрүүлэг <ins>
нэмэлтийн	нэмэлт <gen>
ятгалгаар	ятгалга <ins>
соёонд	соёо <dat>
сонирхогчтой	сонирхогч <com>
алхмаас	алхам <abl>
гомдлын	гомдол <gen>
прокуророор	прокурор <ins>
мөгөөрсөө	мөгөөрс <voc>
зоодойгоор	зоодой <ins>
ялгадсаа	ялгадас <voc>
баатартай	баатар <com>
харвалттай	харвалт <com>
тавиланг	тавилан <acc>
төлөгтэй	төлөг <com>
зээлдүүлэгчээс	зээлдүүлэгч <abl>
зүүлтээ	зүүлт <voc>
өмгөөлөгчид	өмгөөлөгч <dat>
эхлэлээ	эхлэл <voc>
анхаарлын	анхаарал <gen>
дамжуулагчаас	дамжуулагч <abl>
зүүдний	зүүд <gen>
этүүрээс	этүүр <abl>
дайснаа	дайсан <voc>
зохиогчоо	зохиогч <voc>
бэрхээс	бэрх <abl>
гишүүнтэй	гишүүн <com>
болзооноос	болзоо <abl>
хүүхдэд	хүүхэд <dat>
дайсанд	дайсан <dat>
боолтын	боолт <gen>
стратегиас	стратеги <abl>
холбоогоор	холбоо <ins>
зөрчигчийг	зөрчигч <acc>
зорилтын	зорилт <gen>
кассанд	касс <dat>
усталд	устал <dat>
шалгагчийг	шалгагч <acc>
хэвтэй	хэв <com>
масштабаар	масштаб <ins>
нэрийн	нэр <gen>
үсний	үс <gen>
махчнаа	махчин <voc>
лоозонг	лоозон <acc>
будаагаар	будаа <ins>
гортигтой	гортиг <com>
аваргаа	аварга <voc>
лаазаа	лааз <voc>
бульдозерын	бульдозер <gen>
харшилтай	харшил <com>
иогт	иог <dat>
хошуучлагчаар	хошуучлагч <ins>
болзолтой	болзол <com>
үндсээр	үндэс <ins>
хөгжимчнөөр	хөгжимчин <ins>
айлчлалаа	айлчлал <voc>
цэвэрлэгээгээр	цэвэрлэгээ <ins>
тангарагт	тангараг <dat>
квадратын	квадрат <gen>
хуваагдлыг	хуваагдал <acc>
студиэс	студи <abl>
адилтгалаар	адилтгал <ins>
жишгээр	жишиг <ins>
зөвшилцлийн	зөвшилцөл <gen>
эмэгчинд	эмэгчин <dat>
түрэмгийллээ	түрэмгийлэл <voc>
шандсаа	шандас <voc>
тогтолцооноос	тогтолцоо <abl>
саанаас	саа <abl>
бэлээр	бэл <ins>
цохилтыг	цохилт <acc>
зүлгийн	зүлэг <gen>
өвгөнтэй	өвгөн <com>
жодоотой	жодоо <com>
гулсуурт	гулсуур <dat>
бэлхүүсээ	бэлхүүс <voc>
ангилалтаас	ангилалт <abl>
гүзээлзгэнэтэй	гүзээлзгэнэ <com>
улангираа	улангир <voc>
эрэмбээр	эрэмбэ <ins>
хурдасгагчаар	хурдасгагч <ins>
дэвсгэрээ	дэвсгэр <voc>
буудлагаа	буудлага <voc>
зангаанд	зангаа <dat>
коммунизмоор	коммунизм <ins>
үеийн	үе <gen>
солилцоотой	солилцоо <com>
жилтэй	жил <com>
аянгыг	аянга <acc>
эрдэнэсээр	эрдэнэс <ins>
хөдөстэй	хөдөс <com>
шулмыг	шулам <acc>
цөмөөр	цөм <ins>
нэртэй	нэр <com>
мэнгэний	мэнгэ <gen>
өвдөгний	өвдөг <gen>
залбирлаар	залбирал <ins>
толгойн	толгой <gen>
индексээс	индекс <abl>
эцсээ	эцэс <voc>
зогсоолын	зогсоол <gen>
байлдагчтай	байлдагч <com>
соронзод	соронз <dat>
нууцлалаар	нууцлал <ins>
гайхамшгийн	гайхамшиг <gen>
сонирхогчоо	сонирхогч <voc>
гэгээрлээр	гэгээрэл <ins>
бэхний	бэх <gen>
улны	ул <gen>
үзүүлэлтэд	үзүүлэлт <dat>
сониноос	сонин <abl>
мөнхөөс	мөнх <abl>
инээдмээс	инээдэм <abl>
бэлгэдэлд	бэлгэдэл <dat>
зорилготой	зорилго <com>
хандиваас	хандив <abl>
орлогчид	орлогч <dat>
энэрлээр	энэрэл <ins>
үймээнээр	үймээн <ins>
өргөрөгт	өргөрөг <dat>
шангаас	шан <abl>
хурандаагаар	хурандаа <ins>
гарааны	гараа <gen>
аягаар	аяга <ins>
жишээтэй	жишээ <com>
протоколыг	протокол <acc>
зүлгээс	зүлэг <abl>
амбицтай	амбиц <com>
хавчнаас	хавч <abl>
хүслийн	хүсэл <gen>
онолчийн	онолч <gen>
урамшуулалд	урамшуулал <dat>
лакаар	лак <ins>
доргионоос	доргио <abl>
баривчилгаагаа	баривчилгаа <voc>
галзуурлын	галзуурал <gen>
өнцгийг	өнцөг <acc>
хямдралаар	хямдрал <ins>
дүрслэлтэй	дүрслэл <com>
мөсөөр	мөс <ins>
найдвараар	найдвар <ins>
дайны	дайн <gen>
хандивлагчаас	хандивлагч <abl>
дарамтын	дарамт <gen>
оршилд	оршил <dat>
зэсэд	зэс <dat>
сааг	саа <acc>
цэрдээ	цэрд <voc>
гарцад	гарц <dat>
найрлагаа	найрлага <voc>
өрсөлдөгчөө	өрсөлдөгч <voc>
туяанаас	туяа <abl>
рестораныг	ресторан <acc>
титмийг	титэм <acc>
дэлхийд	дэлхий <dat>
хэрүүлээс	хэрүүл <abl>
солиорлоор	солиорол <ins>
ганхалтын	ганхалт <gen>
хаягдалтай	хаягдал <com>
хувьслаа	хувьсал <voc>
өтөө	өт <voc>
гитараар	гитар <ins>
хүслийг	хүсэл <acc>
дохиураа	дохиур <voc>
сэдэлтэй	сэдэл <com>
дамжаагаар	дамжаа <ins>
сагагийн	сагаг <gen>
өмчтэй	өмч <com>
шинжилгээгээ	шинжилгээ <voc>
залхуурлын	залхуурал <gen>
вирусийг	вирус <acc>
тулалдаанд	тулалдаан <dat>
царайд	царай <dat>
зурааснаас	зураас <abl>
хоншоорт	хоншоор <dat>
уургаас	уураг <abl>
боолд	боол <dat>
хорслыг	хорсол <acc>
цөхрөлтэй	цөхрөл <com>
дээрмээ	дээрэм <voc>
наадгайнаас	наадгай <abl>
удамшлын	удамшил <gen>
шүхэртэй	шүхэр <com>
зөвлөмжөөс	зөвлөмж <abl>
эвслийн	эвсэл <gen>
дэртэй	дэр <com>
ордныг	ордон <acc>
залгамжлалд	залгамжлал <dat>
чавганд	чавга <dat>
ламптай	ламп <com>
ширэгт	ширэг <dat>
хүрхрээний	хүрхрээ <gen>
үеэ	үе <voc>
бичиглэлийг	бичиглэл <acc>
лаазтай	лааз <com>
хавтанд	хавтан <dat>
нөхрийг	нөхөр <acc>
үрийн	үр <gen>
шүүсний	шүүс <gen>
чидунтай	чидун <com>
цацгаа	цацаг <voc>
сайдаас	сайд <abl>
удиртгалаар	удиртгал <ins>
туслагчид	туслагч <dat>
тайлангаар	тайлан <ins>
дүнгээс	дүн <abl>
эргэлзээгээ	эргэлзээ <voc>
янзаар	янз <ins>
алхаагаар	алхаа <ins>
гарцаар	гарц <ins>
гоймонгоос	гоймон <abl>
мэрэгчийн	мэрэгч <gen>
эмгэнэлээс	эмгэнэл <abl>
тэрэгний	тэрэг <gen>
химиэс	хими <abl>
бэлтгэлтэй	бэлтгэл <com>
шүвтрээс	шүвтэр <abl>
дадлагаа	дадлага <voc>
нийлүүлэлтээ	нийлүүлэлт <voc>
хэвлэлд	хэвлэл <dat>
сэнсний	сэнс <gen>
сууцаа	сууц <voc>
байны	бай <gen>
ганхалтад	ганхалт <dat>
зэвсгийн	зэвсэг <gen>
таслалд	таслал <dat>
голын	голд <gen>
мэдрэмжтэй	мэдрэмж <com>
овроор	овор <ins>
дагавраар	дагавар <ins>
шивнээнд	шивнээ <dat>
вальсаа	вальс <voc>
ажиглагчийн	ажиглагч <gen>
архиар	архи <ins>
тороо	тор <voc>
мэдрэмжийн	мэдрэмж <gen>
капиталыг	капитал <acc>
цамхгаас	цамхаг <abl>
батгаа	батга <voc>
гимнастикаас	гимнастик <abl>
илгээмжийн	илгээмж <gen>
гялгартай	гялгар <com>
залилангаар	залилан <ins>
бялууг	бялуу <acc>
дуслыг	дусал <acc>
далайцаа	далайц <voc>
үетэй	үе <com>
гацуураар	гацуур <ins>
үнэгний	үнэг <gen>
самуунаас	самуун <abl>
намтраас	намтар <abl>
жүржтэй	жүрж <com>
ажиглалтын	ажиглалт <gen>
шаталтад	шаталт <dat>
дохионд	дохио <dat>
урианд	уриа <dat>
үтрээтэй	үтрээ <com>
найруулагчийн	найруулагч <gen>
бонустай	бонус <com>
ерөнхийлөгчийн	ерөнхийлөгч <gen>
номоор	ном <ins>
хайгуулаа	хайгуул <voc>
өөрчлөлтийг	өөрчлөлт <acc>
туулайнаас	туулай <abl>
залгамжлагчаар	залгамжлагч <ins>
баазаа	бааз <voc>
ууттай	уут <com>
идэгдэлтэй	идэгдэл <com>
туулайн	туулай <gen>
жаягаар	жаяг <ins>
зөрчилдөөнөө	зөрчилдөөн <voc>
гомдолд	гомдол <dat>
чөтгөрийг	чөтгөр <acc>
гэргийгээр	гэргий <ins>
гаригийг	гариг <acc>
олсоо	олс <voc>
хуульчаар	хуульч <ins>
далангаа	далан <voc>
ширээг	ширээ <acc>
тэжээлд	тэжээл <dat>
аюулаа	аюул <voc>
нийгмээ	нийгэм <voc>
баяслаас	баясал <abl>
костюмаар	костюм <ins>
байгалиа	байгаль <voc>
пингээр	пин <ins>
бөгсөөр	бөгс <ins>
геологийг	геологи <acc>
худалдаачинд	худалдаачин <dat>
сэдвээс	сэдэв <abl>
харилцааг	харилцаа <acc>
нохойгоос	нохой <abl>
тооцоогоо	тооцоо <voc>
амжилтаа	амжилт <voc>
баатраа	баатар <voc>
тангаргаа	тангараг <voc>
шийрээр	шийр <ins>
хүртвэрээс	хүртвэр <abl>
тулалдаанаар	тулалдаан <ins>
амьдралыг	амьдрал <acc>
луйварчны	луйварчин <gen>
ангилалд	ангилал <dat>
мэргэжилтнээр	мэргэжилтэн <ins>
пайзаа	пайз <voc>
гүүртэй	гүүр <com>
ноогдлын	ноогдол <gen>
пайзанд	пайз <dat>
үсэглэлээс	үсэглэл <abl>
цаазаас	цааз <abl>
асфальтыг	асфальт <acc>
сүлжээгээ	сүлжээ <voc>
эмгэнэлээ	эмгэнэл <voc>
сонгуулиар	сонгууль <ins>
хочоо	хоч <voc>
тэмүүллээр	тэмүүлэл <ins>
эмээлтэй	эмээл <com>
бүргэдээ	бүргэд <voc>
өвлөөр	өвөл <ins>
цахлайг	цахлай <acc>
шугуйн	шугуй <gen>
үсчинд	үсчин <dat>
уриалгыг	уриалга <acc>
цогцост	цогцос <dat>
хөдөлгөөнд	хөдөлгөөн <dat>
дурсамжийг	дурсамж <acc>
мастераа	мастер <voc>
угтварын	угтвар <gen>
саванд	сав <dat>
хийлтэй	хийл <com>
философио	философи <voc>
хэмжигчийг	хэмжигч <acc>
очоо	оч <voc>
ширээний	ширээ <gen>
мөргөлдөөнөөр	мөргөлдөөн <ins>
хоршлоос	хоршил <abl>
талбартай	талбар <com>
шууданчаа	шууданч <voc>
хонгоны	хонго <gen>
горимоо	горим <voc>
сэжигтнээс	сэжигтэн <abl>
гүтгэлэгтэй	гүтгэлэг <com>
бамбараар	бамбар <ins>
илбэчнээс	илбэчин <abl>
бүжигчнээс	бүжигчин <abl>
мөргөлчинтэй	мөргөлчин <com>
илдийг	илд <acc>
илжгэнд	илжиг <dat>
дэгээний	дэгээ <gen>
давхаргаар	давхарга <ins>
гинжээр	гинж <ins>
зүслэгээр	зүслэг <ins>
унжлагыг	унжлага <acc>
шинэчлэлтэй	шинэчлэл <com>
атаархлаас	атаархал <abl>
гаанснаас	гаанс <abl>
бичвэрээс	бичвэр <abl>
ёроолыг	ёроол <acc>
тахиатай	тахиа <com>
тохиргоонд	тохиргоо <dat>
хавсралтаар	хавсралт <ins>
бүрдлээс	бүрдэл <abl>
урвагчид	урвагч <dat>
шанд	шан <dat>
ялагдлын	ялагдал <gen>
барилдлагыг	барилдлага <acc>
шүүстэй	шүүс <com>
нуураа	нуур <voc>
зээрэнцгээс	зээрэнцэг <abl>
бослогын	бослого <gen>
тагтаатай	тагтаа <com>
ноогдлоос	ноогдол <abl>
ялагдагчаас	ялагдагч <abl>
баяслаар	баясал <ins>
мэдээнд	мэдээ <dat>
чавгыг	чавга <acc>
бүтээгдэхүүнтэй	бүтээгдэхүүн <com>
зөрчлөө	зөрчил <voc>
тарианы	тариа <gen>
компьютероос	компьютер <abl>
хоолойтой	хоолой <com>
аялгаар	аялга <ins>
чагтаар	чагт <ins>
боржинг	боржин <acc>
толгойлогчийн	толгойлогч <gen>
гадуурхлаа	гадуурхал <voc>
микробиологид	микробиологи <dat>
тоостой	тоос <com>
театрт	театр <dat>
бүрдлийн	бүрдэл <gen>
сэнсээс	сэнс <abl>
сейфний	сейф <gen>
мөгөөрсний	мөгөөрс <gen>
автомашинаар	автомашин <ins>
хугаралд	хугарал <dat>
цээжтэй	цээж <com>
төлөвлөгөөгөө	төлөвлөгөө <voc>
дарааллаас	дараалал <abl>
ёсолгооноос	ёсолгоо <abl>
дүүргэлтийг	дүүргэлт <acc>
даруулаа	даруул <voc>
шурагтай	шураг <com>
хөнөөлөөс	хөнөөл <abl>
бөөртэй	бөөр <com>
тайлбарыг	тайлбар <acc>
духыг	дух <acc>
ажилтнаас	ажилтан <abl>
мангаст	мангас <dat>
овогтой	овог <com>
будааг	будаа <acc>
хүүхдийг	хүүхэд <acc>
өрцөө	өрц <voc>
жигшилтэй	жигшил <com>
хөтөлбөрөөр	хөтөлбөр <ins>
дэгээгээ	дэгээ <voc>
гурвалтай	гурвал <com>
цилиндрээр	цилиндр <ins>
тэврэлтийн	тэврэлт <gen>
дүрвэгчийг	дүрвэгчид <acc>
хөөсөөр	хөөс <ins>
сэтгэгдлээ	сэтгэгдэл <voc>
хэлбэрийн	хэлбэр <gen>
агуулахаар	агуулах <ins>
харвингаа	харвин <voc>
эсрэгцлээр	эсрэгцэл <ins>
жүржид	жүрж <dat>
сэдэвт	сэдэв <dat>
тэсрэлттэй	тэсрэлт <com>
гивлүүрээс	гивлүүр <abl>
эргүүлгээр	эргүүлэг <ins>
намраас	намар <abl>
горьдлогоо	горьдлого <voc>
бясалгалд	бясалгал <dat>
байшингаар	байшин <ins>
кодын	код <gen>
хохирлоор	хохирол <ins>
хадуураа	хадуур <voc>
өвгөнөө	өвгөн <voc>
шатаагчаа	шатаагч <voc>
цахлайн	цахлай <gen>
исгээр	исэг <ins>
бясалгалыг	бясалгал <acc>
зарлагаар	зарлага <ins>
утаагаа	утаа <voc>
вангийн	ван <gen>
гэмтлийг	гэмтэл <acc>
цөлөөр	цөл <ins>
удирдагчид	удирдагч <dat>
арлыг	арал <acc>
донтноор	донтон <ins>
орчуулгыг	орчуулга <acc>
үүсгэлээс	үүсгэл <abl>
паспортоос	паспорт <abl>
шанг	шан <acc>
үсрэлтээ	үсрэлт <voc>
хувьцааг	хувьцаа <acc>
төслийг	төсөл <acc>
хясаатай	хясаа <com>
номлолын	номлол <gen>
духнаас	дух <abl>
жишээнээс	жишээ <abl>
жинлүүрээс	жинлүүр <abl>
ханшаас	ханш <abl>
хормын	хором <gen>
өчгөөс	өчиг <abl>
банзыг	банз <acc>
цондонг	цондон <acc>
чидунаар	чидун <ins>
санаачлагчтай	санаачлагч <com>
протоколд	протокол <dat>
шорооноос	шороо <abl>
шугамаар	шугам <ins>
дарангуйлагчаас	дарангуйлагч <abl>
сунгалтаас	сунгалт <abl>
цоожийг	цоож <acc>
авиагаар	авиа <ins>
арслангаа	арслан <voc>
керамикаас	керамик <abl>
цамхагтай	цамхаг <com>
дамнуургатай	дамнуурга <com>
нисгэгчийн	нисгэгч <gen>
хангамжтай	хангамж <com>
сумантай	суман <com>
сандлаа	сандал <voc>
хүсэлтээс	хүсэлт <abl>
торгуультай	торгууль <com>
шоргоолжинд	шоргоолж <dat>
нойронд	нойр <dat>
арбитртай	арбитр <com>
ойгоор	ой <ins>
мэргэжилд	мэргэжил <dat>
фонттой	фонт <com>
гэдэснээс	гэдэс <abl>
аялалтай	аялал <com>
илдээ	илд <voc>
наймаачны	наймаачин <gen>
таслалыг	таслал <acc>
баярын	баяр <gen>
тоглолтоос	тоглолт <abl>
жоотууны	жоотуу <gen>
уяанд	уяа <dat>
алдааг	алдаа <acc>
анализаас	анализ <abl>
ялгаруулалттай	ялгаруулалт <com>
эзлэгчтэй	эзлэгч <com>
хатуурлын	хатуурал <gen>
доройтлоор	доройтол <ins>
сойзтой	сойз <com>
нэмэлтээс	нэмэлт <abl>
давснаас	давс <abl>
гахиураа	гахиур <voc>
давталтаас	давталт <abl>
модернизмоор	модернизм <ins>
сэдэвтэй	сэдэв <com>
гөрөөнд	гөрөө <dat>
хурлыг	хурал <acc>
коллежоос	коллеж <abl>
төсвөөр	төсөв <ins>
удирдагчийн	удирдагч <gen>
хорхойд	хорхой <dat>
дагалдагчтай	дагалдагч <com>
сэдэгчийг	сэдэгч <acc>
шалтгааны	шалтгаан <gen>
зохиомжоос	зохиомж <abl>
тэнүүлээ	тэнүүл <voc>
хэрэгжилтийг	хэрэгжилт <acc>
хэрэгцээний	хэрэгцээ <gen>
засалтаа	засалт <voc>
охиноос	охин <abl>
хүүг	хүү <acc>
даяанчтай	даяанч <com>
ороолтыг	ороолт <acc>
өнцгөөс	өнцөг <abl>
ээжийн	ээж <gen>
ургацаар	ургац <ins>
дүнзтэй	дүнз <com>
аймагтай	аймаг <com>
хөгжмөө	хөгжим <voc>
зурвасаас	зурвас <abl>
эхлэлээр	эхлэл <ins>
киноны	кино <gen>
хожуулаа	хожуул <voc>
байнгад	байнгын <dat>
цооногтой	цооног <com>
бохирдлоор	бохирдол <ins>
найзын	найз <gen>
гадуурхлыг	гадуурхал <acc>
алчууртай	алчуур <com>
эргэлзлийн	эргэлзэл <gen>
физиологийн	физиологи <gen>
рационализмыг	рационализм <acc>
туулайд	туулай <dat>
дүүргэлттэй	дүүргэлт <com>
булшаа	булш <voc>
маскт	маск <dat>
орчуулгаар	орчуулга <ins>
зэвүүцэлтэй	зэвүүцэл <com>
бөөрөөр	бөөр <ins>
төлөгчийг	төлөгч <acc>
шинэтгэлээр	шинэтгэл <ins>
шоглоомоо	шоглоом <voc>
зүхлээс	зүхэл <abl>
аялгатай	аялга <com>
дэлийн	дэл <gen>
мяндсыг	мяндас <acc>
төмснөөс	төмс <abl>
гийгүүлэгчээ	гийгүүлэгч <voc>
адартай	адар <com>
ихсээ	ихэс <voc>
хувьцаагаар	хувьцаа <ins>
сорвины	сорви <gen>
дэнстэй	дэнс <com>
загасчны	загасчин <gen>
будгаа	будаг <voc>
манлайлагчаас	манлайлагч <abl>
танкийг	танк <acc>
толгойлогчтой	толгойлогч <com>
шимтгэлийг	шимтгэл <acc>
хугарлаар	хугарал <ins>
түгжээнд	түгжээ <dat>
аваараар	аваар <ins>
зочныг	зочин <acc>
эргээр	эрэг <ins>
сургалтын	сургалт <gen>
хүүрнэлтэй	хүүрнэл <com>
тохироог	тохироо <acc>
шохойг	шохой <acc>
шөрмөстэй	шөрмөс <com>
асфальтаа	асфальт <voc>
даажигналаар	даажигнал <ins>
фронтоо	фронт <voc>
засварчинд	засварчин <dat>
гуйлтаас	гуйлт <abl>
аэробиктэй	аэробик <com>
хурандаагаас	хурандаа <abl>
дүрслэлийг	дүрслэл <acc>
ойлтыг	ойлт <acc>
хигээсний	хигээс <gen>
бүлүүрийг	бүлүүр <acc>
бялуунаас	бялуу <abl>
шийрийн	шийр <gen>
дэлгэрэлтийн	дэлгэрэлт <gen>
өсгийгөөр	өсгий <ins>
сүрдүүлгийг	сүрдүүлэг <acc>
эзэмшлийн	эзэмшил <gen>
коммунизмын	коммунизм <gen>
шүлсэвчээс	шүлсэвч <abl>
зовлонтой	зовлон <com>
төгсгөлөөр	төгсгөл <ins>
алтыг	алт <acc>
туулийг	тууль <acc>
зураглалд	зураглал <dat>
оромжид	оромж <dat>
эрсдэлд	эрсдэл <dat>
төслөөр	төсөл <ins>
нийлүүлэлттэй	нийлүүлэлт <com>
үзэгчээ	үзэгч <voc>
батгаар	батга <ins>
байшинтай	байшин <com>
удирдагчаар	удирдагч <ins>
хямралын	хямрал <gen>
нягтаршлыг	нягтаршил <acc>
нэмэлттэй	нэмэлт <com>
гүүрээс	гүүр <abl>
солионы	солио <gen>
бизнесээр	бизнес <ins>
доройтлыг	доройтол <acc>
тэмцлээр	тэмцэл <ins>
гургуулаас	гургуул <abl>
бамбайн	бамбай <gen>
тосгуурт	тосгуур <dat>
төөрөгдөлтэй	төөрөгдөл <com>
дэнгээ	дэн <voc>
шалгалттай	шалгалт <com>
бичээчээ	бичээч <voc>
түлээчнийг	түлээчин <acc>
эслэгт	эслэг <dat>
ядаргаанаас	ядаргаа <abl>
найдлагыг	найдлага <acc>
бодисоор	бодис <ins>
бүтээлгээр	бүтээлэг <ins>
шатаагчийг	шатаагч <acc>
дэмжлэгт	дэмжлэг <dat>
ховилыг	ховил <acc>
шүвтрийг	шүвтэр <acc>
маажинтай	маажин <com>
хучилтад	хучилт <dat>
гайхамшгаар	гайхамшиг <ins>
гадаргуугаар	гадаргуу <ins>
солилцоонд	солилцоо <dat>
цонхонд	цонх <dat>
ваарчинд	ваарчин <dat>
тагтааны	тагтаа <gen>
паалантай	паалан <com>
хүүрзгэнийн	хүүрзгэнэ <gen>
кофены	кофе <gen>
гуанд	гуа <dat>
цөсний	цөс <gen>
шүлтээр	шүлт <ins>
нөлөөний	нөлөө <gen>
зоригийн	зориг <gen>
сургамжийг	сургамж <acc>
слайдын	слайд <gen>
эргүүлгээ	эргүүлэг <voc>
булчинг	булчин <acc>
тэргүүлэгчид	тэргүүлэгч <dat>
зөрчилтэй	зөрчил <com>
кофейноор	кофейн <ins>
мөрдөгчөөс	мөрдөгч <abl>
мөлжлөгөө	мөлжлөг <voc>
тоормосоо	тоормос <voc>
суурьтай	суурь <com>
цэцэгжүүлэлтийг	цэцэгжүүлэлт <acc>
суутгалаар	суутгал <ins>
түрүүгээр	түрүү <ins>
цэнэглэгчээр	цэнэглэгч <ins>
хувьсагчаар	хувьсагч <ins>
мөргөлчнөө	мөргөлчин <voc>
бэхийг	бэх <acc>
зээлдүүлэгчид	зээлдүүлэгч <dat>
өгүүлбэрээс	өгүүлбэр <abl>
ногтоор	ногт <ins>
майхны	майхан <gen>
өвчтөнийг	өвчтөн <acc>
тууралтаас	тууралт <abl>
тосгоныг	тосгон <acc>
хэлэлцүүлэгт	хэлэлцүүлэг <dat>
үрчлээнд	үрчлээ <dat>
мөхөөлдсийг	мөхөөлдөс <acc>
загвараас	загвар <abl>
ололтын	ололт <gen>
явуулгаас	явуулга <abl>
тооцоонд	тооцоо <dat>
хуанлитай	хуанли <com>
үнэлгээгээр	үнэлгээ <ins>
бүртгэлээр	бүртгэл <ins>
залгамжлалыг	залгамжлал <acc>
нийтлэлийн	нийтлэл <gen>
хувьсагчаас	хувьсагч <abl>
зүүдээс	зүүд <abl>
нөөцийг	нөөц <acc>
захидлаа	захидал <voc>
мөрдсөө	мөрдөс <voc>
хирсээс	хирс <abl>
хатаагчаа	хатаагч <voc>
хөхтэй	хөх <com>
магадлалаас	магадлал <abl>
ээжийг	ээж <acc>
тосоор	тос <ins>
жүжигтэй	жүжиг <com>
тоншуулаар	тоншуул <ins>
мэргэшилд	мэргэшил <dat>
сайжруулалтаар	сайжруулалт <ins>
шөлөөр	шөл <ins>
ормын	ором <gen>
архитектурт	архитектур <dat>
төлөвтэй	төлөв <com>
байцаагчийг	байцаагч <acc>
гэрчийн	гэрч <gen>
зангиаг	зангиа <acc>
сампингаар	сампин <ins>
усаа	ус <voc>
нимбэгт	нимбэг <dat>
хувьсгагчийн	хувьсгагч <gen>
текстээ	текст <voc>
хэрчдэстэй	хэрчдэс <com>
хоншоороор	хоншоор <ins>
хамгаалагчаас	хамгаалагч <abl>
бодолтоос	бодолт <abl>
шинжилгээнд	шинжилгээ <dat>
бачимдлаар	бачимдал <ins>
яндангаар	яндан <ins>
төсөөллийг	төсөөлөл <acc>
горимоор	горим <ins>
энэрлээ	энэрэл <voc>
трамвайнаас	трамвай <abl>
төмсөө	төмс <voc>
солилцооны	солилцоо <gen>
хэрэгт	хэрэг <dat>
ритмийг	ритм <acc>
уншлагын	уншлага <gen>
биеллээр	биелэл <ins>
шургуулгыг	шургуулга <acc>
хуульчаа	хуульч <voc>
бодролыг	бодрол <acc>
ачаагаар	ачаа <ins>
ханиадны	ханиад <gen>
захиалагчаас	захиалагч <abl>
хугацаанаас	хугацаа <abl>
хүдрээс	хүдэр <abl>
цементээ	цемент <voc>
байдлыг	байдал <acc>
шилжилттэй	шилжилт <com>
эвлэрлийн	эвлэрэл <gen>
таамгаар	таамаг <ins>
сургуулиа	сургууль <voc>
гичийг	гичий <acc>
арифметикаас	арифметик <abl>
үйлдвэрлэгчээс	үйлдвэрлэгч <abl>
бүрээсээр	бүрээс <ins>
захидлын	захидал <gen>
судлагчтай	судлагч <com>
слайдыг	слайд <acc>
сүрэгт	сүрэг <dat>
зууныг	зуун <acc>
гивлүүрээ	гивлүүр <voc>
солонгын	солонго <gen>
салааны	салаа <gen>
шарилд	шарил <dat>
баганатай	багана <com>
мэхтэй	мэх <com>
сонгуульд	сонгууль <dat>
ажилчинд	ажилчин <dat>
танилтай	танил <com>
халамжаа	халамж <voc>
мөрдөгчөөр	мөрдөгч <ins>
өсөлтийг	өсөлт <acc>
тамгыг	тамга <acc>
солиорлын	солиорол <gen>
сэргээшнээс	сэргээш <abl>
ширээгээ	ширээ <voc>
намтартай	намтар <com>
маркаас	марк <abl>
тэргүүлэгчээс	тэргүүлэгч <abl>
сүргээс	сүрэг <abl>
янзтай	янз <com>
хасагдагчийн	хасагдагч <gen>
жолоочийг	жолооч <acc>
хэрэглэгчтэй	хэрэглэгч <com>
ихсээс	ихэс <abl>
архичнаа	архичин <voc>
түншээ	түнш <voc>
тавцанг	тавцан <acc>
мушгианы	мушгиа <gen>
цуглааны	цуглаан <gen>
сүүдрэвчээ	сүүдрэвч <voc>
ойлттой	ойлт <com>
тээрмээр	тээрэм <ins>
тэжээлийг	тэжээл <acc>
бамбарыг	бамбар <acc>
зээлд	зээл <dat>
залгамжлалаа	залгамжлал <voc>
хүчинд	хүчээр <dat>
цонхтой	цонх <com>
бөөлжсийг	бөөлжис <acc>
оюутныг	оюутан <acc>
донсолгоогоо	донсолгоо <voc>
дүнд	дүн <dat>
захиргаанаас	захиргаа <abl>
зорилгоор	зорилго <ins>
хэлэлцүүлэгтэй	хэлэлцүүлэг <com>
номлолоор	номлол <ins>
тавилангаар	тавилан <ins>
фонтыг	фонт <acc>
жорлонг	жорлон <acc>
интернэтээ	интернет <voc>
коллежоо	коллеж <voc>
дарцагт	дарцаг <dat>
явуулгатай	явуулга <com>
хакерын	хакер <gen>
хэлэнд	хэл <dat>
ерөнхийлөгчид	ерөнхийлөгч <dat>
цогцолборын	цогцолбор <gen>
үзэгчийг	үзэгч <acc>
жанжинд	жанжин <dat>
хандивтай	хандив <com>
үргэлжлэлээр	үргэлжлэл <ins>
завсарлагад	завсарлага <dat>
жинлүүрийг	жинлүүр <acc>
нийгмийн	нийгэм <gen>
бүлэгт	бүлэг <dat>
хэсгийн	хэсэг <gen>
хэрмийн	хэрэм <gen>
дарангуйлагчийг	дарангуйлагч <acc>
хэсэгт	хэсэг <dat>
гивлүүрийг	гивлүүр <acc>
ангиас	анги <abl>
мэргэний	мэргэ <gen>
оноонд	оноо <dat>
дэмжигчид	дэмжигч <dat>
зэсийг	зэс <acc>
давсыг	давс <acc>
үснээс	үс <abl>
бульдозероор	бульдозер <ins>
шүршүүрт	шүршүүр <dat>
худгаар	худаг <ins>
цэнгэлийг	цэнгэл <acc>
сандалтай	сандал <com>
сүйн	сүй <gen>
аргын	арга <gen>
жоотууг	жоотуу <acc>
нийлгийн	нийлэг <gen>
барменийг	бармен <acc>
таргалалтаас	таргалалт <abl>
тоосгоо	тоосго <voc>
хөвгүүнээр	хөвгүүн <ins>
өвчтөнд	өвчтөн <dat>
хязгаарыг	хязгаар <acc>
жорлонгоор	жорлон <ins>
хүчирхийллээ	хүчирхийлэл <voc>
дайралтын	дайралт <gen>
гуалингаа	гуалин <voc>
адмиралыг	адмирал <acc>
бясалгалаар	бясалгал <ins>
зодоонд	зодоон <dat>
гадаргаа	гадарга <voc>
авьяастнаа	авьяастан <voc>
бялдуучлалаа	бялдуучлал <voc>
хүчнээс	хүчээр <abl>
бөөгнөрөлтэй	бөөгнөрөл <com>
наалдцыг	наалдац <acc>
өргөлтөөр	өргөлт <ins>
суутгалын	суутгал <gen>
занганы	занга <gen>
радиогоос	радио <abl>
гадаргуугийн	гадаргуу <gen>
хэрэглээгээр	хэрэглээ <ins>
буланд	булан <dat>
биеллээс	биелэл <abl>
ялгалтын	ялгалт <gen>
санхүүчийг	санхүүч <acc>
цөсөөр	цөс <ins>
ялгаагаа	ялгаа <voc>
цирктэй	цирк <com>
сэрвээнд	сэрвээ <dat>
тохиролцооноос	тохиролцоо <abl>
тохироонд	тохироо <dat>
цэцэрлэгээс	цэцэрлэг <abl>
нийлгээс	нийлэг <abl>
геологийн	геологи <gen>
асуулттай	асуулт <com>
улирлаа	улирал <voc>
хөтчөөр	хөтөч <ins>
мэргэшлээс	мэргэшил <abl>
аягыг	аяга <acc>
тонуулыг	тонуул <acc>
гуалингаас	гуалин <abl>
зурвастай	зурвас <com>
хаягаа	хаяг <voc>
интернэтийн	интернет <gen>
үүдний	үүд <gen>
тунадсаа	тунадас <voc>
намгаар	намаг <ins>
ноёноо	ноён <voc>
тэнцэтгэлтэй	тэнцэтгэл <com>
хүүхэдтэй	хүүхэд <com>
үеэс	үе <abl>
зэмлэлийг	зэмлэл <acc>
хямралыг	хямрал <acc>
бэлгэдлийн	бэлгэдэл <gen>
нөмрөгөөр	нөмрөг <ins>
бурхнаа	бурхан <voc>
харамслыг	харамсал <acc>
хавчинд	хавч <dat>
үйлчилгээнээс	үйлчилгээ <abl>
хэрэгтэй	хэрэг <com>
үнсэлттэй	үнсэлт <com>
зогдроор	зогдор <ins>
баримтаар	баримт <ins>
ололтод	ололт <dat>
ажилчнаа	ажилчин <voc>
тэврэлтээс	тэврэлт <abl>
бахиар	бахь <ins>
романаар	роман <ins>
харилцуурын	харилцуур <gen>
тонуулд	тонуул <dat>
үргүйдлээр	үргүйдэл <ins>
шүршигчийн	шүршигч <gen>
шинэтгэлийг	шинэтгэл <acc>
сорилтоор	сорилт <ins>
анчнаа	анчин <voc>
хүдрийн	хүдэр <gen>
тэмдэглэгээний	тэмдэглэгээ <gen>
тэнцэтгэлийн	тэнцэтгэл <gen>
тэвчээрийг	тэвчээр <acc>
хориглолтын	хориглолт <gen>
тэлээнд	тэлээ <dat>
уншигчаас	уншигч <abl>
холгодсоор	холгодос <ins>
шүүлтээс	шүүлт <abl>
цооногоор	цооног <ins>
биллиардтай	биллиард <com>
илбэчний	илбэчин <gen>
тогтворжуулалтаас	тогтворжуулалт <abl>
чиргүүлтэй	чиргүүл <com>
хангалтын	хангалт <gen>
хөхийг	хөх <acc>
сэдвийг	сэдэв <acc>
атгатай	атга <com>
агаараас	агаар <abl>
тахлын	тахал <gen>
танкны	танк <gen>
угаалтуурыг	угаалтуур <acc>
шуналыг	шунал <acc>
өргөтгөлийн	өргөтгөл <gen>
цэнгүүнээр	цэнгүүн <ins>
нүдэнд	нүд <dat>
зохицуулалтын	зохицуулалт <gen>
мэнгийг	мэнгэ <acc>
огтлоосны	огтлоос <gen>
үйлдвэрлэгчээр	үйлдвэрлэгч <ins>
гашуудлаа	гашуудал <voc>
үндэслэлийг	үндэслэл <acc>
сонгиноор	сонгино <ins>
хуваагдагчаа	хуваагдагч <voc>
шүүгчийн	шүүгч <gen>
шрифтийн	шрифт <gen>
сурталчилгааны	сурталчилгааны <gen>
наймаачнаас	наймаачин <abl>
сүйгээс	сүй <abl>
дахилтаа	дахилт <voc>
логикоос	логик <abl>
холбоог	холбоо <acc>
бээлийд	бээлий <dat>
цувралаас	цуврал <abl>
заргаа	зарга <voc>
эзэмшилд	эзэмшил <dat>
эсрэгцлийн	эсрэгцэл <gen>
дагалдагчаа	дагалдагч <voc>
гийчний	гийчин <gen>
дагавраас	дагавар <abl>
нээлтээс	нээлт <abl>
маслонаас	масло <abl>
босуулаас	босуул <abl>
цочролтой	цочрол <com>
ордны	ордон <gen>
трамвайн	трамвай <gen>
цээжээ	цээж <voc>
болроос	болор <abl>
хүүхдийн	хүүхэд <gen>
уншигчаа	уншигч <voc>
нянд	нян <dat>
өнцөгт	өнцөг <dat>
уулзалттай	уулзалт <com>
инерцээс	инерц <abl>
санхүүгээс	санхүү <abl>
зохицуулагчаар	зохицуулагч <ins>
зохицуулагчаа	зохицуулагч <voc>
лавлахад	лавлах <dat>
тэмүүллийн	тэмүүлэл <gen>
босгоор	босго <ins>
компьютероо	компьютер <voc>
хадуураас	хадуур <abl>
компанитай	компани <com>
үерээ	үер <voc>
бохирдлыг	бохирдол <acc>
шингэлтээр	шингэлт <ins>
тогтворжуулалтаа	тогтворжуулалт <voc>
халбагатай	халбага <com>
гэгээрлээ	гэгээрэл <voc>
махлагийн	махлаг <gen>
тамгаа	тамга <voc>
чононоос	чоно <abl>
уранаар	уран <ins>
хавирганы	хавирга <gen>
этгээдэд	этгээд <dat>
хөлгөө	хөлөг <voc>
егөөтэй	егөө <com>
кабельд	кабель <dat>
хугарлын	хугарал <gen>
онолыг	онол <acc>
саналтай	санал <com>
заанаа	заан <voc>
чимэгт	чимэг <dat>
нэвтрүүлэгчээр	нэвтрүүлэгч <ins>
тайлбараас	тайлбар <abl>
эрдэмтэнтэй	эрдэмтэн <com>
асуудалтай	асуудал <com>
заагчид	заагч <dat>
өвчинд	өвчин <dat>
гөлөгнөөс	гөлөг <abl>
мөргөлдөөнд	мөргөлдөөн <dat>
мөнгөө	мөнгө <voc>
пальтог	пальто <acc>
егөөг	егөө <acc>
байгууламжид	байгууламж <dat>
графиктай	график <com>
нууцлалаас	нууцлал <abl>
буудлаа	буудал <voc>
байгууламжтай	байгууламж <com>
холестериноо	холестерин <voc>
хучлагатай	хучлага <com>
атирааны	атираа <gen>
зэмлэлээс	зэмлэл <abl>
синдромын	синдром <gen>
шийдвэрийн	шийдвэр <gen>
эрхшээлийн	эрхшээл <gen>
хөргүүрээс	хөргүүр <abl>
гаргийг	гараг <acc>
мөргөлөө	мөргөл <voc>
дархлаанаас	дархлаа <abl>
бичиглэлийн	бичиглэл <gen>
өчилтэй	өчил <com>
гадаргуугаа	гадаргуу <voc>
жуулчны	жуулчин <gen>
ерөнхийлөгчтэй	ерөнхийлөгч <com>
студид	студи <dat>
исгийг	исэг <acc>
түрээсийг	түрээс <acc>
дилерт	дилер <dat>
бүтээлийн	бүтээл <gen>
доройтлоос	доройтол <abl>
магтаалаа	магтаал <voc>
гадуурхлаас	гадуурхал <abl>
шувууг	шувуу <acc>
татварт	татвар <dat>
шударгаа	шударга <voc>
хийлийг	хийл <acc>
бадагт	бадаг <dat>
туулиар	тууль <ins>
ухаарлаар	ухаарал <ins>
гуяанд	гуя <dat>
хадгаламжийн	хадгаламж <gen>
адрыг	адар <acc>
шавхайгаа	шавхай <voc>
дүнзээр	дүнз <ins>
уулзварыг	уулзвар <acc>
үнэлгээтэй	үнэлгээ <com>
авианаас	авиа <abl>
эрхлэгчтэй	эрхлэгч <com>
бэхжилтэд	бэхжилт <dat>
амьтантай	амьтан <com>
егөөдөлд	егөөдөл <dat>
хувьсгалаа	хувьсгал <voc>
улаа	ул <voc>
стратегиар	стратеги <ins>
түлхүүрээр	түлхүүр <ins>
шохойн	шохой <gen>
савлууртай	савлуур <com>
хуваарьтай	хуваарь <com>
уйтгарыг	уйтгар <acc>
чихэртэй	чихэр <com>
манангаа	манан <voc>
нэхэмжлэгчээс	нэхэмжлэгч <abl>
ялгаврыг	ялгавар <acc>
голтой	гол <com>
авгалдайтай	авгалдай <com>
хоцрогдлоо	хоцрогдол <voc>
гахайтай	гахай <com>
заавраар	заавар <ins>
тамирчны	тамирчин <gen>
биллиардаа	биллиард <voc>
мансууралтай	мансуурал <com>
борлуулалтын	борлуулалт <gen>
зөвлөгөөнтэй	зөвлөгөөн <com>
гэдэсний	гэдэс <gen>
зоодойг	зоодой <acc>
ваарыг	ваар <acc>
тугалгыг	тугалга <acc>
хонхыг	хонх <acc>
тэсвэрээ	тэсвэр <voc>
хаягийг	хаяг <acc>
хаялтаас	хаялт <abl>
даяанд	даяан <dat>
тунхгаар	тунхаг <ins>
хожуулыг	хожуул <acc>
банзалтай	банзал <com>
луужингаар	луужин <ins>
бодолтод	бодолт <dat>
цуглаантай	цуглаан <com>
тамхичинд	тамхичин <dat>
үнэгтэй	үнэг <com>
үйлчлэгчтэй	үйлчлэгч <com>
эрхтэй	эрх <com>
ядаргааны	ядаргаа <gen>
цаасны	цаас <gen>
ханцуйнаас	ханцуй <abl>
сурагчаар	сурагч <ins>
уусмалаас	уусмал <abl>
азотоор	азот <ins>
сэнсэнд	сэнс <dat>
зураглалаар	зураглал <ins>
зэвсгээ	зэвсэг <voc>
эмэгчинтэй	эмэгчин <com>
өлсгөлөнгийн	өлсгөлөн <gen>
өдийг	өд <acc>
журмаар	журам <ins>
хошуучид	хошууч <dat>
чийдэнгээс	чийдэн <abl>
зөвлөмжөөр	зөвлөмж <ins>
янжуураар	янжуур <ins>
хонгоо	хонго <voc>
цоглогоос	цоглог <abl>
эндлийг	эндэл <acc>
оролцоог	оролцоо <acc>
оосортой	оосор <com>
тэнцэтгэлээс	тэнцэтгэл <abl>
цэцэгжүүлэлттэй	цэцэгжүүлэлт <com>
хямдралтай	хямдрал <com>
зэвээр	зэв <ins>
зөвлөлтэй	зөвлөл <com>
байршилд	байршил <dat>
мандолинд	мандолин <dat>
тайлбараар	тайлбар <ins>
хуваарилалтыг	хуваарилалт <acc>
сурагчийг	сурагч <acc>
морийг	морь <acc>
анхаарлаа	анхаарал <voc>
залхуурлаар	залхуурал <ins>
капсулаар	капсул <ins>
үртэсний	үртэс <gen>
царцааны	царцаа <gen>
эргүүлээр	эргүүл <ins>
хаалтаар	хаалт <ins>
үрлэгийг	үрлэг <acc>
чанарын	чанар <gen>
банзаар	банз <ins>
хөдөлмөрчний	хөдөлмөрчин <gen>
ходоодоо	ходоод <voc>
оёдлыг	оёдол <acc>
сархдад	сархад <dat>
тахианд	тахиа <dat>
эзлэгчийг	эзлэгч <acc>
илгээмжээ	илгээмж <voc>
онгоцтой	онгоц <com>
хиамны	хиам <gen>
ижилсэлтэй	ижилсэл <com>
зээрэнцэгт	зээрэнцэг <dat>
байлдааны	байлдаан <gen>
язгууртанд	язгууртан <dat>
яснаас	яс <abl>
илэрхийллийг	илэрхийлэл <acc>
индукцийг	индукц <acc>
ололтоос	ололт <abl>
хэлээ	хэл <voc>
давтамжаа	давтамж <voc>
танготой	танго <com>
цацрагийг	цацраг <acc>
тунадсанд	тунадас <dat>
сонирхогчийн	сонирхогчийн <gen>
статистиктай	статистик <com>
тоогоор	тоо <ins>
даруулыг	даруул <acc>
таамаглалаа	таамаглал <voc>
хийлчид	хийлч <dat>
бэлхүүсний	бэлхүүс <gen>
удирдамжид	удирдамж <dat>
голоос	гол <abl>
дэвшилд	дэвшил <dat>
боолын	боол <gen>
асуултаар	асуулт <ins>
төвлөрүүлэлтэд	төвлөрүүлэлт <dat>
ваараа	ваар <voc>
зөрчилдөөнөөр	зөрчилдөөн <ins>
тотемд	тотем <dat>
бэхжилтийг	бэхжилт <acc>
анчинд	анчин <dat>
урхиар	урхи <ins>
хүүтэй	хүү <com>
кафенаас	кафе <abl>
цаасанд	цаас <dat>
тамгатай	тамга <com>
ариутгалыг	ариутгал <acc>
дамжуулагчийг	дамжуулагч <acc>
суутгалаас	суутгал <abl>
дунгаар	дун <ins>
буурьтай	буурь <com>
ариутгалаар	ариутгал <ins>
доголдлын	доголдол <gen>
шүтэлцээгээ	шүтэлцээ <voc>
жичийн	жич <gen>
хийлчийг	хийлч <acc>
бөөгнөрлөөс	бөөгнөрөл <abl>
ярилцлагыг	ярилцлага <acc>
бүрдлээ	бүрдэл <voc>
линзээ	линз <voc>
зогсцоор	зогсоц <ins>
цуглаанаа	цуглаан <voc>
дадлагыг	дадлага <acc>
зүлгүүрээр	зүлгүүр <ins>
жичийг	жич <acc>
довоо	дов <voc>
сорилготой	сорилго <com>
үүлээр	үүл <ins>
мэдээтэй	мэдээ <com>
асфальтаас	асфальт <abl>
хөдөлмөрчинд	хөдөлмөрчин <dat>
дасгалжуулагчид	дасгалжуулагч <dat>
үгүйсгэлийг	үгүйсгэл <acc>
халдлагын	халдлага <gen>
шатнаас	шат <abl>
гэдсэнд	гэдэс <dat>
худгаас	худаг <abl>
үүсгэлийн	үүсгэл <gen>
зурлагаас	зурлага <abl>
дээрэмд	дээрэм <dat>
хэрчдэсийг	хэрчдэс <acc>
хүдэрт	хүдэр <dat>
угсралтаа	угсралт <voc>
үнэтэй	үнэ <com>
тагнуулыг	тагнуул <acc>
шүүрэлд	шүүрэл <dat>
буртгийн	буртаг <gen>
сонгинод	сонгино <dat>
дадлагад	дадлага <dat>
фокусаа	фокус <voc>
гэртэй	гэр <com>
даамжралд	даамжрал <dat>
гараа	гар <voc>
энгэрээр	энгэр <ins>
аваргатай	аварга <com>
кафегаар	кафе <ins>
өчлийг	өчил <acc>
тогтворжилтоо	тогтворжилт <voc>
дүрслэлийн	дүрслэл <gen>
вангаас	ван <abl>
хүнд	хүн <dat>
баяслаа	баясал <voc>
хөрөнгөтнөөр	хөрөнгөтөн <ins>
шингэлтэд	шингэлт <dat>
найзтай	найз <com>
тахианы	тахиа <gen>
даралтаас	даралт <abl>
санаачлагчийн	санаачлагч <gen>
даяанчаар	даяанч <ins>
түйвээнээс	түйвээн <abl>
донсолгоонд	донсолгоо <dat>
талхаа	талх <voc>
доголдлыг	доголдол <acc>
урилгыг	урилга <acc>
зэвсгийг	зэвсэг <acc>
жадтай	жад <com>
сульдааг	сульдаа <acc>
хурдатгалд	хурдатгал <dat>
өгзгөө	өгзөг <voc>
эгчийн	эгч <gen>
дүнтэй	дүн <com>
харьцаанаас	харьцаа <abl>
урсгалаар	урсгал <ins>
диаметрийг	диаметр <acc>
элчээс	элч <abl>
баталгааны	баталгаа <gen>
нөхвөртэй	нөхвөр <com>
дугтуйд	дугтуй <dat>
осолд	осол <dat>
удирдагчаас	удирдагч <abl>
хаягдлын	хаягдал <gen>
зарлагаас	зарлага <abl>
аяа	ая <voc>
амбицаар	амбиц <ins>
үйлчлүүлэгчийн	үйлчлүүлэгч <gen>
квадратаа	квадрат <voc>
бөгсөнд	бөгс <dat>
ичээтэй	ичээ <com>
жүржээс	жүрж <abl>
эзэмшигчээс	эзэмшигч <abl>
загасанд	загас <dat>
бадминтоноос	бадминтон <abl>
хуйлаасаа	хуйлаас <voc>
уурхайгаа	уурхай <voc>
нэгтгэлийг	нэгтгэл <acc>
нөхвөрөөр	нөхвөр <ins>
бахархлаас	бахархал <abl>
чихний	чих <gen>
биеийн	бие <gen>
чавганаас	чавга <abl>
арьсны	арьс <gen>
хөдөлгүүрээ	хөдөлгүүр <voc>
ээлжтэй	ээлж <com>
дархлаатай	дархлаа <com>
казиногоор	казино <ins>
луувангаа	лууван <voc>
шуудайд	шуудай <dat>
нөхөрлөлийг	нөхөрлөл <acc>
хувийг	хувь <acc>
үрлээс	үрэл <abl>
сүнсээс	сүнс <abl>
тайрдсаар	тайрдас <ins>
гадаргад	гадарга <dat>
хардалтаас	хардалт <abl>
үнэлэлттэй	үнэлэлт <com>
зохицуулагчаас	зохицуулагч <abl>
конустай	конус <com>
бугатай	буга <com>
нүхтэй	нүх <com>
мөрөөдлөөр	мөрөөдөл <ins>
хөвгүүний	хөвгүүн <gen>
анализаа	анализ <voc>
тамхины	тамхи <gen>
цавинаас	цавь <abl>
таваас	тав <abl>
шээсэнд	шээс <dat>
галзууралтай	галзуурал <com>
дунгаа	дун <voc>
аринаас	ари <abl>
будагтай	будаг <com>
хангамжийн	хангамж <gen>
романтай	роман <com>
ташуурын	ташуур <gen>
тэнгэрээ	тэнгэр <voc>
цомоос	цом <abl>
судлагчаар	судлагч <ins>
үүсвэрээ	үүсвэр <voc>
маягаа	маяг <voc>
бүлэглэлийг	бүлэглэл <acc>
оноор	он <ins>
ясаар	яс <ins>
адилслын	адилсал <gen>
дэлбэрэлтийн	дэлбэрэлт <gen>
зэргийг	зэрэг <acc>
оролцооноос	оролцоо <abl>
хониноос	хонь <abl>
гуйлгачныг	гуйлгачин <acc>
онцлогтой	онцлог <com>
хашлаганаас	хашлага <abl>
шуудайн	шуудай <gen>
нахиагаа	нахиа <voc>
хуягт	хуяг <dat>
жолооны	жолоо <gen>
хардлагатай	хардлага <com>
жуулчинд	жуулчин <dat>
өмчөөс	өмч <abl>
томьёогоор	томьёо <ins>
хуурайгаа	хуурай <voc>
дүрмийг	дүрэм <acc>
байцаагчаас	байцаагч <abl>
цагцгайнаас	цагцгай <abl>
хөргөөс	хөрөг <abl>
шонгоо	шон <voc>
гахайн	гахай <gen>
радиусын	радиус <gen>
нөхрөөс	нөхөр <abl>
тусгалаар	тусгал <ins>
барааны	бараа <gen>
өгүүлбэрийн	өгүүлбэр <gen>
нуруунаас	нуруу <abl>
бүлэглэлээ	бүлэглэл <voc>
дискээ	диск <voc>
мастерт	мастер <dat>
хэсгээ	хэсэг <voc>
нөлөөгөө	нөлөө <voc>
давхраатай	давхраа <com>
казиног	казино <acc>
тоглогчийн	тоглогч <gen>
завиа	завь <voc>
уншлагаас	уншлага <abl>
тайлбарлагчаас	тайлбарлагч <abl>
тайлбарлагчаар	тайлбарлагч <ins>
жорын	жор <gen>
төгсгөлтэй	төгсгөл <com>
ихэст	ихэс <dat>
хувьцаагаа	хувьцаа <voc>
үсчнээ	үсчин <voc>
самнаас	сам <abl>
орлогыг	орлого <acc>
теннисний	теннис <gen>
хоншоороос	хоншоор <abl>
эцгээр	эцэг <ins>
хаалгаар	хаалга <ins>
лааны	лаа <gen>
хаалгачаа	хаалгач <voc>
үйлдлийг	үйлдэл <acc>
соронзоор	соронз <ins>
өгөөшнөөс	өгөөш <abl>
элгэнд	элэг <dat>
тангаргаас	тангараг <abl>
арьсыг	арьс <acc>
бодролд	бодрол <dat>
заагаа	зааг <voc>
чимээнд	чимээ <dat>
царцаагаа	царцаа <voc>
хөвөнтэй	хөвөн <com>
бослогоор	бослого <ins>
статистикаа	статистик <voc>
аяыг	ая <acc>
хадгаламжаас	хадгаламж <abl>
генералыг	генерал <acc>
хязгаараа	хязгаар <voc>
жилээр	жил <ins>
жороос	жор <abl>
мэнгэтэй	мэнгэ <com>
хайрцагт	хайрцаг <dat>
чимхүүрийн	чимхүүр <gen>
цэргийн	цэрэг <gen>
тосгуураа	тосгуур <voc>
ахицад	ахиц <dat>
харьцаатай	харьцаа <com>
ястнаар	ястан <ins>
зарчмаар	зарчим <ins>
улнаас	ул <abl>
үтрээгээ	үтрээ <voc>
оргодлоос	оргодол <abl>
наймаачнаа	наймаачин <voc>
төртэй	төр <com>
тангонд	танго <dat>
бугаа	буга <voc>
үнсэлтээс	үнсэлт <abl>
зангаатай	зангаа <com>
зурагчныг	зурагчин <acc>
хураангуйтай	хураангуй <com>
ноёрхолд	ноёрхол <dat>
сургамжаас	сургамж <abl>
устгагчид	устгагч <dat>
урд	ур <dat>
тэврэлтийг	тэврэлт <acc>
эрдэнэст	эрдэнэс <dat>
амжилтын	амжилт <gen>
мангасын	мангас <gen>
нахиатай	нахиа <com>
бүрдэлд	бүрдэл <dat>
хутгыг	хутга <acc>
эшлэлийн	эшлэл <gen>
дусалтай	дусал <com>
уусмалаар	уусмал <ins>
шуламд	шулам <dat>
лакийг	лак <acc>
аваар	ав <ins>
үргүйдлийн	үргүйдэл <gen>
очинд	оч <dat>
захирамжийг	захирамж <acc>
чичирхийллийн	чичирхийлэл <gen>
бариачид	бариач <dat>
үгэнд	үг <dat>
гүтгэлгийн	гүтгэлэг <gen>
араанд	араа <dat>
дасгалжуулагчаар	дасгалжуулагч <ins>
амлалттай	амлалт <com>
мөрдөлтийн	мөрдөлт <gen>
огторгуйг	огторгуй <acc>
байршлаар	байршил <ins>
ховсоо	ховс <voc>
үнэрээр	үнэр <ins>
бөндгөрийг	бөндгөр <acc>
асуудалд	асуудал <dat>
цөөрөмд	цөөрөм <dat>
хэрэгтнээ	хэрэгтэн <voc>
лууны	луу <gen>
тэнүүлээр	тэнүүл <ins>
гунигийг	гуниг <acc>
дээсийг	дээс <acc>
гэмтлээ	гэмтэл <voc>
шууданчтай	шууданч <com>
туультай	тууль <com>
дохиоллын	дохиолол <gen>
дэвтэрт	дэвтэр <dat>
арилжааг	арилжаа <acc>
мөлжлөгөөр	мөлжлөг <ins>
богцыг	богц <acc>
дагалдагчийн	дагалдагч <gen>
салалтаас	салалт <abl>
хаягийн	хаяг <gen>
холбооны	холбоо <gen>
тунхаглалыг	тунхаглал <acc>
маркетингийн	маркетинг <gen>
ноёрхлоор	ноёрхол <ins>
инээдмээр	инээдэм <ins>
гишүүний	гишүүн <gen>
социализмыг	социализм <acc>
тэнгэртэй	тэнгэр <com>
сурагчид	сурагч <dat>
зөнгөөс	зөн <abl>
эргэцүүлэлтэй	эргэцүүлэл <com>
компаниар	компани <ins>
генералаа	генерал <voc>
бодолтой	бодол <com>
таамагт	таамаг <dat>
хүчирхийлэлд	хүчирхийлэл <dat>
эрдэнэсийг	эрдэнэс <acc>
шпагеттийг	шпагетти <acc>
хүслээр	хүсэл <ins>
имээ	им <voc>
хүйтнээс	хүйтэн <abl>
тавилгатай	тавилга <com>
ханшийг	ханш <acc>
аянгаа	аянга <voc>
компьютертой	компьютер <com>
гоёлд	гоёл <dat>
хувьсгагчийг	хувьсгагч <acc>
коллежийн	коллеж <gen>
урхитай	урхи <com>
тэвчээрт	тэвчээр <dat>
наадгайтай	наадгай <com>
азотын	азот <gen>
багтаамжаар	багтаамж <ins>
экологийн	экологи <gen>
үлдэгдэлд	үлдэгдэл <dat>
цацрагтай	цацраг <com>
мориноос	морь <abl>
горхинд	горхи <dat>
исэлтийн	исэлт <gen>
нягтаршлын	нягтаршил <gen>
үзэмтэй	үзэм <com>
хэлэхүйгээр	хэлэхүй <ins>
хөгжмөөр	хөгжим <ins>
сэлгээний	сэлгээ <gen>
хөдсөөр	хөдөс <ins>
эрхшээлээ	эрхшээл <voc>
эрхлэгчид	эрхлэгч <dat>
цахирмааг	цахирмаа <acc>
шохойд	шохой <dat>
мөөгөөр	мөөг <ins>
драмаар	драм <ins>
зурхайгаа	зурхай <voc>
бөндгөрөө	бөндгөр <voc>
өөрчлөлтөд	өөрчлөлт <dat>
сахиусаар	сахиус <ins>
хэвлэгчээр	хэвлэгч <ins>
хүндээс	хүнд <abl>
хүслэнгээ	хүслэн <voc>
лоозонд	лоозон <dat>
уриалгатай	уриалга <com>
дизайнераа	дизайнер <voc>
хурдасгуурыг	хурдасгуур <acc>
маргаанд	маргаан <dat>
өргөргөөр	өргөрөг <ins>
теннисийг	теннис <acc>
гүнждээс	гүнжид <abl>
давтамжаар	давтамж <ins>
сэжгээс	сэжиг <abl>
бичиглэлтэй	бичиглэл <com>
шарилаас	шарил <abl>
дүрстэй	дүрс <com>
тэнгисээр	тэнгис <ins>
урилгатай	урилга <com>
хувьсгагчаа	хувьсгагч <voc>
гохоор	гох <ins>
өмсгөлд	өмсгөл <dat>
булдрууг	булдруу <acc>
хэвшлийг	хэвшил <acc>
оролцоогоо	оролцоо <voc>
төлбөртэй	төлбөр <com>
өгүүлбэртэй	өгүүлбэр <com>
бэрээр	бэр <ins>
залгааг	залгаа <acc>
томоос	том <abl>
үртсэнд	үртэс <dat>
сүйтгэгчтэй	сүйтгэгч <com>
сорилгоос	сорилго <abl>
дэвшлийн	дэвшил <gen>
огторгуйн	огторгуй <gen>
махлагтай	махлаг <com>
нүдээс	нүд <abl>
цементтэй	цемент <com>
цэнэглэгчид	цэнэглэгч <dat>
барьцалдааг	барьцалдаа <acc>
хөдөлмөрчнөөр	хөдөлмөрчин <ins>
бүлгийг	бүлэг <acc>
судлаачаа	судлаач <voc>
жилийн	жил <gen>
бэлгэдлээ	бэлгэдэл <voc>
хаялтын	хаялт <gen>
сэжигтэнтэй	сэжигтэн <com>
титмээр	титэм <ins>
улаар	ул <ins>
хэмжүүрээс	хэмжүүр <abl>
залгамжлалаас	залгамжлал <abl>
дамыг	дам <acc>
зөгийгөөр	зөгий <ins>
сорилгын	сорилго <gen>
мөрдлөгийн	мөрдлөг <gen>
индукцэд	индукц <dat>
танилцуулгаа	танилцуулга <voc>
өвөлд	өвөл <dat>
хамелеоныг	хамелеон <acc>
цавинд	цавь <dat>
суултуурт	суултуур <dat>
удмаар	удам <ins>
амьсгалыг	амьсгал <acc>
цомгоор	цомог <ins>
хувирлыг	хувирал <acc>
цочролоо	цочрол <voc>
сүсгээ	сүсэг <voc>
цооногоо	цооног <voc>
майонезад	майонез <dat>
майонезаас	майонез <abl>
мөчрөөр	мөчир <ins>
барианд	бариа <dat>
ирмэгийг	ирмэг <acc>
шохойгоо	шохой <voc>
инженертэй	инженер <com>
шөлөө	шөл <voc>
уулын	уул <gen>
боргиогоо	боргио <voc>
байлдагчаа	байлдагч <voc>
томилгоогоо	томилгоо <voc>
тулаанаас	тулаан <abl>
шард	шар <dat>
захиаг	захиа <acc>
үзэсгэлэнд	үзэсгэлэн <dat>
улсыг	улс <acc>
ботаникийг	ботаник <acc>
зотонгоор	зотон <ins>
хөөрөлтийг	хөөрөлт <acc>
шинжлэгчид	шинжлэгч <dat>
харилцуурыг	харилцуур <acc>
дарангуйлагчаар	дарангуйлагч <ins>
нөхөөсний	нөхөөс <gen>
элчийг	элч <acc>
сорилгыг	сорилго <acc>
баяслыг	баясал <acc>
бөөгнөрлөөр	бөөгнөрөл <ins>
мэхлэгчийн	мэхлэгч <gen>
утгад	утга <dat>
саатлын	саатал <gen>
хуудсаар	хуудас <ins>
өрцтэй	өрц <com>
мэдээлэлтэй	мэдээлэл <com>
сүрдүүлгийн	сүрдүүлэг <gen>
харьяаллаа	харьяалал <voc>
фронтоос	фронт <abl>
дүүжлүүрээс	дүүжлүүр <abl>
очоор	оч <ins>
дарлалын	дарлал <gen>
өгөөшөө	өгөөш <voc>
сэрвээний	сэрвээ <gen>
хэвлэгчээс	хэвлэгч <abl>
тээвэрлэлтийн	тээвэрлэлт <gen>
эрэгт	эрэг <dat>
хөтлөгчөөс	хөтлөгч <abl>
ургамлаа	ургамал <voc>
судраа	судар <voc>
худалдаачнаас	худалдаачин <abl>
тоглоомоо	тоглоом <voc>
хийлээ	хийл <voc>
банзлын	банзал <gen>
зайрмагаар	зайрмаг <ins>
этгээдийн	этгээд <gen>
сүлбэлдээнээр	сүлбэлдээн <ins>
жигнэмгээ	жигнэмэг <voc>
үйлчлэлийн	үйлчлэл <gen>
егөөнд	егөө <dat>
гийгүүлэгчээр	гийгүүлэгч <ins>
бэлтгэлд	бэлтгэл <dat>
зураглаачийг	зураглаач <acc>
тэмцэгчийг	тэмцэгч <acc>
шугамын	шугам <gen>
гэрлэлтэд	гэрлэлт <dat>
ганцаардлын	ганцаардал <gen>
булантай	булан <com>
чимээний	чимээ <gen>
ганцаардалд	ганцаардал <dat>
түйвээний	түйвээн <gen>
гэрлэлтээр	гэрлэлт <ins>
атаархлын	атаархал <gen>
фонтод	фонт <dat>
гуалингийн	гуалин <gen>
атирааг	атираа <acc>
залбирлын	залбирал <gen>
хэрүүлийг	хэрүүл <acc>
хулганад	хулгана <dat>
хормойгоо	хормой <voc>
судлаас	судал <abl>
тосгуурын	тосгуур <gen>
зугаалгатай	зугаалга <com>
хойгтой	хойг <com>
тариагаа	тариа <voc>
оройн	орой <gen>
кофейноос	кофейн <abl>
урцтай	урц <com>
атомыг	атом <acc>
тохууг	тохуу <acc>
хөөрөлтөөр	хөөрөлт <ins>
таамаглалаас	таамаглал <abl>
бөөгнөрлийн	бөөгнөрөл <gen>
түгшүүрээс	түгшүүр <abl>
бэртэй	бэр <com>
ерөнхийлөгчөөс	ерөнхийлөгч <abl>
сүнсийг	сүнс <acc>
биеллээ	биелэл <voc>
гэрчээс	гэрч <abl>
молекулд	молекул <dat>
нийлгийг	нийлэг <acc>
дүүжлүүрийн	дүүжлүүр <gen>
устгалын	устгал <gen>
ижилслээр	ижилсэл <ins>
гөлгөөр	гөлөг <ins>
зэвүүцлээс	зэвүүцэл <abl>
оролдлогоо	оролдлого <voc>
жодоогоор	жодоо <ins>
мэдээллээ	мэдээлэл <voc>
загасны	загас <gen>
гаригаас	гариг <abl>
горхиор	горхи <ins>
исэгтэй	исэг <com>
янхны	янхан <gen>
шүүмжээр	шүүмж <ins>
исэлдэлтээр	исэлдэлт <ins>
хамтралын	хамтрал <gen>
зураасны	зураас <gen>
даамжралтай	даамжрал <com>
санхүүчээс	санхүүч <abl>
өсөлтөөс	өсөлт <abl>
өчигдрийг	өчигдөр <acc>
энгэсгээ	энгэсэг <voc>
өдний	өд <gen>
цогцолборыг	цогцолбор <acc>
үзэмжийн	үзэмж <gen>
хамсаатнаас	хамсаатан <abl>
хамтралыг	хамтрал <acc>
явдлаас	явдал <abl>
интернэттэй	интернет <com>
хорслоор	хорсол <ins>
шүлэгчид	шүлэгч <dat>
хоньчноос	хоньчин <abl>
хүндэтгэлийн	хүндэтгэл <gen>
уншлагатай	уншлага <com>
ханцуйн	ханцуй <gen>
кассны	касс <gen>
судлаачийг	судлаач <acc>
энгэрээ	энгэр <voc>
дуализмыг	дуализм <acc>
угтвартай	угтвар <com>
байгальтай	байгаль <com>
эргүүлээс	эргүүл <abl>
ордонтой	ордон <com>
мэргэжилтэнд	мэргэжилтэн <dat>
босгоос	босго <abl>
нөмрөгөө	нөмрөг <voc>
хөнгөлөлттэй	хөнгөлөлт <com>
бодисыг	бодис <acc>
нэрээс	нэр <abl>
үрийг	үр <acc>
охиныг	охин <acc>
хуйлаасаар	хуйлаас <ins>
гурвалаар	гурвал <ins>
тасалбарыг	тасалбар <acc>
битүүлгээ	битүүлэг <voc>
давтамжтай	давтамж <com>
семинарт	семинар <dat>
тахлаас	тахал <abl>
ачлалтай	ачлал <com>
бондын	бонд <gen>
даяанаар	даяан <ins>
нийгмийг	нийгэм <acc>
хавтсаа	хавтас <voc>
богцонд	богц <dat>
чөлөөлөлтийг	чөлөөлөлт <acc>
лакаас	лак <abl>
цуглуулагчаа	цуглуулагч <voc>
заавраас	заавар <abl>
нимбэгээс	нимбэг <abl>
кинонд	кино <dat>
захирамжтай	захирамж <com>
сүртэй	сүр <com>
чивчүүртэй	чивчүүр <com>
имээр	им <ins>
тайланг	тайлан <acc>
хувилбарт	хувилбар <dat>
хадаасны	хадаас <gen>
туслагчтай	туслагч <com>
захиатай	захиа <com>
бүрэлбаагаар	бүрэлбаа <ins>
нэхэмжлэгчтэй	нэхэмжлэгч <com>
цөлд	цөл <dat>
намтраа	намтар <voc>
огтлолцлоор	огтлолцол <ins>
чамархайд	чамархай <dat>
тагтааг	тагтаа <acc>
гэлэнмаад	гэлэнмаа <dat>
уртрагаар	уртраг <ins>
хүртвэрээ	хүртвэр <voc>
бичээчийг	бичээч <acc>
харшилдааны	харшилдаан <gen>
хариултад	хариулт <dat>
хонио	хонь <voc>
уурхайд	уурхай <dat>
зохиогчийн	зохиогч <gen>
костюмд	костюм <dat>
уусмалын	уусмал <gen>
адмиралд	адмирал <dat>
нооргоо	ноорог <voc>
өргөтгөлөөр	өргөтгөл <ins>
цөхрөлөөс	цөхрөл <abl>
тохиос	тохь <abl>
дэмжлэгийн	дэмжлэг <gen>
харилцуураа	харилцуур <voc>
цувааны	цуваа <gen>
цохиотой	цохио <com>
тоосгоны	тоосго <gen>
бүргэдэд	бүргэд <dat>
нийгэмлэгээ	нийгэмлэг <voc>
аэробикийг	аэробик <acc>
хошинтой	хошин <com>
бахархлын	бахархал <gen>
талийгчаа	талийгч <voc>
үзүүрт	үзүүр <dat>
мэргээ	мэргэ <voc>
савлуураас	савлуур <abl>
чигийн	чиг <gen>
бөмбөрт	бөмбөр <dat>
гялбаанд	гялбаа <dat>
боржингоор	боржин <ins>
арифметиктай	арифметик <com>
билетийг	билет <acc>
өмгөөлөгчөөр	өмгөөлөгч <ins>
эрэгчнийг	эрэгчин <acc>
хясааны	хясаа <gen>
удиртгалаас	удиртгал <abl>
ёзоортой	ёзоор <com>
олсны	олс <gen>
энгэсэгтэй	энгэсэг <com>
өргөтгөлөө	өргөтгөл <voc>
хөдөлгүүрээс	хөдөлгүүр <abl>
бичилтээ	бичилт <voc>
шийдийн	шийд <gen>
үтрээний	үтрээ <gen>
лавлагаанд	лавлагаа <dat>
эзэмшлээ	эзэмшил <voc>
улстай	улс <com>
тохируулгаар	тохируулга <ins>
